Started vcso.service - vllm-coldstart-operator (item-4 GPU session).
[2m2026-07-23T17:29:08.546031Z[0m [32m INFO[0m [2mvllm_coldstart_operator[0m[2m:[0m starting vllm-coldstart-operator controller
[2m2026-07-23T17:29:08.546118Z[0m [32m INFO[0m [2mvllm_coldstart_operator::http[0m[2m:[0m metrics server listening on 0.0.0.0:8080
[2m2026-07-23T17:29:08.546157Z[0m [32m INFO[0m [2mvllm_coldstart_operator::fleet_controller[0m[2m:[0m starting fleet controller
[2m2026-07-23T17:59:50.258280Z[0m [32m INFO[0m [2mvllm_coldstart_operator::fleet_controller[0m[2m:[0m reconciling FleetService 'exp-fleet' in 'default': model=Qwen/Qwen2.5-7B-Instruct replicas=1
[2m2026-07-23T17:59:51.215223Z[0m [32m INFO[0m [2mvllm_coldstart_operator[0m[2m:[0m reconciling VllmService 'exp-fleet-0' in 'default': model=Qwen/Qwen2.5-7B-Instruct replicas=1 strategy=Eager
[2m2026-07-23T17:59:51.216712Z[0m [32m INFO[0m [2mvllm_coldstart_operator::fleet_controller[0m[2m:[0m FleetService 'exp-fleet': 1 slots placed (0 preserved, 1 newly planned) across 3 candidates
[2m2026-07-23T17:59:51.216866Z[0m [32m INFO[0m [2mvllm_coldstart_operator::fleet_controller[0m[2m:[0m reconciled FleetService exp-fleet
[2m2026-07-23T17:59:51.216901Z[0m [32m INFO[0m [2mvllm_coldstart_operator::fleet_controller[0m[2m:[0m reconciling FleetService 'exp-fleet' in 'default': model=Qwen/Qwen2.5-7B-Instruct replicas=1
[2m2026-07-23T17:59:51.272744Z[0m [32m INFO[0m [2mvllm_coldstart_operator[0m[2m:[0m status of 'exp-fleet-0' -> Pending (0/1 ready)
[2m2026-07-23T17:59:51.272801Z[0m [32m INFO[0m [2mvllm_coldstart_operator[0m[2m:[0m reconciled exp-fleet-0
[2m2026-07-23T17:59:51.272826Z[0m [32m INFO[0m [2mvllm_coldstart_operator[0m[2m:[0m reconciling VllmService 'exp-fleet-0' in 'default': model=Qwen/Qwen2.5-7B-Instruct replicas=1 strategy=Eager
[2m2026-07-23T17:59:51.278579Z[0m [32m INFO[0m [2mvllm_coldstart_operator::fleet_controller[0m[2m:[0m FleetService 'exp-fleet': 1 slots placed (1 preserved, 0 newly planned) across 3 candidates
[2m2026-07-23T17:59:51.278638Z[0m [32m INFO[0m [2mvllm_coldstart_operator::fleet_controller[0m[2m:[0m reconciled FleetService exp-fleet
[2m2026-07-23T17:59:51.278661Z[0m [32m INFO[0m [2mvllm_coldstart_operator::fleet_controller[0m[2m:[0m reconciling FleetService 'exp-fleet' in 'default': model=Qwen/Qwen2.5-7B-Instruct replicas=1
[2m2026-07-23T17:59:51.280680Z[0m [32m INFO[0m [2mvllm_coldstart_operator[0m[2m:[0m status of 'exp-fleet-0' -> Pending (0/1 ready)
[2m2026-07-23T17:59:51.280729Z[0m [32m INFO[0m [2mvllm_coldstart_operator[0m[2m:[0m reconciled exp-fleet-0
[2m2026-07-23T17:59:51.280759Z[0m [32m INFO[0m [2mvllm_coldstart_operator[0m[2m:[0m reconciling VllmService 'exp-fleet-0' in 'default': model=Qwen/Qwen2.5-7B-Instruct replicas=1 strategy=Eager
[2m2026-07-23T17:59:51.288045Z[0m [32m INFO[0m [2mvllm_coldstart_operator[0m[2m:[0m status of 'exp-fleet-0' -> Pending (0/1 ready)
[2m2026-07-23T17:59:51.288085Z[0m [32m INFO[0m [2mvllm_coldstart_operator[0m[2m:[0m reconciled exp-fleet-0
[2m2026-07-23T17:59:51.510587Z[0m [32m INFO[0m [2mvllm_coldstart_operator[0m[2m:[0m reconciling VllmService 'exp-fleet-0' in 'default': model=Qwen/Qwen2.5-7B-Instruct replicas=1 strategy=Eager
[2m2026-07-23T17:59:51.518099Z[0m [32m INFO[0m [2mvllm_coldstart_operator[0m[2m:[0m status of 'exp-fleet-0' -> Pending (0/1 ready)
[2m2026-07-23T17:59:51.518161Z[0m [32m INFO[0m [2mvllm_coldstart_operator[0m[2m:[0m reconciled exp-fleet-0
[2m2026-07-23T17:59:51.860037Z[0m [32m INFO[0m [2mvllm_coldstart_operator::fleet_controller[0m[2m:[0m FleetService 'exp-fleet': 1 slots placed (1 preserved, 0 newly planned) across 3 candidates
[2m2026-07-23T17:59:51.860110Z[0m [32m INFO[0m [2mvllm_coldstart_operator::fleet_controller[0m[2m:[0m reconciled FleetService exp-fleet
[2m2026-07-23T17:59:56.519941Z[0m [32m INFO[0m [2mvllm_coldstart_operator[0m[2m:[0m reconciling VllmService 'exp-fleet-0' in 'default': model=Qwen/Qwen2.5-7B-Instruct replicas=1 strategy=Eager
[2m2026-07-23T17:59:56.530194Z[0m [32m INFO[0m [2mvllm_coldstart_operator[0m[2m:[0m status of 'exp-fleet-0' -> Pending (0/1 ready)
[2m2026-07-23T17:59:56.530283Z[0m [32m INFO[0m [2mvllm_coldstart_operator[0m[2m:[0m reconciled exp-fleet-0
[2m2026-07-23T17:59:56.927867Z[0m [32m INFO[0m [2mvllm_coldstart_operator::fleet_controller[0m[2m:[0m reconciling FleetService 'exp-fleet' in 'default': model=Qwen/Qwen2.5-7B-Instruct replicas=1
[2m2026-07-23T17:59:57.180647Z[0m [32m INFO[0m [2mvllm_coldstart_operator::fleet_controller[0m[2m:[0m FleetService 'exp-fleet': 1 slots placed (1 preserved, 0 newly planned) across 3 candidates
[2m2026-07-23T17:59:57.180720Z[0m [32m INFO[0m [2mvllm_coldstart_operator::fleet_controller[0m[2m:[0m reconciled FleetService exp-fleet
[2m2026-07-23T17:59:57.180742Z[0m [32m INFO[0m [2mvllm_coldstart_operator::fleet_controller[0m[2m:[0m reconciling FleetService 'exp-fleet' in 'default': model=Qwen/Qwen2.5-7B-Instruct replicas=1
[2m2026-07-23T17:59:58.217409Z[0m [32m INFO[0m [2mvllm_coldstart_operator::fleet_controller[0m[2m:[0m FleetService 'exp-fleet': 1 slots placed (1 preserved, 0 newly planned) across 3 candidates
[2m2026-07-23T17:59:58.217487Z[0m [32m INFO[0m [2mvllm_coldstart_operator::fleet_controller[0m[2m:[0m reconciled FleetService exp-fleet
[2m2026-07-23T17:59:58.217512Z[0m [32m INFO[0m [2mvllm_coldstart_operator::fleet_controller[0m[2m:[0m reconciling FleetService 'exp-fleet' in 'default': model=Qwen/Qwen2.5-7B-Instruct replicas=1
[2m2026-07-23T17:59:58.225437Z[0m [32m INFO[0m [2mvllm_coldstart_operator::fleet_controller[0m[2m:[0m FleetService 'exp-fleet': 1 slots placed (1 preserved, 0 newly planned) across 3 candidates
[2m2026-07-23T17:59:58.225490Z[0m [32m INFO[0m [2mvllm_coldstart_operator::fleet_controller[0m[2m:[0m reconciled FleetService exp-fleet
[2m2026-07-23T18:00:01.532007Z[0m [32m INFO[0m [2mvllm_coldstart_operator[0m[2m:[0m reconciling VllmService 'exp-fleet-0' in 'default': model=Qwen/Qwen2.5-7B-Instruct replicas=1 strategy=Eager
[2m2026-07-23T18:00:01.541849Z[0m [32m INFO[0m [2mvllm_coldstart_operator[0m[2m:[0m status of 'exp-fleet-0' -> Pending (0/1 ready)
[2m2026-07-23T18:00:01.541952Z[0m [32m INFO[0m [2mvllm_coldstart_operator[0m[2m:[0m reconciled exp-fleet-0
[2m2026-07-23T18:00:06.543089Z[0m [32m INFO[0m [2mvllm_coldstart_operator[0m[2m:[0m reconciling VllmService 'exp-fleet-0' in 'default': model=Qwen/Qwen2.5-7B-Instruct replicas=1 strategy=Eager
[2m2026-07-23T18:00:06.551604Z[0m [32m INFO[0m [2mvllm_coldstart_operator[0m[2m:[0m status of 'exp-fleet-0' -> Pending (0/1 ready)
[2m2026-07-23T18:00:06.551674Z[0m [32m INFO[0m [2mvllm_coldstart_operator[0m[2m:[0m reconciled exp-fleet-0
[2m2026-07-23T18:00:11.553459Z[0m [32m INFO[0m [2mvllm_coldstart_operator[0m[2m:[0m reconciling VllmService 'exp-fleet-0' in 'default': model=Qwen/Qwen2.5-7B-Instruct replicas=1 strategy=Eager
[2m2026-07-23T18:00:11.561824Z[0m [32m INFO[0m [2mvllm_coldstart_operator[0m[2m:[0m status of 'exp-fleet-0' -> Pending (0/1 ready)
[2m2026-07-23T18:00:11.561941Z[0m [32m INFO[0m [2mvllm_coldstart_operator[0m[2m:[0m reconciled exp-fleet-0
[2m2026-07-23T18:00:11.943967Z[0m [32m INFO[0m [2mvllm_coldstart_operator::fleet_controller[0m[2m:[0m reconciling FleetService 'exp-fleet' in 'default': model=Qwen/Qwen2.5-7B-Instruct replicas=1
[2m2026-07-23T18:00:12.199157Z[0m [32m INFO[0m [2mvllm_coldstart_operator::fleet_controller[0m[2m:[0m FleetService 'exp-fleet': 1 slots placed (1 preserved, 0 newly planned) across 3 candidates
[2m2026-07-23T18:00:12.199223Z[0m [32m INFO[0m [2mvllm_coldstart_operator::fleet_controller[0m[2m:[0m reconciled FleetService exp-fleet
[2m2026-07-23T18:00:12.199246Z[0m [32m INFO[0m [2mvllm_coldstart_operator::fleet_controller[0m[2m:[0m reconciling FleetService 'exp-fleet' in 'default': model=Qwen/Qwen2.5-7B-Instruct replicas=1
[2m2026-07-23T18:00:12.337115Z[0m [32m INFO[0m [2mvllm_coldstart_operator::fleet_controller[0m[2m:[0m FleetService 'exp-fleet': 1 slots placed (1 preserved, 0 newly planned) across 3 candidates
[2m2026-07-23T18:00:12.337185Z[0m [32m INFO[0m [2mvllm_coldstart_operator::fleet_controller[0m[2m:[0m reconciled FleetService exp-fleet
[2m2026-07-23T18:00:12.337212Z[0m [32m INFO[0m [2mvllm_coldstart_operator::fleet_controller[0m[2m:[0m reconciling FleetService 'exp-fleet' in 'default': model=Qwen/Qwen2.5-7B-Instruct replicas=1
[2m2026-07-23T18:00:14.218786Z[0m [32m INFO[0m [2mvllm_coldstart_operator::fleet_controller[0m[2m:[0m FleetService 'exp-fleet': 1 slots placed (1 preserved, 0 newly planned) across 3 candidates
[2m2026-07-23T18:00:14.218860Z[0m [32m INFO[0m [2mvllm_coldstart_operator::fleet_controller[0m[2m:[0m reconciled FleetService exp-fleet
[2m2026-07-23T18:00:16.563403Z[0m [32m INFO[0m [2mvllm_coldstart_operator[0m[2m:[0m reconciling VllmService 'exp-fleet-0' in 'default': model=Qwen/Qwen2.5-7B-Instruct replicas=1 strategy=Eager
[2m2026-07-23T18:00:16.572641Z[0m [32m INFO[0m [2mvllm_coldstart_operator[0m[2m:[0m status of 'exp-fleet-0' -> Pending (0/1 ready)
[2m2026-07-23T18:00:16.572711Z[0m [32m INFO[0m [2mvllm_coldstart_operator[0m[2m:[0m reconciled exp-fleet-0
[2m2026-07-23T18:00:21.573833Z[0m [32m INFO[0m [2mvllm_coldstart_operator[0m[2m:[0m reconciling VllmService 'exp-fleet-0' in 'default': model=Qwen/Qwen2.5-7B-Instruct replicas=1 strategy=Eager
[2m2026-07-23T18:00:21.582415Z[0m [32m INFO[0m [2mvllm_coldstart_operator[0m[2m:[0m status of 'exp-fleet-0' -> Pending (0/1 ready)
[2m2026-07-23T18:00:21.582471Z[0m [32m INFO[0m [2mvllm_coldstart_operator[0m[2m:[0m reconciled exp-fleet-0
[2m2026-07-23T18:00:26.584236Z[0m [32m INFO[0m [2mvllm_coldstart_operator[0m[2m:[0m reconciling VllmService 'exp-fleet-0' in 'default': model=Qwen/Qwen2.5-7B-Instruct replicas=1 strategy=Eager
[2m2026-07-23T18:00:26.594500Z[0m [32m INFO[0m [2mvllm_coldstart_operator[0m[2m:[0m status of 'exp-fleet-0' -> Pending (0/1 ready)
[2m2026-07-23T18:00:26.594562Z[0m [32m INFO[0m [2mvllm_coldstart_operator[0m[2m:[0m reconciled exp-fleet-0
[2m2026-07-23T18:00:26.960851Z[0m [32m INFO[0m [2mvllm_coldstart_operator::fleet_controller[0m[2m:[0m reconciling FleetService 'exp-fleet' in 'default': model=Qwen/Qwen2.5-7B-Instruct replicas=1
[2m2026-07-23T18:00:27.216182Z[0m [32m INFO[0m [2mvllm_coldstart_operator::fleet_controller[0m[2m:[0m FleetService 'exp-fleet': 1 slots placed (1 preserved, 0 newly planned) across 3 candidates
[2m2026-07-23T18:00:27.216247Z[0m [32m INFO[0m [2mvllm_coldstart_operator::fleet_controller[0m[2m:[0m reconciled FleetService exp-fleet
[2m2026-07-23T18:00:27.216265Z[0m [32m INFO[0m [2mvllm_coldstart_operator::fleet_controller[0m[2m:[0m reconciling FleetService 'exp-fleet' in 'default': model=Qwen/Qwen2.5-7B-Instruct replicas=1
[2m2026-07-23T18:00:28.217561Z[0m [32m INFO[0m [2mvllm_coldstart_operator::fleet_controller[0m[2m:[0m FleetService 'exp-fleet': 1 slots placed (1 preserved, 0 newly planned) across 3 candidates
[2m2026-07-23T18:00:28.217926Z[0m [32m INFO[0m [2mvllm_coldstart_operator::fleet_controller[0m[2m:[0m reconciled FleetService exp-fleet
[2m2026-07-23T18:00:28.217952Z[0m [32m INFO[0m [2mvllm_coldstart_operator::fleet_controller[0m[2m:[0m reconciling FleetService 'exp-fleet' in 'default': model=Qwen/Qwen2.5-7B-Instruct replicas=1
[2m2026-07-23T18:00:28.225834Z[0m [32m INFO[0m [2mvllm_coldstart_operator::fleet_controller[0m[2m:[0m FleetService 'exp-fleet': 1 slots placed (1 preserved, 0 newly planned) across 3 candidates
[2m2026-07-23T18:00:28.225881Z[0m [32m INFO[0m [2mvllm_coldstart_operator::fleet_controller[0m[2m:[0m reconciled FleetService exp-fleet
[2m2026-07-23T18:00:31.596372Z[0m [32m INFO[0m [2mvllm_coldstart_operator[0m[2m:[0m reconciling VllmService 'exp-fleet-0' in 'default': model=Qwen/Qwen2.5-7B-Instruct replicas=1 strategy=Eager
[2m2026-07-23T18:00:31.605181Z[0m [32m INFO[0m [2mvllm_coldstart_operator[0m[2m:[0m status of 'exp-fleet-0' -> Pending (0/1 ready)
[2m2026-07-23T18:00:31.605320Z[0m [32m INFO[0m [2mvllm_coldstart_operator[0m[2m:[0m reconciled exp-fleet-0
[2m2026-07-23T18:00:36.607418Z[0m [32m INFO[0m [2mvllm_coldstart_operator[0m[2m:[0m reconciling VllmService 'exp-fleet-0' in 'default': model=Qwen/Qwen2.5-7B-Instruct replicas=1 strategy=Eager
[2m2026-07-23T18:00:36.616165Z[0m [32m INFO[0m [2mvllm_coldstart_operator[0m[2m:[0m status of 'exp-fleet-0' -> Pending (0/1 ready)
[2m2026-07-23T18:00:36.616304Z[0m [32m INFO[0m [2mvllm_coldstart_operator[0m[2m:[0m reconciled exp-fleet-0
[2m2026-07-23T18:00:41.618421Z[0m [32m INFO[0m [2mvllm_coldstart_operator[0m[2m:[0m reconciling VllmService 'exp-fleet-0' in 'default': model=Qwen/Qwen2.5-7B-Instruct replicas=1 strategy=Eager
[2m2026-07-23T18:00:41.626711Z[0m [32m INFO[0m [2mvllm_coldstart_operator[0m[2m:[0m status of 'exp-fleet-0' -> Pending (0/1 ready)
[2m2026-07-23T18:00:41.626770Z[0m [32m INFO[0m [2mvllm_coldstart_operator[0m[2m:[0m reconciled exp-fleet-0
[2m2026-07-23T18:00:41.977373Z[0m [32m INFO[0m [2mvllm_coldstart_operator::fleet_controller[0m[2m:[0m reconciling FleetService 'exp-fleet' in 'default': model=Qwen/Qwen2.5-7B-Instruct replicas=1
[2m2026-07-23T18:00:42.216586Z[0m [32m INFO[0m [2mvllm_coldstart_operator::fleet_controller[0m[2m:[0m FleetService 'exp-fleet': 1 slots placed (1 preserved, 0 newly planned) across 3 candidates
[2m2026-07-23T18:00:42.216658Z[0m [32m INFO[0m [2mvllm_coldstart_operator::fleet_controller[0m[2m:[0m reconciled FleetService exp-fleet
[2m2026-07-23T18:00:42.232241Z[0m [32m INFO[0m [2mvllm_coldstart_operator::fleet_controller[0m[2m:[0m reconciling FleetService 'exp-fleet' in 'default': model=Qwen/Qwen2.5-7B-Instruct replicas=1
[2m2026-07-23T18:00:42.329775Z[0m [32m INFO[0m [2mvllm_coldstart_operator::fleet_controller[0m[2m:[0m FleetService 'exp-fleet': 1 slots placed (1 preserved, 0 newly planned) across 3 candidates
[2m2026-07-23T18:00:42.330008Z[0m [32m INFO[0m [2mvllm_coldstart_operator::fleet_controller[0m[2m:[0m reconciled FleetService exp-fleet
[2m2026-07-23T18:00:42.330036Z[0m [32m INFO[0m [2mvllm_coldstart_operator::fleet_controller[0m[2m:[0m reconciling FleetService 'exp-fleet' in 'default': model=Qwen/Qwen2.5-7B-Instruct replicas=1
[2m2026-07-23T18:00:43.004086Z[0m [32m INFO[0m [2mvllm_coldstart_operator::fleet_controller[0m[2m:[0m FleetService 'exp-fleet': 1 slots placed (1 preserved, 0 newly planned) across 3 candidates
[2m2026-07-23T18:00:43.004175Z[0m [32m INFO[0m [2mvllm_coldstart_operator::fleet_controller[0m[2m:[0m reconciled FleetService exp-fleet
[2m2026-07-23T18:00:46.627972Z[0m [32m INFO[0m [2mvllm_coldstart_operator[0m[2m:[0m reconciling VllmService 'exp-fleet-0' in 'default': model=Qwen/Qwen2.5-7B-Instruct replicas=1 strategy=Eager
[2m2026-07-23T18:00:46.636693Z[0m [32m INFO[0m [2mvllm_coldstart_operator[0m[2m:[0m status of 'exp-fleet-0' -> Pending (0/1 ready)
[2m2026-07-23T18:00:46.636814Z[0m [32m INFO[0m [2mvllm_coldstart_operator[0m[2m:[0m reconciled exp-fleet-0
[2m2026-07-23T18:00:51.637583Z[0m [32m INFO[0m [2mvllm_coldstart_operator[0m[2m:[0m reconciling VllmService 'exp-fleet-0' in 'default': model=Qwen/Qwen2.5-7B-Instruct replicas=1 strategy=Eager
[2m2026-07-23T18:00:51.646394Z[0m [32m INFO[0m [2mvllm_coldstart_operator[0m[2m:[0m status of 'exp-fleet-0' -> Pending (0/1 ready)
[2m2026-07-23T18:00:51.646513Z[0m [32m INFO[0m [2mvllm_coldstart_operator[0m[2m:[0m reconciled exp-fleet-0
[2m2026-07-23T18:00:56.648317Z[0m [32m INFO[0m [2mvllm_coldstart_operator[0m[2m:[0m reconciling VllmService 'exp-fleet-0' in 'default': model=Qwen/Qwen2.5-7B-Instruct replicas=1 strategy=Eager
[2m2026-07-23T18:00:56.657107Z[0m [32m INFO[0m [2mvllm_coldstart_operator[0m[2m:[0m status of 'exp-fleet-0' -> Pending (0/1 ready)
[2m2026-07-23T18:00:56.657275Z[0m [32m INFO[0m [2mvllm_coldstart_operator[0m[2m:[0m reconciled exp-fleet-0
[2m2026-07-23T18:00:56.994761Z[0m [32m INFO[0m [2mvllm_coldstart_operator::fleet_controller[0m[2m:[0m reconciling FleetService 'exp-fleet' in 'default': model=Qwen/Qwen2.5-7B-Instruct replicas=1
[2m2026-07-23T18:00:57.217210Z[0m [32m INFO[0m [2mvllm_coldstart_operator::fleet_controller[0m[2m:[0m FleetService 'exp-fleet': 1 slots placed (1 preserved, 0 newly planned) across 3 candidates
[2m2026-07-23T18:00:57.217433Z[0m [32m INFO[0m [2mvllm_coldstart_operator::fleet_controller[0m[2m:[0m reconciled FleetService exp-fleet
[2m2026-07-23T18:00:57.251391Z[0m [32m INFO[0m [2mvllm_coldstart_operator::fleet_controller[0m[2m:[0m reconciling FleetService 'exp-fleet' in 'default': model=Qwen/Qwen2.5-7B-Instruct replicas=1
[2m2026-07-23T18:00:57.346050Z[0m [32m INFO[0m [2mvllm_coldstart_operator::fleet_controller[0m[2m:[0m FleetService 'exp-fleet': 1 slots placed (1 preserved, 0 newly planned) across 3 candidates
[2m2026-07-23T18:00:57.346242Z[0m [32m INFO[0m [2mvllm_coldstart_operator::fleet_controller[0m[2m:[0m reconciled FleetService exp-fleet
[2m2026-07-23T18:00:57.346263Z[0m [32m INFO[0m [2mvllm_coldstart_operator::fleet_controller[0m[2m:[0m reconciling FleetService 'exp-fleet' in 'default': model=Qwen/Qwen2.5-7B-Instruct replicas=1
[2m2026-07-23T18:00:58.216498Z[0m [32m INFO[0m [2mvllm_coldstart_operator::fleet_controller[0m[2m:[0m FleetService 'exp-fleet': 1 slots placed (1 preserved, 0 newly planned) across 3 candidates
[2m2026-07-23T18:00:58.216843Z[0m [32m INFO[0m [2mvllm_coldstart_operator::fleet_controller[0m[2m:[0m reconciled FleetService exp-fleet
[2m2026-07-23T18:01:01.659349Z[0m [32m INFO[0m [2mvllm_coldstart_operator[0m[2m:[0m reconciling VllmService 'exp-fleet-0' in 'default': model=Qwen/Qwen2.5-7B-Instruct replicas=1 strategy=Eager
[2m2026-07-23T18:01:01.667994Z[0m [32m INFO[0m [2mvllm_coldstart_operator[0m[2m:[0m status of 'exp-fleet-0' -> Pending (0/1 ready)
[2m2026-07-23T18:01:01.668053Z[0m [32m INFO[0m [2mvllm_coldstart_operator[0m[2m:[0m reconciled exp-fleet-0
[2m2026-07-23T18:01:06.669359Z[0m [32m INFO[0m [2mvllm_coldstart_operator[0m[2m:[0m reconciling VllmService 'exp-fleet-0' in 'default': model=Qwen/Qwen2.5-7B-Instruct replicas=1 strategy=Eager
[2m2026-07-23T18:01:06.677502Z[0m [32m INFO[0m [2mvllm_coldstart_operator[0m[2m:[0m status of 'exp-fleet-0' -> Pending (0/1 ready)
[2m2026-07-23T18:01:06.677561Z[0m [32m INFO[0m [2mvllm_coldstart_operator[0m[2m:[0m reconciled exp-fleet-0
[2m2026-07-23T18:01:11.678868Z[0m [32m INFO[0m [2mvllm_coldstart_operator[0m[2m:[0m reconciling VllmService 'exp-fleet-0' in 'default': model=Qwen/Qwen2.5-7B-Instruct replicas=1 strategy=Eager
[2m2026-07-23T18:01:11.687765Z[0m [32m INFO[0m [2mvllm_coldstart_operator[0m[2m:[0m status of 'exp-fleet-0' -> Pending (0/1 ready)
[2m2026-07-23T18:01:11.687826Z[0m [32m INFO[0m [2mvllm_coldstart_operator[0m[2m:[0m reconciled exp-fleet-0
[2m2026-07-23T18:01:12.011189Z[0m [32m INFO[0m [2mvllm_coldstart_operator::fleet_controller[0m[2m:[0m reconciling FleetService 'exp-fleet' in 'default': model=Qwen/Qwen2.5-7B-Instruct replicas=1
[2m2026-07-23T18:01:12.216541Z[0m [32m INFO[0m [2mvllm_coldstart_operator::fleet_controller[0m[2m:[0m FleetService 'exp-fleet': 1 slots placed (1 preserved, 0 newly planned) across 3 candidates
[2m2026-07-23T18:01:12.216727Z[0m [32m INFO[0m [2mvllm_coldstart_operator::fleet_controller[0m[2m:[0m reconciled FleetService exp-fleet
[2m2026-07-23T18:01:12.269013Z[0m [32m INFO[0m [2mvllm_coldstart_operator::fleet_controller[0m[2m:[0m reconciling FleetService 'exp-fleet' in 'default': model=Qwen/Qwen2.5-7B-Instruct replicas=1
[2m2026-07-23T18:01:12.364256Z[0m [32m INFO[0m [2mvllm_coldstart_operator::fleet_controller[0m[2m:[0m FleetService 'exp-fleet': 1 slots placed (1 preserved, 0 newly planned) across 3 candidates
[2m2026-07-23T18:01:12.364405Z[0m [32m INFO[0m [2mvllm_coldstart_operator::fleet_controller[0m[2m:[0m reconciled FleetService exp-fleet
[2m2026-07-23T18:01:12.364507Z[0m [32m INFO[0m [2mvllm_coldstart_operator::fleet_controller[0m[2m:[0m reconciling FleetService 'exp-fleet' in 'default': model=Qwen/Qwen2.5-7B-Instruct replicas=1
[2m2026-07-23T18:01:12.717819Z[0m [32m INFO[0m [2mvllm_coldstart_operator::fleet_controller[0m[2m:[0m FleetService 'exp-fleet': 1 slots placed (1 preserved, 0 newly planned) across 3 candidates
[2m2026-07-23T18:01:12.718189Z[0m [32m INFO[0m [2mvllm_coldstart_operator::fleet_controller[0m[2m:[0m reconciled FleetService exp-fleet
[2m2026-07-23T18:01:16.688993Z[0m [32m INFO[0m [2mvllm_coldstart_operator[0m[2m:[0m reconciling VllmService 'exp-fleet-0' in 'default': model=Qwen/Qwen2.5-7B-Instruct replicas=1 strategy=Eager
[2m2026-07-23T18:01:16.698464Z[0m [32m INFO[0m [2mvllm_coldstart_operator[0m[2m:[0m status of 'exp-fleet-0' -> Pending (0/1 ready)
[2m2026-07-23T18:01:16.698589Z[0m [32m INFO[0m [2mvllm_coldstart_operator[0m[2m:[0m reconciled exp-fleet-0
[2m2026-07-23T18:01:21.699907Z[0m [32m INFO[0m [2mvllm_coldstart_operator[0m[2m:[0m reconciling VllmService 'exp-fleet-0' in 'default': model=Qwen/Qwen2.5-7B-Instruct replicas=1 strategy=Eager
[2m2026-07-23T18:01:21.708696Z[0m [32m INFO[0m [2mvllm_coldstart_operator[0m[2m:[0m status of 'exp-fleet-0' -> Pending (0/1 ready)
[2m2026-07-23T18:01:21.708757Z[0m [32m INFO[0m [2mvllm_coldstart_operator[0m[2m:[0m reconciled exp-fleet-0
[2m2026-07-23T18:01:26.709968Z[0m [32m INFO[0m [2mvllm_coldstart_operator[0m[2m:[0m reconciling VllmService 'exp-fleet-0' in 'default': model=Qwen/Qwen2.5-7B-Instruct replicas=1 strategy=Eager
[2m2026-07-23T18:01:26.718650Z[0m [32m INFO[0m [2mvllm_coldstart_operator[0m[2m:[0m status of 'exp-fleet-0' -> Pending (0/1 ready)
[2m2026-07-23T18:01:26.718705Z[0m [32m INFO[0m [2mvllm_coldstart_operator[0m[2m:[0m reconciled exp-fleet-0
[2m2026-07-23T18:01:27.029365Z[0m [32m INFO[0m [2mvllm_coldstart_operator::fleet_controller[0m[2m:[0m reconciling FleetService 'exp-fleet' in 'default': model=Qwen/Qwen2.5-7B-Instruct replicas=1
[2m2026-07-23T18:01:27.216379Z[0m [32m INFO[0m [2mvllm_coldstart_operator::fleet_controller[0m[2m:[0m FleetService 'exp-fleet': 1 slots placed (1 preserved, 0 newly planned) across 3 candidates
[2m2026-07-23T18:01:27.216456Z[0m [32m INFO[0m [2mvllm_coldstart_operator::fleet_controller[0m[2m:[0m reconciled FleetService exp-fleet
[2m2026-07-23T18:01:27.288946Z[0m [32m INFO[0m [2mvllm_coldstart_operator::fleet_controller[0m[2m:[0m reconciling FleetService 'exp-fleet' in 'default': model=Qwen/Qwen2.5-7B-Instruct replicas=1
[2m2026-07-23T18:01:27.385471Z[0m [32m INFO[0m [2mvllm_coldstart_operator::fleet_controller[0m[2m:[0m FleetService 'exp-fleet': 1 slots placed (1 preserved, 0 newly planned) across 3 candidates
[2m2026-07-23T18:01:27.385533Z[0m [32m INFO[0m [2mvllm_coldstart_operator::fleet_controller[0m[2m:[0m reconciled FleetService exp-fleet
[2m2026-07-23T18:01:27.385667Z[0m [32m INFO[0m [2mvllm_coldstart_operator::fleet_controller[0m[2m:[0m reconciling FleetService 'exp-fleet' in 'default': model=Qwen/Qwen2.5-7B-Instruct replicas=1
[2m2026-07-23T18:01:28.216991Z[0m [32m INFO[0m [2mvllm_coldstart_operator::fleet_controller[0m[2m:[0m FleetService 'exp-fleet': 1 slots placed (1 preserved, 0 newly planned) across 3 candidates
[2m2026-07-23T18:01:28.217334Z[0m [32m INFO[0m [2mvllm_coldstart_operator::fleet_controller[0m[2m:[0m reconciled FleetService exp-fleet
[2m2026-07-23T18:01:31.719765Z[0m [32m INFO[0m [2mvllm_coldstart_operator[0m[2m:[0m reconciling VllmService 'exp-fleet-0' in 'default': model=Qwen/Qwen2.5-7B-Instruct replicas=1 strategy=Eager
[2m2026-07-23T18:01:31.729321Z[0m [32m INFO[0m [2mvllm_coldstart_operator[0m[2m:[0m status of 'exp-fleet-0' -> Pending (0/1 ready)
[2m2026-07-23T18:01:31.729382Z[0m [32m INFO[0m [2mvllm_coldstart_operator[0m[2m:[0m reconciled exp-fleet-0
[2m2026-07-23T18:01:36.730586Z[0m [32m INFO[0m [2mvllm_coldstart_operator[0m[2m:[0m reconciling VllmService 'exp-fleet-0' in 'default': model=Qwen/Qwen2.5-7B-Instruct replicas=1 strategy=Eager
[2m2026-07-23T18:01:36.739468Z[0m [32m INFO[0m [2mvllm_coldstart_operator[0m[2m:[0m status of 'exp-fleet-0' -> Pending (0/1 ready)
[2m2026-07-23T18:01:36.739540Z[0m [32m INFO[0m [2mvllm_coldstart_operator[0m[2m:[0m reconciled exp-fleet-0
[2m2026-07-23T18:01:41.740759Z[0m [32m INFO[0m [2mvllm_coldstart_operator[0m[2m:[0m reconciling VllmService 'exp-fleet-0' in 'default': model=Qwen/Qwen2.5-7B-Instruct replicas=1 strategy=Eager
[2m2026-07-23T18:01:41.749282Z[0m [32m INFO[0m [2mvllm_coldstart_operator[0m[2m:[0m status of 'exp-fleet-0' -> Pending (0/1 ready)
[2m2026-07-23T18:01:41.749341Z[0m [32m INFO[0m [2mvllm_coldstart_operator[0m[2m:[0m reconciled exp-fleet-0
[2m2026-07-23T18:01:42.046263Z[0m [32m INFO[0m [2mvllm_coldstart_operator::fleet_controller[0m[2m:[0m reconciling FleetService 'exp-fleet' in 'default': model=Qwen/Qwen2.5-7B-Instruct replicas=1
[2m2026-07-23T18:01:42.217299Z[0m [32m INFO[0m [2mvllm_coldstart_operator::fleet_controller[0m[2m:[0m FleetService 'exp-fleet': 1 slots placed (1 preserved, 0 newly planned) across 3 candidates
[2m2026-07-23T18:01:42.217372Z[0m [32m INFO[0m [2mvllm_coldstart_operator::fleet_controller[0m[2m:[0m reconciled FleetService exp-fleet
[2m2026-07-23T18:01:42.306012Z[0m [32m INFO[0m [2mvllm_coldstart_operator::fleet_controller[0m[2m:[0m reconciling FleetService 'exp-fleet' in 'default': model=Qwen/Qwen2.5-7B-Instruct replicas=1
[2m2026-07-23T18:01:42.413216Z[0m [32m INFO[0m [2mvllm_coldstart_operator::fleet_controller[0m[2m:[0m FleetService 'exp-fleet': 1 slots placed (1 preserved, 0 newly planned) across 3 candidates
[2m2026-07-23T18:01:42.413483Z[0m [32m INFO[0m [2mvllm_coldstart_operator::fleet_controller[0m[2m:[0m reconciled FleetService exp-fleet
[2m2026-07-23T18:01:42.413697Z[0m [32m INFO[0m [2mvllm_coldstart_operator::fleet_controller[0m[2m:[0m reconciling FleetService 'exp-fleet' in 'default': model=Qwen/Qwen2.5-7B-Instruct replicas=1
[2m2026-07-23T18:01:43.152409Z[0m [32m INFO[0m [2mvllm_coldstart_operator::fleet_controller[0m[2m:[0m FleetService 'exp-fleet': 1 slots placed (1 preserved, 0 newly planned) across 3 candidates
[2m2026-07-23T18:01:43.152493Z[0m [32m INFO[0m [2mvllm_coldstart_operator::fleet_controller[0m[2m:[0m reconciled FleetService exp-fleet
[2m2026-07-23T18:01:46.751259Z[0m [32m INFO[0m [2mvllm_coldstart_operator[0m[2m:[0m reconciling VllmService 'exp-fleet-0' in 'default': model=Qwen/Qwen2.5-7B-Instruct replicas=1 strategy=Eager
[2m2026-07-23T18:01:46.760349Z[0m [32m INFO[0m [2mvllm_coldstart_operator[0m[2m:[0m status of 'exp-fleet-0' -> Pending (0/1 ready)
[2m2026-07-23T18:01:46.760405Z[0m [32m INFO[0m [2mvllm_coldstart_operator[0m[2m:[0m reconciled exp-fleet-0
[2m2026-07-23T18:01:51.761528Z[0m [32m INFO[0m [2mvllm_coldstart_operator[0m[2m:[0m reconciling VllmService 'exp-fleet-0' in 'default': model=Qwen/Qwen2.5-7B-Instruct replicas=1 strategy=Eager
[2m2026-07-23T18:01:51.769854Z[0m [32m INFO[0m [2mvllm_coldstart_operator[0m[2m:[0m status of 'exp-fleet-0' -> Pending (0/1 ready)
[2m2026-07-23T18:01:51.769983Z[0m [32m INFO[0m [2mvllm_coldstart_operator[0m[2m:[0m reconciled exp-fleet-0
[2m2026-07-23T18:01:56.771005Z[0m [32m INFO[0m [2mvllm_coldstart_operator[0m[2m:[0m reconciling VllmService 'exp-fleet-0' in 'default': model=Qwen/Qwen2.5-7B-Instruct replicas=1 strategy=Eager
[2m2026-07-23T18:01:56.780380Z[0m [32m INFO[0m [2mvllm_coldstart_operator[0m[2m:[0m status of 'exp-fleet-0' -> Pending (0/1 ready)
[2m2026-07-23T18:01:56.780440Z[0m [32m INFO[0m [2mvllm_coldstart_operator[0m[2m:[0m reconciled exp-fleet-0
[2m2026-07-23T18:01:57.064880Z[0m [32m INFO[0m [2mvllm_coldstart_operator::fleet_controller[0m[2m:[0m reconciling FleetService 'exp-fleet' in 'default': model=Qwen/Qwen2.5-7B-Instruct replicas=1
[2m2026-07-23T18:01:57.216804Z[0m [32m INFO[0m [2mvllm_coldstart_operator::fleet_controller[0m[2m:[0m FleetService 'exp-fleet': 1 slots placed (1 preserved, 0 newly planned) across 3 candidates
[2m2026-07-23T18:01:57.216882Z[0m [32m INFO[0m [2mvllm_coldstart_operator::fleet_controller[0m[2m:[0m reconciled FleetService exp-fleet
[2m2026-07-23T18:01:57.324627Z[0m [32m INFO[0m [2mvllm_coldstart_operator::fleet_controller[0m[2m:[0m reconciling FleetService 'exp-fleet' in 'default': model=Qwen/Qwen2.5-7B-Instruct replicas=1
[2m2026-07-23T18:01:57.496829Z[0m [32m INFO[0m [2mvllm_coldstart_operator::fleet_controller[0m[2m:[0m FleetService 'exp-fleet': 1 slots placed (1 preserved, 0 newly planned) across 3 candidates
[2m2026-07-23T18:01:57.496910Z[0m [32m INFO[0m [2mvllm_coldstart_operator::fleet_controller[0m[2m:[0m reconciled FleetService exp-fleet
[2m2026-07-23T18:01:57.497071Z[0m [32m INFO[0m [2mvllm_coldstart_operator::fleet_controller[0m[2m:[0m reconciling FleetService 'exp-fleet' in 'default': model=Qwen/Qwen2.5-7B-Instruct replicas=1
[2m2026-07-23T18:01:58.218197Z[0m [32m INFO[0m [2mvllm_coldstart_operator::fleet_controller[0m[2m:[0m FleetService 'exp-fleet': 1 slots placed (1 preserved, 0 newly planned) across 3 candidates
[2m2026-07-23T18:01:58.218273Z[0m [32m INFO[0m [2mvllm_coldstart_operator::fleet_controller[0m[2m:[0m reconciled FleetService exp-fleet
[2m2026-07-23T18:02:01.782005Z[0m [32m INFO[0m [2mvllm_coldstart_operator[0m[2m:[0m reconciling VllmService 'exp-fleet-0' in 'default': model=Qwen/Qwen2.5-7B-Instruct replicas=1 strategy=Eager
[2m2026-07-23T18:02:01.790829Z[0m [32m INFO[0m [2mvllm_coldstart_operator[0m[2m:[0m status of 'exp-fleet-0' -> Pending (0/1 ready)
[2m2026-07-23T18:02:01.790890Z[0m [32m INFO[0m [2mvllm_coldstart_operator[0m[2m:[0m reconciled exp-fleet-0
[2m2026-07-23T18:02:06.792228Z[0m [32m INFO[0m [2mvllm_coldstart_operator[0m[2m:[0m reconciling VllmService 'exp-fleet-0' in 'default': model=Qwen/Qwen2.5-7B-Instruct replicas=1 strategy=Eager
[2m2026-07-23T18:02:06.801070Z[0m [32m INFO[0m [2mvllm_coldstart_operator[0m[2m:[0m status of 'exp-fleet-0' -> Pending (0/1 ready)
[2m2026-07-23T18:02:06.801137Z[0m [32m INFO[0m [2mvllm_coldstart_operator[0m[2m:[0m reconciled exp-fleet-0
[2m2026-07-23T18:02:11.803084Z[0m [32m INFO[0m [2mvllm_coldstart_operator[0m[2m:[0m reconciling VllmService 'exp-fleet-0' in 'default': model=Qwen/Qwen2.5-7B-Instruct replicas=1 strategy=Eager
[2m2026-07-23T18:02:11.811504Z[0m [32m INFO[0m [2mvllm_coldstart_operator[0m[2m:[0m status of 'exp-fleet-0' -> Pending (0/1 ready)
[2m2026-07-23T18:02:11.811567Z[0m [32m INFO[0m [2mvllm_coldstart_operator[0m[2m:[0m reconciled exp-fleet-0
[2m2026-07-23T18:02:12.087138Z[0m [32m INFO[0m [2mvllm_coldstart_operator::fleet_controller[0m[2m:[0m reconciling FleetService 'exp-fleet' in 'default': model=Qwen/Qwen2.5-7B-Instruct replicas=1
[2m2026-07-23T18:02:12.215995Z[0m [32m INFO[0m [2mvllm_coldstart_operator::fleet_controller[0m[2m:[0m FleetService 'exp-fleet': 1 slots placed (1 preserved, 0 newly planned) across 3 candidates
[2m2026-07-23T18:02:12.216068Z[0m [32m INFO[0m [2mvllm_coldstart_operator::fleet_controller[0m[2m:[0m reconciled FleetService exp-fleet
[2m2026-07-23T18:02:12.343600Z[0m [32m INFO[0m [2mvllm_coldstart_operator::fleet_controller[0m[2m:[0m reconciling FleetService 'exp-fleet' in 'default': model=Qwen/Qwen2.5-7B-Instruct replicas=1
[2m2026-07-23T18:02:12.439175Z[0m [32m INFO[0m [2mvllm_coldstart_operator::fleet_controller[0m[2m:[0m FleetService 'exp-fleet': 1 slots placed (1 preserved, 0 newly planned) across 3 candidates
[2m2026-07-23T18:02:12.439236Z[0m [32m INFO[0m [2mvllm_coldstart_operator::fleet_controller[0m[2m:[0m reconciled FleetService exp-fleet
[2m2026-07-23T18:02:12.439365Z[0m [32m INFO[0m [2mvllm_coldstart_operator::fleet_controller[0m[2m:[0m reconciling FleetService 'exp-fleet' in 'default': model=Qwen/Qwen2.5-7B-Instruct replicas=1
[2m2026-07-23T18:02:13.216930Z[0m [32m INFO[0m [2mvllm_coldstart_operator::fleet_controller[0m[2m:[0m FleetService 'exp-fleet': 1 slots placed (1 preserved, 0 newly planned) across 3 candidates
[2m2026-07-23T18:02:13.217257Z[0m [32m INFO[0m [2mvllm_coldstart_operator::fleet_controller[0m[2m:[0m reconciled FleetService exp-fleet
[2m2026-07-23T18:02:16.813322Z[0m [32m INFO[0m [2mvllm_coldstart_operator[0m[2m:[0m reconciling VllmService 'exp-fleet-0' in 'default': model=Qwen/Qwen2.5-7B-Instruct replicas=1 strategy=Eager
[2m2026-07-23T18:02:16.822102Z[0m [32m INFO[0m [2mvllm_coldstart_operator[0m[2m:[0m status of 'exp-fleet-0' -> Pending (0/1 ready)
[2m2026-07-23T18:02:16.822229Z[0m [32m INFO[0m [2mvllm_coldstart_operator[0m[2m:[0m reconciled exp-fleet-0
[2m2026-07-23T18:02:21.824337Z[0m [32m INFO[0m [2mvllm_coldstart_operator[0m[2m:[0m reconciling VllmService 'exp-fleet-0' in 'default': model=Qwen/Qwen2.5-7B-Instruct replicas=1 strategy=Eager
[2m2026-07-23T18:02:21.832999Z[0m [32m INFO[0m [2mvllm_coldstart_operator[0m[2m:[0m status of 'exp-fleet-0' -> Pending (0/1 ready)
[2m2026-07-23T18:02:21.833057Z[0m [32m INFO[0m [2mvllm_coldstart_operator[0m[2m:[0m reconciled exp-fleet-0
[2m2026-07-23T18:02:26.833554Z[0m [32m INFO[0m [2mvllm_coldstart_operator[0m[2m:[0m reconciling VllmService 'exp-fleet-0' in 'default': model=Qwen/Qwen2.5-7B-Instruct replicas=1 strategy=Eager
[2m2026-07-23T18:02:26.842242Z[0m [32m INFO[0m [2mvllm_coldstart_operator[0m[2m:[0m status of 'exp-fleet-0' -> Pending (0/1 ready)
[2m2026-07-23T18:02:26.842298Z[0m [32m INFO[0m [2mvllm_coldstart_operator[0m[2m:[0m reconciled exp-fleet-0
[2m2026-07-23T18:02:27.105053Z[0m [32m INFO[0m [2mvllm_coldstart_operator::fleet_controller[0m[2m:[0m reconciling FleetService 'exp-fleet' in 'default': model=Qwen/Qwen2.5-7B-Instruct replicas=1
[2m2026-07-23T18:02:27.216810Z[0m [32m INFO[0m [2mvllm_coldstart_operator::fleet_controller[0m[2m:[0m FleetService 'exp-fleet': 1 slots placed (1 preserved, 0 newly planned) across 3 candidates
[2m2026-07-23T18:02:27.216883Z[0m [32m INFO[0m [2mvllm_coldstart_operator::fleet_controller[0m[2m:[0m reconciled FleetService exp-fleet
[2m2026-07-23T18:02:27.363128Z[0m [32m INFO[0m [2mvllm_coldstart_operator::fleet_controller[0m[2m:[0m reconciling FleetService 'exp-fleet' in 'default': model=Qwen/Qwen2.5-7B-Instruct replicas=1
[2m2026-07-23T18:02:27.458654Z[0m [32m INFO[0m [2mvllm_coldstart_operator::fleet_controller[0m[2m:[0m FleetService 'exp-fleet': 1 slots placed (1 preserved, 0 newly planned) across 3 candidates
[2m2026-07-23T18:02:27.458713Z[0m [32m INFO[0m [2mvllm_coldstart_operator::fleet_controller[0m[2m:[0m reconciled FleetService exp-fleet
[2m2026-07-23T18:02:27.458842Z[0m [32m INFO[0m [2mvllm_coldstart_operator::fleet_controller[0m[2m:[0m reconciling FleetService 'exp-fleet' in 'default': model=Qwen/Qwen2.5-7B-Instruct replicas=1
[2m2026-07-23T18:02:28.216794Z[0m [32m INFO[0m [2mvllm_coldstart_operator::fleet_controller[0m[2m:[0m FleetService 'exp-fleet': 1 slots placed (1 preserved, 0 newly planned) across 3 candidates
[2m2026-07-23T18:02:28.217170Z[0m [32m INFO[0m [2mvllm_coldstart_operator::fleet_controller[0m[2m:[0m reconciled FleetService exp-fleet
[2m2026-07-23T18:02:31.843592Z[0m [32m INFO[0m [2mvllm_coldstart_operator[0m[2m:[0m reconciling VllmService 'exp-fleet-0' in 'default': model=Qwen/Qwen2.5-7B-Instruct replicas=1 strategy=Eager
[2m2026-07-23T18:02:31.852272Z[0m [32m INFO[0m [2mvllm_coldstart_operator[0m[2m:[0m status of 'exp-fleet-0' -> Pending (0/1 ready)
[2m2026-07-23T18:02:31.852323Z[0m [32m INFO[0m [2mvllm_coldstart_operator[0m[2m:[0m reconciled exp-fleet-0
[2m2026-07-23T18:02:36.853607Z[0m [32m INFO[0m [2mvllm_coldstart_operator[0m[2m:[0m reconciling VllmService 'exp-fleet-0' in 'default': model=Qwen/Qwen2.5-7B-Instruct replicas=1 strategy=Eager
[2m2026-07-23T18:02:36.862715Z[0m [32m INFO[0m [2mvllm_coldstart_operator[0m[2m:[0m status of 'exp-fleet-0' -> Pending (0/1 ready)
[2m2026-07-23T18:02:36.862780Z[0m [32m INFO[0m [2mvllm_coldstart_operator[0m[2m:[0m reconciled exp-fleet-0
[2m2026-07-23T18:02:41.863990Z[0m [32m INFO[0m [2mvllm_coldstart_operator[0m[2m:[0m reconciling VllmService 'exp-fleet-0' in 'default': model=Qwen/Qwen2.5-7B-Instruct replicas=1 strategy=Eager
[2m2026-07-23T18:02:41.872607Z[0m [32m INFO[0m [2mvllm_coldstart_operator[0m[2m:[0m status of 'exp-fleet-0' -> Pending (0/1 ready)
[2m2026-07-23T18:02:41.872667Z[0m [32m INFO[0m [2mvllm_coldstart_operator[0m[2m:[0m reconciled exp-fleet-0
[2m2026-07-23T18:02:42.122792Z[0m [32m INFO[0m [2mvllm_coldstart_operator::fleet_controller[0m[2m:[0m reconciling FleetService 'exp-fleet' in 'default': model=Qwen/Qwen2.5-7B-Instruct replicas=1
[2m2026-07-23T18:02:42.216662Z[0m [32m INFO[0m [2mvllm_coldstart_operator::fleet_controller[0m[2m:[0m FleetService 'exp-fleet': 1 slots placed (1 preserved, 0 newly planned) across 3 candidates
[2m2026-07-23T18:02:42.216824Z[0m [32m INFO[0m [2mvllm_coldstart_operator::fleet_controller[0m[2m:[0m reconciled FleetService exp-fleet
[2m2026-07-23T18:02:42.380946Z[0m [32m INFO[0m [2mvllm_coldstart_operator::fleet_controller[0m[2m:[0m reconciling FleetService 'exp-fleet' in 'default': model=Qwen/Qwen2.5-7B-Instruct replicas=1
[2m2026-07-23T18:02:42.480678Z[0m [32m INFO[0m [2mvllm_coldstart_operator::fleet_controller[0m[2m:[0m FleetService 'exp-fleet': 1 slots placed (1 preserved, 0 newly planned) across 3 candidates
[2m2026-07-23T18:02:42.480835Z[0m [32m INFO[0m [2mvllm_coldstart_operator::fleet_controller[0m[2m:[0m reconciled FleetService exp-fleet
[2m2026-07-23T18:02:42.480950Z[0m [32m INFO[0m [2mvllm_coldstart_operator::fleet_controller[0m[2m:[0m reconciling FleetService 'exp-fleet' in 'default': model=Qwen/Qwen2.5-7B-Instruct replicas=1
[2m2026-07-23T18:02:43.216821Z[0m [32m INFO[0m [2mvllm_coldstart_operator::fleet_controller[0m[2m:[0m FleetService 'exp-fleet': 1 slots placed (1 preserved, 0 newly planned) across 3 candidates
[2m2026-07-23T18:02:43.217175Z[0m [32m INFO[0m [2mvllm_coldstart_operator::fleet_controller[0m[2m:[0m reconciled FleetService exp-fleet
[2m2026-07-23T18:02:46.873723Z[0m [32m INFO[0m [2mvllm_coldstart_operator[0m[2m:[0m reconciling VllmService 'exp-fleet-0' in 'default': model=Qwen/Qwen2.5-7B-Instruct replicas=1 strategy=Eager
[2m2026-07-23T18:02:46.883946Z[0m [32m INFO[0m [2mvllm_coldstart_operator[0m[2m:[0m status of 'exp-fleet-0' -> Pending (0/1 ready)
[2m2026-07-23T18:02:46.884158Z[0m [32m INFO[0m [2mvllm_coldstart_operator[0m[2m:[0m reconciled exp-fleet-0
[2m2026-07-23T18:02:51.886304Z[0m [32m INFO[0m [2mvllm_coldstart_operator[0m[2m:[0m reconciling VllmService 'exp-fleet-0' in 'default': model=Qwen/Qwen2.5-7B-Instruct replicas=1 strategy=Eager
[2m2026-07-23T18:02:51.894865Z[0m [32m INFO[0m [2mvllm_coldstart_operator[0m[2m:[0m status of 'exp-fleet-0' -> Pending (0/1 ready)
[2m2026-07-23T18:02:51.894987Z[0m [32m INFO[0m [2mvllm_coldstart_operator[0m[2m:[0m reconciled exp-fleet-0
[2m2026-07-23T18:02:56.896445Z[0m [32m INFO[0m [2mvllm_coldstart_operator[0m[2m:[0m reconciling VllmService 'exp-fleet-0' in 'default': model=Qwen/Qwen2.5-7B-Instruct replicas=1 strategy=Eager
[2m2026-07-23T18:02:56.905298Z[0m [32m INFO[0m [2mvllm_coldstart_operator[0m[2m:[0m status of 'exp-fleet-0' -> Pending (0/1 ready)
[2m2026-07-23T18:02:56.905432Z[0m [32m INFO[0m [2mvllm_coldstart_operator[0m[2m:[0m reconciled exp-fleet-0
[2m2026-07-23T18:02:57.141152Z[0m [32m INFO[0m [2mvllm_coldstart_operator::fleet_controller[0m[2m:[0m reconciling FleetService 'exp-fleet' in 'default': model=Qwen/Qwen2.5-7B-Instruct replicas=1
[2m2026-07-23T18:02:57.216247Z[0m [32m INFO[0m [2mvllm_coldstart_operator::fleet_controller[0m[2m:[0m FleetService 'exp-fleet': 1 slots placed (1 preserved, 0 newly planned) across 3 candidates
[2m2026-07-23T18:02:57.216615Z[0m [32m INFO[0m [2mvllm_coldstart_operator::fleet_controller[0m[2m:[0m reconciled FleetService exp-fleet
[2m2026-07-23T18:02:57.399602Z[0m [32m INFO[0m [2mvllm_coldstart_operator::fleet_controller[0m[2m:[0m reconciling FleetService 'exp-fleet' in 'default': model=Qwen/Qwen2.5-7B-Instruct replicas=1
[2m2026-07-23T18:02:57.502002Z[0m [32m INFO[0m [2mvllm_coldstart_operator::fleet_controller[0m[2m:[0m FleetService 'exp-fleet': 1 slots placed (1 preserved, 0 newly planned) across 3 candidates
[2m2026-07-23T18:02:57.502186Z[0m [32m INFO[0m [2mvllm_coldstart_operator::fleet_controller[0m[2m:[0m reconciled FleetService exp-fleet
[2m2026-07-23T18:02:57.502225Z[0m [32m INFO[0m [2mvllm_coldstart_operator::fleet_controller[0m[2m:[0m reconciling FleetService 'exp-fleet' in 'default': model=Qwen/Qwen2.5-7B-Instruct replicas=1
[2m2026-07-23T18:02:58.216681Z[0m [32m INFO[0m [2mvllm_coldstart_operator::fleet_controller[0m[2m:[0m FleetService 'exp-fleet': 1 slots placed (1 preserved, 0 newly planned) across 3 candidates
[2m2026-07-23T18:02:58.217041Z[0m [32m INFO[0m [2mvllm_coldstart_operator::fleet_controller[0m[2m:[0m reconciled FleetService exp-fleet
[2m2026-07-23T18:03:01.907449Z[0m [32m INFO[0m [2mvllm_coldstart_operator[0m[2m:[0m reconciling VllmService 'exp-fleet-0' in 'default': model=Qwen/Qwen2.5-7B-Instruct replicas=1 strategy=Eager
[2m2026-07-23T18:03:01.916399Z[0m [32m INFO[0m [2mvllm_coldstart_operator[0m[2m:[0m status of 'exp-fleet-0' -> Pending (0/1 ready)
[2m2026-07-23T18:03:01.916531Z[0m [32m INFO[0m [2mvllm_coldstart_operator[0m[2m:[0m reconciled exp-fleet-0
[2m2026-07-23T18:03:06.917649Z[0m [32m INFO[0m [2mvllm_coldstart_operator[0m[2m:[0m reconciling VllmService 'exp-fleet-0' in 'default': model=Qwen/Qwen2.5-7B-Instruct replicas=1 strategy=Eager
[2m2026-07-23T18:03:06.926681Z[0m [32m INFO[0m [2mvllm_coldstart_operator[0m[2m:[0m status of 'exp-fleet-0' -> Pending (0/1 ready)
[2m2026-07-23T18:03:06.926857Z[0m [32m INFO[0m [2mvllm_coldstart_operator[0m[2m:[0m reconciled exp-fleet-0
[2m2026-07-23T18:03:11.927676Z[0m [32m INFO[0m [2mvllm_coldstart_operator[0m[2m:[0m reconciling VllmService 'exp-fleet-0' in 'default': model=Qwen/Qwen2.5-7B-Instruct replicas=1 strategy=Eager
[2m2026-07-23T18:03:11.936407Z[0m [32m INFO[0m [2mvllm_coldstart_operator[0m[2m:[0m status of 'exp-fleet-0' -> Pending (0/1 ready)
[2m2026-07-23T18:03:11.936538Z[0m [32m INFO[0m [2mvllm_coldstart_operator[0m[2m:[0m reconciled exp-fleet-0
[2m2026-07-23T18:03:12.159971Z[0m [32m INFO[0m [2mvllm_coldstart_operator::fleet_controller[0m[2m:[0m reconciling FleetService 'exp-fleet' in 'default': model=Qwen/Qwen2.5-7B-Instruct replicas=1
[2m2026-07-23T18:03:12.216534Z[0m [32m INFO[0m [2mvllm_coldstart_operator::fleet_controller[0m[2m:[0m FleetService 'exp-fleet': 1 slots placed (1 preserved, 0 newly planned) across 3 candidates
[2m2026-07-23T18:03:12.216748Z[0m [32m INFO[0m [2mvllm_coldstart_operator::fleet_controller[0m[2m:[0m reconciled FleetService exp-fleet
[2m2026-07-23T18:03:12.418488Z[0m [32m INFO[0m [2mvllm_coldstart_operator::fleet_controller[0m[2m:[0m reconciling FleetService 'exp-fleet' in 'default': model=Qwen/Qwen2.5-7B-Instruct replicas=1
[2m2026-07-23T18:03:12.520755Z[0m [32m INFO[0m [2mvllm_coldstart_operator::fleet_controller[0m[2m:[0m FleetService 'exp-fleet': 1 slots placed (1 preserved, 0 newly planned) across 3 candidates
[2m2026-07-23T18:03:12.520964Z[0m [32m INFO[0m [2mvllm_coldstart_operator::fleet_controller[0m[2m:[0m reconciled FleetService exp-fleet
[2m2026-07-23T18:03:12.521066Z[0m [32m INFO[0m [2mvllm_coldstart_operator::fleet_controller[0m[2m:[0m reconciling FleetService 'exp-fleet' in 'default': model=Qwen/Qwen2.5-7B-Instruct replicas=1
[2m2026-07-23T18:03:13.216576Z[0m [32m INFO[0m [2mvllm_coldstart_operator::fleet_controller[0m[2m:[0m FleetService 'exp-fleet': 1 slots placed (1 preserved, 0 newly planned) across 3 candidates
[2m2026-07-23T18:03:13.216933Z[0m [32m INFO[0m [2mvllm_coldstart_operator::fleet_controller[0m[2m:[0m reconciled FleetService exp-fleet
[2m2026-07-23T18:03:16.937504Z[0m [32m INFO[0m [2mvllm_coldstart_operator[0m[2m:[0m reconciling VllmService 'exp-fleet-0' in 'default': model=Qwen/Qwen2.5-7B-Instruct replicas=1 strategy=Eager
[2m2026-07-23T18:03:16.946306Z[0m [32m INFO[0m [2mvllm_coldstart_operator[0m[2m:[0m status of 'exp-fleet-0' -> Pending (0/1 ready)
[2m2026-07-23T18:03:16.946409Z[0m [32m INFO[0m [2mvllm_coldstart_operator[0m[2m:[0m reconciled exp-fleet-0
[2m2026-07-23T18:03:21.947664Z[0m [32m INFO[0m [2mvllm_coldstart_operator[0m[2m:[0m reconciling VllmService 'exp-fleet-0' in 'default': model=Qwen/Qwen2.5-7B-Instruct replicas=1 strategy=Eager
[2m2026-07-23T18:03:21.956977Z[0m [32m INFO[0m [2mvllm_coldstart_operator[0m[2m:[0m status of 'exp-fleet-0' -> Pending (0/1 ready)
[2m2026-07-23T18:03:21.957038Z[0m [32m INFO[0m [2mvllm_coldstart_operator[0m[2m:[0m reconciled exp-fleet-0
[2m2026-07-23T18:03:26.958214Z[0m [32m INFO[0m [2mvllm_coldstart_operator[0m[2m:[0m reconciling VllmService 'exp-fleet-0' in 'default': model=Qwen/Qwen2.5-7B-Instruct replicas=1 strategy=Eager
[2m2026-07-23T18:03:26.966872Z[0m [32m INFO[0m [2mvllm_coldstart_operator[0m[2m:[0m status of 'exp-fleet-0' -> Pending (0/1 ready)
[2m2026-07-23T18:03:26.966945Z[0m [32m INFO[0m [2mvllm_coldstart_operator[0m[2m:[0m reconciled exp-fleet-0
[2m2026-07-23T18:03:27.255541Z[0m [32m INFO[0m [2mvllm_coldstart_operator::fleet_controller[0m[2m:[0m reconciling FleetService 'exp-fleet' in 'default': model=Qwen/Qwen2.5-7B-Instruct replicas=1
[2m2026-07-23T18:03:27.440031Z[0m [32m INFO[0m [2mvllm_coldstart_operator::fleet_controller[0m[2m:[0m FleetService 'exp-fleet': 1 slots placed (1 preserved, 0 newly planned) across 3 candidates
[2m2026-07-23T18:03:27.440088Z[0m [32m INFO[0m [2mvllm_coldstart_operator::fleet_controller[0m[2m:[0m reconciled FleetService exp-fleet
[2m2026-07-23T18:03:27.440179Z[0m [32m INFO[0m [2mvllm_coldstart_operator::fleet_controller[0m[2m:[0m reconciling FleetService 'exp-fleet' in 'default': model=Qwen/Qwen2.5-7B-Instruct replicas=1
[2m2026-07-23T18:03:27.542380Z[0m [32m INFO[0m [2mvllm_coldstart_operator::fleet_controller[0m[2m:[0m FleetService 'exp-fleet': 1 slots placed (1 preserved, 0 newly planned) across 3 candidates
[2m2026-07-23T18:03:27.542567Z[0m [32m INFO[0m [2mvllm_coldstart_operator::fleet_controller[0m[2m:[0m reconciled FleetService exp-fleet
[2m2026-07-23T18:03:27.542607Z[0m [32m INFO[0m [2mvllm_coldstart_operator::fleet_controller[0m[2m:[0m reconciling FleetService 'exp-fleet' in 'default': model=Qwen/Qwen2.5-7B-Instruct replicas=1
[2m2026-07-23T18:03:28.217090Z[0m [32m INFO[0m [2mvllm_coldstart_operator::fleet_controller[0m[2m:[0m FleetService 'exp-fleet': 1 slots placed (1 preserved, 0 newly planned) across 3 candidates
[2m2026-07-23T18:03:28.217458Z[0m [32m INFO[0m [2mvllm_coldstart_operator::fleet_controller[0m[2m:[0m reconciled FleetService exp-fleet
[2m2026-07-23T18:03:31.967486Z[0m [32m INFO[0m [2mvllm_coldstart_operator[0m[2m:[0m reconciling VllmService 'exp-fleet-0' in 'default': model=Qwen/Qwen2.5-7B-Instruct replicas=1 strategy=Eager
[2m2026-07-23T18:03:31.976347Z[0m [32m INFO[0m [2mvllm_coldstart_operator[0m[2m:[0m status of 'exp-fleet-0' -> Pending (0/1 ready)
[2m2026-07-23T18:03:31.976401Z[0m [32m INFO[0m [2mvllm_coldstart_operator[0m[2m:[0m reconciled exp-fleet-0
[2m2026-07-23T18:03:36.977604Z[0m [32m INFO[0m [2mvllm_coldstart_operator[0m[2m:[0m reconciling VllmService 'exp-fleet-0' in 'default': model=Qwen/Qwen2.5-7B-Instruct replicas=1 strategy=Eager
[2m2026-07-23T18:03:36.986352Z[0m [32m INFO[0m [2mvllm_coldstart_operator[0m[2m:[0m status of 'exp-fleet-0' -> Pending (0/1 ready)
[2m2026-07-23T18:03:36.986409Z[0m [32m INFO[0m [2mvllm_coldstart_operator[0m[2m:[0m reconciled exp-fleet-0
[2m2026-07-23T18:03:41.987951Z[0m [32m INFO[0m [2mvllm_coldstart_operator[0m[2m:[0m reconciling VllmService 'exp-fleet-0' in 'default': model=Qwen/Qwen2.5-7B-Instruct replicas=1 strategy=Eager
[2m2026-07-23T18:03:41.996564Z[0m [32m INFO[0m [2mvllm_coldstart_operator[0m[2m:[0m status of 'exp-fleet-0' -> Pending (0/1 ready)
[2m2026-07-23T18:03:41.996621Z[0m [32m INFO[0m [2mvllm_coldstart_operator[0m[2m:[0m reconciled exp-fleet-0
[2m2026-07-23T18:03:42.356248Z[0m [32m INFO[0m [2mvllm_coldstart_operator::fleet_controller[0m[2m:[0m reconciling FleetService 'exp-fleet' in 'default': model=Qwen/Qwen2.5-7B-Instruct replicas=1
[2m2026-07-23T18:03:42.457665Z[0m [32m INFO[0m [2mvllm_coldstart_operator::fleet_controller[0m[2m:[0m FleetService 'exp-fleet': 1 slots placed (1 preserved, 0 newly planned) across 3 candidates
[2m2026-07-23T18:03:42.457727Z[0m [32m INFO[0m [2mvllm_coldstart_operator::fleet_controller[0m[2m:[0m reconciled FleetService exp-fleet
[2m2026-07-23T18:03:42.457853Z[0m [32m INFO[0m [2mvllm_coldstart_operator::fleet_controller[0m[2m:[0m reconciling FleetService 'exp-fleet' in 'default': model=Qwen/Qwen2.5-7B-Instruct replicas=1
[2m2026-07-23T18:03:42.563635Z[0m [32m INFO[0m [2mvllm_coldstart_operator::fleet_controller[0m[2m:[0m FleetService 'exp-fleet': 1 slots placed (1 preserved, 0 newly planned) across 3 candidates
[2m2026-07-23T18:03:42.563829Z[0m [32m INFO[0m [2mvllm_coldstart_operator::fleet_controller[0m[2m:[0m reconciled FleetService exp-fleet
[2m2026-07-23T18:03:42.563850Z[0m [32m INFO[0m [2mvllm_coldstart_operator::fleet_controller[0m[2m:[0m reconciling FleetService 'exp-fleet' in 'default': model=Qwen/Qwen2.5-7B-Instruct replicas=1
[2m2026-07-23T18:03:43.217068Z[0m [32m INFO[0m [2mvllm_coldstart_operator::fleet_controller[0m[2m:[0m FleetService 'exp-fleet': 1 slots placed (1 preserved, 0 newly planned) across 3 candidates
[2m2026-07-23T18:03:43.217412Z[0m [32m INFO[0m [2mvllm_coldstart_operator::fleet_controller[0m[2m:[0m reconciled FleetService exp-fleet
[2m2026-07-23T18:03:46.998039Z[0m [32m INFO[0m [2mvllm_coldstart_operator[0m[2m:[0m reconciling VllmService 'exp-fleet-0' in 'default': model=Qwen/Qwen2.5-7B-Instruct replicas=1 strategy=Eager
[2m2026-07-23T18:03:47.006549Z[0m [32m INFO[0m [2mvllm_coldstart_operator[0m[2m:[0m status of 'exp-fleet-0' -> Pending (0/1 ready)
[2m2026-07-23T18:03:47.006596Z[0m [32m INFO[0m [2mvllm_coldstart_operator[0m[2m:[0m reconciled exp-fleet-0
[2m2026-07-23T18:03:52.007684Z[0m [32m INFO[0m [2mvllm_coldstart_operator[0m[2m:[0m reconciling VllmService 'exp-fleet-0' in 'default': model=Qwen/Qwen2.5-7B-Instruct replicas=1 strategy=Eager
[2m2026-07-23T18:03:52.016715Z[0m [32m INFO[0m [2mvllm_coldstart_operator[0m[2m:[0m status of 'exp-fleet-0' -> Pending (0/1 ready)
[2m2026-07-23T18:03:52.016776Z[0m [32m INFO[0m [2mvllm_coldstart_operator[0m[2m:[0m reconciled exp-fleet-0
[2m2026-07-23T18:03:57.018024Z[0m [32m INFO[0m [2mvllm_coldstart_operator[0m[2m:[0m reconciling VllmService 'exp-fleet-0' in 'default': model=Qwen/Qwen2.5-7B-Instruct replicas=1 strategy=Eager
[2m2026-07-23T18:03:57.026794Z[0m [32m INFO[0m [2mvllm_coldstart_operator[0m[2m:[0m status of 'exp-fleet-0' -> Pending (0/1 ready)
[2m2026-07-23T18:03:57.026909Z[0m [32m INFO[0m [2mvllm_coldstart_operator[0m[2m:[0m reconciled exp-fleet-0
[2m2026-07-23T18:03:57.374081Z[0m [32m INFO[0m [2mvllm_coldstart_operator::fleet_controller[0m[2m:[0m reconciling FleetService 'exp-fleet' in 'default': model=Qwen/Qwen2.5-7B-Instruct replicas=1
[2m2026-07-23T18:03:57.478433Z[0m [32m INFO[0m [2mvllm_coldstart_operator::fleet_controller[0m[2m:[0m FleetService 'exp-fleet': 1 slots placed (1 preserved, 0 newly planned) across 3 candidates
[2m2026-07-23T18:03:57.478778Z[0m [32m INFO[0m [2mvllm_coldstart_operator::fleet_controller[0m[2m:[0m reconciled FleetService exp-fleet
[2m2026-07-23T18:03:57.478808Z[0m [32m INFO[0m [2mvllm_coldstart_operator::fleet_controller[0m[2m:[0m reconciling FleetService 'exp-fleet' in 'default': model=Qwen/Qwen2.5-7B-Instruct replicas=1
[2m2026-07-23T18:03:57.585756Z[0m [32m INFO[0m [2mvllm_coldstart_operator::fleet_controller[0m[2m:[0m FleetService 'exp-fleet': 1 slots placed (1 preserved, 0 newly planned) across 3 candidates
[2m2026-07-23T18:03:57.586009Z[0m [32m INFO[0m [2mvllm_coldstart_operator::fleet_controller[0m[2m:[0m reconciled FleetService exp-fleet
[2m2026-07-23T18:03:57.586224Z[0m [32m INFO[0m [2mvllm_coldstart_operator::fleet_controller[0m[2m:[0m reconciling FleetService 'exp-fleet' in 'default': model=Qwen/Qwen2.5-7B-Instruct replicas=1
[2m2026-07-23T18:03:58.226471Z[0m [32m INFO[0m [2mvllm_coldstart_operator::fleet_controller[0m[2m:[0m FleetService 'exp-fleet': 1 slots placed (1 preserved, 0 newly planned) across 3 candidates
[2m2026-07-23T18:03:58.226563Z[0m [32m INFO[0m [2mvllm_coldstart_operator::fleet_controller[0m[2m:[0m reconciled FleetService exp-fleet
[2m2026-07-23T18:04:02.027863Z[0m [32m INFO[0m [2mvllm_coldstart_operator[0m[2m:[0m reconciling VllmService 'exp-fleet-0' in 'default': model=Qwen/Qwen2.5-7B-Instruct replicas=1 strategy=Eager
[2m2026-07-23T18:04:02.036527Z[0m [32m INFO[0m [2mvllm_coldstart_operator[0m[2m:[0m status of 'exp-fleet-0' -> Pending (0/1 ready)
[2m2026-07-23T18:04:02.036658Z[0m [32m INFO[0m [2mvllm_coldstart_operator[0m[2m:[0m reconciled exp-fleet-0
[2m2026-07-23T18:04:07.037742Z[0m [32m INFO[0m [2mvllm_coldstart_operator[0m[2m:[0m reconciling VllmService 'exp-fleet-0' in 'default': model=Qwen/Qwen2.5-7B-Instruct replicas=1 strategy=Eager
[2m2026-07-23T18:04:07.046437Z[0m [32m INFO[0m [2mvllm_coldstart_operator[0m[2m:[0m status of 'exp-fleet-0' -> Pending (0/1 ready)
[2m2026-07-23T18:04:07.046557Z[0m [32m INFO[0m [2mvllm_coldstart_operator[0m[2m:[0m reconciled exp-fleet-0
[2m2026-07-23T18:04:12.047866Z[0m [32m INFO[0m [2mvllm_coldstart_operator[0m[2m:[0m reconciling VllmService 'exp-fleet-0' in 'default': model=Qwen/Qwen2.5-7B-Instruct replicas=1 strategy=Eager
[2m2026-07-23T18:04:12.056906Z[0m [32m INFO[0m [2mvllm_coldstart_operator[0m[2m:[0m status of 'exp-fleet-0' -> Pending (0/1 ready)
[2m2026-07-23T18:04:12.057047Z[0m [32m INFO[0m [2mvllm_coldstart_operator[0m[2m:[0m reconciled exp-fleet-0
[2m2026-07-23T18:04:12.391856Z[0m [32m INFO[0m [2mvllm_coldstart_operator::fleet_controller[0m[2m:[0m reconciling FleetService 'exp-fleet' in 'default': model=Qwen/Qwen2.5-7B-Instruct replicas=1
[2m2026-07-23T18:04:12.598589Z[0m [32m INFO[0m [2mvllm_coldstart_operator::fleet_controller[0m[2m:[0m FleetService 'exp-fleet': 1 slots placed (1 preserved, 0 newly planned) across 3 candidates
[2m2026-07-23T18:04:12.598718Z[0m [32m INFO[0m [2mvllm_coldstart_operator::fleet_controller[0m[2m:[0m reconciled FleetService exp-fleet
[2m2026-07-23T18:04:12.598869Z[0m [32m INFO[0m [2mvllm_coldstart_operator::fleet_controller[0m[2m:[0m reconciling FleetService 'exp-fleet' in 'default': model=Qwen/Qwen2.5-7B-Instruct replicas=1
[2m2026-07-23T18:04:13.217210Z[0m [32m INFO[0m [2mvllm_coldstart_operator::fleet_controller[0m[2m:[0m FleetService 'exp-fleet': 1 slots placed (1 preserved, 0 newly planned) across 3 candidates
[2m2026-07-23T18:04:13.217611Z[0m [32m INFO[0m [2mvllm_coldstart_operator::fleet_controller[0m[2m:[0m reconciled FleetService exp-fleet
[2m2026-07-23T18:04:17.058181Z[0m [32m INFO[0m [2mvllm_coldstart_operator[0m[2m:[0m reconciling VllmService 'exp-fleet-0' in 'default': model=Qwen/Qwen2.5-7B-Instruct replicas=1 strategy=Eager
[2m2026-07-23T18:04:17.066804Z[0m [32m INFO[0m [2mvllm_coldstart_operator[0m[2m:[0m status of 'exp-fleet-0' -> Pending (0/1 ready)
[2m2026-07-23T18:04:17.066929Z[0m [32m INFO[0m [2mvllm_coldstart_operator[0m[2m:[0m reconciled exp-fleet-0
[2m2026-07-23T18:04:22.068021Z[0m [32m INFO[0m [2mvllm_coldstart_operator[0m[2m:[0m reconciling VllmService 'exp-fleet-0' in 'default': model=Qwen/Qwen2.5-7B-Instruct replicas=1 strategy=Eager
[2m2026-07-23T18:04:22.076560Z[0m [32m INFO[0m [2mvllm_coldstart_operator[0m[2m:[0m status of 'exp-fleet-0' -> Pending (0/1 ready)
[2m2026-07-23T18:04:22.076669Z[0m [32m INFO[0m [2mvllm_coldstart_operator[0m[2m:[0m reconciled exp-fleet-0
[2m2026-07-23T18:04:27.078028Z[0m [32m INFO[0m [2mvllm_coldstart_operator[0m[2m:[0m reconciling VllmService 'exp-fleet-0' in 'default': model=Qwen/Qwen2.5-7B-Instruct replicas=1 strategy=Eager
[2m2026-07-23T18:04:27.086712Z[0m [32m INFO[0m [2mvllm_coldstart_operator[0m[2m:[0m status of 'exp-fleet-0' -> Pending (0/1 ready)
[2m2026-07-23T18:04:27.086842Z[0m [32m INFO[0m [2mvllm_coldstart_operator[0m[2m:[0m reconciled exp-fleet-0
[2m2026-07-23T18:04:27.407065Z[0m [32m INFO[0m [2mvllm_coldstart_operator::fleet_controller[0m[2m:[0m reconciling FleetService 'exp-fleet' in 'default': model=Qwen/Qwen2.5-7B-Instruct replicas=1
[2m2026-07-23T18:04:27.514298Z[0m [32m INFO[0m [2mvllm_coldstart_operator::fleet_controller[0m[2m:[0m FleetService 'exp-fleet': 1 slots placed (1 preserved, 0 newly planned) across 3 candidates
[2m2026-07-23T18:04:27.514456Z[0m [32m INFO[0m [2mvllm_coldstart_operator::fleet_controller[0m[2m:[0m reconciled FleetService exp-fleet
[2m2026-07-23T18:04:27.514590Z[0m [32m INFO[0m [2mvllm_coldstart_operator::fleet_controller[0m[2m:[0m reconciling FleetService 'exp-fleet' in 'default': model=Qwen/Qwen2.5-7B-Instruct replicas=1
[2m2026-07-23T18:04:27.617295Z[0m [32m INFO[0m [2mvllm_coldstart_operator::fleet_controller[0m[2m:[0m FleetService 'exp-fleet': 1 slots placed (1 preserved, 0 newly planned) across 3 candidates
[2m2026-07-23T18:04:27.617450Z[0m [32m INFO[0m [2mvllm_coldstart_operator::fleet_controller[0m[2m:[0m reconciled FleetService exp-fleet
[2m2026-07-23T18:04:27.617560Z[0m [32m INFO[0m [2mvllm_coldstart_operator::fleet_controller[0m[2m:[0m reconciling FleetService 'exp-fleet' in 'default': model=Qwen/Qwen2.5-7B-Instruct replicas=1
[2m2026-07-23T18:04:28.216717Z[0m [32m INFO[0m [2mvllm_coldstart_operator::fleet_controller[0m[2m:[0m FleetService 'exp-fleet': 1 slots placed (1 preserved, 0 newly planned) across 3 candidates
[2m2026-07-23T18:04:28.216793Z[0m [32m INFO[0m [2mvllm_coldstart_operator::fleet_controller[0m[2m:[0m reconciled FleetService exp-fleet
[2m2026-07-23T18:04:32.087490Z[0m [32m INFO[0m [2mvllm_coldstart_operator[0m[2m:[0m reconciling VllmService 'exp-fleet-0' in 'default': model=Qwen/Qwen2.5-7B-Instruct replicas=1 strategy=Eager
[2m2026-07-23T18:04:32.096057Z[0m [32m INFO[0m [2mvllm_coldstart_operator[0m[2m:[0m status of 'exp-fleet-0' -> Pending (0/1 ready)
[2m2026-07-23T18:04:32.096193Z[0m [32m INFO[0m [2mvllm_coldstart_operator[0m[2m:[0m reconciled exp-fleet-0
[2m2026-07-23T18:04:37.098147Z[0m [32m INFO[0m [2mvllm_coldstart_operator[0m[2m:[0m reconciling VllmService 'exp-fleet-0' in 'default': model=Qwen/Qwen2.5-7B-Instruct replicas=1 strategy=Eager
[2m2026-07-23T18:04:37.106487Z[0m [32m INFO[0m [2mvllm_coldstart_operator[0m[2m:[0m status of 'exp-fleet-0' -> Pending (0/1 ready)
[2m2026-07-23T18:04:37.106597Z[0m [32m INFO[0m [2mvllm_coldstart_operator[0m[2m:[0m reconciled exp-fleet-0
[2m2026-07-23T18:04:42.108303Z[0m [32m INFO[0m [2mvllm_coldstart_operator[0m[2m:[0m reconciling VllmService 'exp-fleet-0' in 'default': model=Qwen/Qwen2.5-7B-Instruct replicas=1 strategy=Eager
[2m2026-07-23T18:04:42.117003Z[0m [32m INFO[0m [2mvllm_coldstart_operator[0m[2m:[0m status of 'exp-fleet-0' -> Pending (0/1 ready)
[2m2026-07-23T18:04:42.117119Z[0m [32m INFO[0m [2mvllm_coldstart_operator[0m[2m:[0m reconciled exp-fleet-0
[2m2026-07-23T18:04:42.421856Z[0m [32m INFO[0m [2mvllm_coldstart_operator::fleet_controller[0m[2m:[0m reconciling FleetService 'exp-fleet' in 'default': model=Qwen/Qwen2.5-7B-Instruct replicas=1
[2m2026-07-23T18:04:42.533198Z[0m [32m INFO[0m [2mvllm_coldstart_operator::fleet_controller[0m[2m:[0m FleetService 'exp-fleet': 1 slots placed (1 preserved, 0 newly planned) across 3 candidates
[2m2026-07-23T18:04:42.533446Z[0m [32m INFO[0m [2mvllm_coldstart_operator::fleet_controller[0m[2m:[0m reconciled FleetService exp-fleet
[2m2026-07-23T18:04:42.533542Z[0m [32m INFO[0m [2mvllm_coldstart_operator::fleet_controller[0m[2m:[0m reconciling FleetService 'exp-fleet' in 'default': model=Qwen/Qwen2.5-7B-Instruct replicas=1
[2m2026-07-23T18:04:43.217610Z[0m [32m INFO[0m [2mvllm_coldstart_operator::fleet_controller[0m[2m:[0m FleetService 'exp-fleet': 1 slots placed (1 preserved, 0 newly planned) across 3 candidates
[2m2026-07-23T18:04:43.217989Z[0m [32m INFO[0m [2mvllm_coldstart_operator::fleet_controller[0m[2m:[0m reconciled FleetService exp-fleet
[2m2026-07-23T18:04:43.218021Z[0m [32m INFO[0m [2mvllm_coldstart_operator::fleet_controller[0m[2m:[0m reconciling FleetService 'exp-fleet' in 'default': model=Qwen/Qwen2.5-7B-Instruct replicas=1
[2m2026-07-23T18:04:43.225722Z[0m [32m INFO[0m [2mvllm_coldstart_operator::fleet_controller[0m[2m:[0m FleetService 'exp-fleet': 1 slots placed (1 preserved, 0 newly planned) across 3 candidates
[2m2026-07-23T18:04:43.225831Z[0m [32m INFO[0m [2mvllm_coldstart_operator::fleet_controller[0m[2m:[0m reconciled FleetService exp-fleet
[2m2026-07-23T18:04:47.119054Z[0m [32m INFO[0m [2mvllm_coldstart_operator[0m[2m:[0m reconciling VllmService 'exp-fleet-0' in 'default': model=Qwen/Qwen2.5-7B-Instruct replicas=1 strategy=Eager
[2m2026-07-23T18:04:47.127570Z[0m [32m INFO[0m [2mvllm_coldstart_operator[0m[2m:[0m status of 'exp-fleet-0' -> Pending (0/1 ready)
[2m2026-07-23T18:04:47.127701Z[0m [32m INFO[0m [2mvllm_coldstart_operator[0m[2m:[0m reconciled exp-fleet-0
[2m2026-07-23T18:04:52.129092Z[0m [32m INFO[0m [2mvllm_coldstart_operator[0m[2m:[0m reconciling VllmService 'exp-fleet-0' in 'default': model=Qwen/Qwen2.5-7B-Instruct replicas=1 strategy=Eager
[2m2026-07-23T18:04:52.137717Z[0m [32m INFO[0m [2mvllm_coldstart_operator[0m[2m:[0m status of 'exp-fleet-0' -> Pending (0/1 ready)
[2m2026-07-23T18:04:52.137840Z[0m [32m INFO[0m [2mvllm_coldstart_operator[0m[2m:[0m reconciled exp-fleet-0
[2m2026-07-23T18:04:54.998628Z[0m [32m INFO[0m [2mvllm_coldstart_operator::fleet_controller[0m[2m:[0m reconciling FleetService 'exp-fleet' in 'default': model=Qwen/Qwen2.5-7B-Instruct replicas=1
[2m2026-07-23T18:04:55.210650Z[0m [32m INFO[0m [2mvllm_coldstart_operator::fleet_controller[0m[2m:[0m FleetService 'exp-fleet': preemption notice on '129-213-131-210' — rescheduling slot 0 to '157-151-148-27'
[2m2026-07-23T18:04:55.215415Z[0m [32m INFO[0m [2mvllm_coldstart_operator[0m[2m:[0m reconciling VllmService 'exp-fleet-0' in 'default': model=Qwen/Qwen2.5-7B-Instruct replicas=1 strategy=Eager
[2m2026-07-23T18:04:55.217153Z[0m [32m INFO[0m [2mvllm_coldstart_operator::fleet_controller[0m[2m:[0m FleetService 'exp-fleet': 1 slots placed (1 preserved, 0 newly planned) across 3 candidates
[2m2026-07-23T18:04:55.217223Z[0m [32m INFO[0m [2mvllm_coldstart_operator::fleet_controller[0m[2m:[0m reconciled FleetService exp-fleet
[2m2026-07-23T18:04:55.217295Z[0m [32m INFO[0m [2mvllm_coldstart_operator::fleet_controller[0m[2m:[0m reconciling FleetService 'exp-fleet' in 'default': model=Qwen/Qwen2.5-7B-Instruct replicas=1
[2m2026-07-23T18:04:55.267528Z[0m [32m INFO[0m [2mvllm_coldstart_operator[0m[2m:[0m status of 'exp-fleet-0' -> Pending (0/1 ready)
[2m2026-07-23T18:04:55.267691Z[0m [32m INFO[0m [2mvllm_coldstart_operator[0m[2m:[0m reconciled exp-fleet-0
[2m2026-07-23T18:04:55.267714Z[0m [32m INFO[0m [2mvllm_coldstart_operator[0m[2m:[0m reconciling VllmService 'exp-fleet-0' in 'default': model=Qwen/Qwen2.5-7B-Instruct replicas=1 strategy=Eager
[2m2026-07-23T18:04:55.275498Z[0m [32m INFO[0m [2mvllm_coldstart_operator[0m[2m:[0m status of 'exp-fleet-0' -> Pending (0/1 ready)
[2m2026-07-23T18:04:55.275558Z[0m [32m INFO[0m [2mvllm_coldstart_operator[0m[2m:[0m reconciled exp-fleet-0
[2m2026-07-23T18:04:55.275597Z[0m [32m INFO[0m [2mvllm_coldstart_operator[0m[2m:[0m reconciling VllmService 'exp-fleet-0' in 'default': model=Qwen/Qwen2.5-7B-Instruct replicas=1 strategy=Eager
[2m2026-07-23T18:04:55.282817Z[0m [32m INFO[0m [2mvllm_coldstart_operator[0m[2m:[0m status of 'exp-fleet-0' -> Pending (0/1 ready)
[2m2026-07-23T18:04:55.282872Z[0m [32m INFO[0m [2mvllm_coldstart_operator[0m[2m:[0m reconciled exp-fleet-0
[2m2026-07-23T18:04:55.820266Z[0m [33m WARN[0m [2mvllm_coldstart_operator::fleet_controller[0m[2m:[0m FleetService 'exp-fleet' reconcile failed: Kube(Api(ErrorResponse { status: "Failure", message: "fleetservices.inference.michelecampi.dev \"exp-fleet\" not found", reason: "NotFound", code: 404 }))
[2m2026-07-23T18:04:55.820345Z[0m [33m WARN[0m [2mvllm_coldstart_operator::fleet_controller[0m[2m:[0m fleet reconcile loop error: ReconcilerFailed(Kube(Api(ErrorResponse { status: "Failure", message: "fleetservices.inference.michelecampi.dev \"exp-fleet\" not found", reason: "NotFound", code: 404 })), ObjectRef { dyntype: ApiResource { group: "inference.michelecampi.dev", version: "v1alpha1", api_version: "inference.michelecampi.dev/v1alpha1", kind: "FleetService", plural: "fleetservices" }, name: "exp-fleet", namespace: Some("default"), extra: Extra { resource_version: None, uid: Some("73289597-cb34-4357-88f3-11f850028a60") } })
[2m2026-07-23T18:04:55.820364Z[0m [33m WARN[0m [2mvllm_coldstart_operator::fleet_controller[0m[2m:[0m fleet reconcile loop error: ObjectNotFound(ObjectRef { dyntype: ApiResource { group: "inference.michelecampi.dev", version: "v1alpha1", api_version: "inference.michelecampi.dev/v1alpha1", kind: "FleetService", plural: "fleetservices" }, name: "exp-fleet", namespace: Some("default"), extra: Extra { resource_version: Some("3105"), uid: Some("73289597-cb34-4357-88f3-11f850028a60") } })
[2m2026-07-23T18:04:55.821638Z[0m [32m INFO[0m [2mvllm_coldstart_operator[0m[2m:[0m reconciling VllmService 'exp-fleet-0' in 'default': model=Qwen/Qwen2.5-7B-Instruct replicas=1 strategy=Eager
[2m2026-07-23T18:04:55.826001Z[0m [33m WARN[0m [2mvllm_coldstart_operator::fleet_controller[0m[2m:[0m fleet reconcile loop error: ObjectNotFound(ObjectRef { dyntype: ApiResource { group: "inference.michelecampi.dev", version: "v1alpha1", api_version: "inference.michelecampi.dev/v1alpha1", kind: "FleetService", plural: "fleetservices" }, name: "exp-fleet", namespace: Some("default"), extra: Extra { resource_version: None, uid: Some("73289597-cb34-4357-88f3-11f850028a60") } })
[2m2026-07-23T18:04:55.832305Z[0m [33m WARN[0m [2mvllm_coldstart_operator[0m[2m:[0m reconcile failed: Kube API error: ApiError: vllmservices.inference.michelecampi.dev "exp-fleet-0" not found: NotFound (ErrorResponse { status: "Failure", message: "vllmservices.inference.michelecampi.dev \"exp-fleet-0\" not found", reason: "NotFound", code: 404 })
[2m2026-07-23T18:04:55.832345Z[0m [33m WARN[0m [2mvllm_coldstart_operator[0m[2m:[0m reconcile loop error: ReconcilerFailed(Kube(Api(ErrorResponse { status: "Failure", message: "vllmservices.inference.michelecampi.dev \"exp-fleet-0\" not found", reason: "NotFound", code: 404 })), ObjectRef { dyntype: ApiResource { group: "inference.michelecampi.dev", version: "v1alpha1", api_version: "inference.michelecampi.dev/v1alpha1", kind: "VllmService", plural: "vllmservices" }, name: "exp-fleet-0", namespace: Some("default"), extra: Extra { resource_version: Some("3119"), uid: Some("ac71cb83-7708-4149-ba56-fe3eb106c5a8") } })
[2m2026-07-23T18:04:55.832367Z[0m [33m WARN[0m [2mvllm_coldstart_operator[0m[2m:[0m reconcile loop error: ObjectNotFound(ObjectRef { dyntype: ApiResource { group: "inference.michelecampi.dev", version: "v1alpha1", api_version: "inference.michelecampi.dev/v1alpha1", kind: "VllmService", plural: "vllmservices" }, name: "exp-fleet-0", namespace: Some("default"), extra: Extra { resource_version: None, uid: Some("149ff178-45e8-4fd9-b63e-386f1ad71073") } })
[2m2026-07-23T18:04:55.835391Z[0m [33m WARN[0m [2mvllm_coldstart_operator[0m[2m:[0m reconcile loop error: ObjectNotFound(ObjectRef { dyntype: ApiResource { group: "inference.michelecampi.dev", version: "v1alpha1", api_version: "inference.michelecampi.dev/v1alpha1", kind: "VllmService", plural: "vllmservices" }, name: "exp-fleet-0", namespace: Some("default"), extra: Extra { resource_version: None, uid: Some("ac71cb83-7708-4149-ba56-fe3eb106c5a8") } })
[2m2026-07-23T18:04:55.842473Z[0m [33m WARN[0m [2mvllm_coldstart_operator[0m[2m:[0m reconcile loop error: ObjectNotFound(ObjectRef { dyntype: ApiResource { group: "inference.michelecampi.dev", version: "v1alpha1", api_version: "inference.michelecampi.dev/v1alpha1", kind: "VllmService", plural: "vllmservices" }, name: "exp-fleet-0", namespace: Some("default"), extra: Extra { resource_version: None, uid: Some("ac71cb83-7708-4149-ba56-fe3eb106c5a8") } })
[2m2026-07-23T18:08:55.796752Z[0m [32m INFO[0m [2mvllm_coldstart_operator::fleet_controller[0m[2m:[0m reconciling FleetService 'exp-fleet' in 'default': model=Qwen/Qwen2.5-7B-Instruct replicas=1
[2m2026-07-23T18:08:56.223152Z[0m [32m INFO[0m [2mvllm_coldstart_operator[0m[2m:[0m reconciling VllmService 'exp-fleet-0' in 'default': model=Qwen/Qwen2.5-7B-Instruct replicas=1 strategy=Eager
[2m2026-07-23T18:08:56.224368Z[0m [32m INFO[0m [2mvllm_coldstart_operator::fleet_controller[0m[2m:[0m FleetService 'exp-fleet': 1 slots placed (0 preserved, 1 newly planned) across 3 candidates
[2m2026-07-23T18:08:56.224424Z[0m [32m INFO[0m [2mvllm_coldstart_operator::fleet_controller[0m[2m:[0m reconciled FleetService exp-fleet
[2m2026-07-23T18:08:56.224442Z[0m [32m INFO[0m [2mvllm_coldstart_operator::fleet_controller[0m[2m:[0m reconciling FleetService 'exp-fleet' in 'default': model=Qwen/Qwen2.5-7B-Instruct replicas=1
[2m2026-07-23T18:08:56.273640Z[0m [32m INFO[0m [2mvllm_coldstart_operator[0m[2m:[0m status of 'exp-fleet-0' -> Pending (0/1 ready)
[2m2026-07-23T18:08:56.273689Z[0m [32m INFO[0m [2mvllm_coldstart_operator[0m[2m:[0m reconciled exp-fleet-0
[2m2026-07-23T18:08:56.273713Z[0m [32m INFO[0m [2mvllm_coldstart_operator[0m[2m:[0m reconciling VllmService 'exp-fleet-0' in 'default': model=Qwen/Qwen2.5-7B-Instruct replicas=1 strategy=Eager
[2m2026-07-23T18:08:56.281273Z[0m [32m INFO[0m [2mvllm_coldstart_operator[0m[2m:[0m status of 'exp-fleet-0' -> Pending (0/1 ready)
[2m2026-07-23T18:08:56.281311Z[0m [32m INFO[0m [2mvllm_coldstart_operator[0m[2m:[0m reconciled exp-fleet-0
[2m2026-07-23T18:08:56.281327Z[0m [32m INFO[0m [2mvllm_coldstart_operator[0m[2m:[0m reconciling VllmService 'exp-fleet-0' in 'default': model=Qwen/Qwen2.5-7B-Instruct replicas=1 strategy=Eager
[2m2026-07-23T18:08:56.288534Z[0m [32m INFO[0m [2mvllm_coldstart_operator[0m[2m:[0m status of 'exp-fleet-0' -> Pending (0/1 ready)
[2m2026-07-23T18:08:56.288574Z[0m [32m INFO[0m [2mvllm_coldstart_operator[0m[2m:[0m reconciled exp-fleet-0
[2m2026-07-23T18:08:57.050160Z[0m [32m INFO[0m [2mvllm_coldstart_operator[0m[2m:[0m reconciling VllmService 'exp-fleet-0' in 'default': model=Qwen/Qwen2.5-7B-Instruct replicas=1 strategy=Eager
[2m2026-07-23T18:08:57.057950Z[0m [32m INFO[0m [2mvllm_coldstart_operator[0m[2m:[0m status of 'exp-fleet-0' -> Pending (0/1 ready)
[2m2026-07-23T18:08:57.058102Z[0m [32m INFO[0m [2mvllm_coldstart_operator[0m[2m:[0m reconciled exp-fleet-0
[2m2026-07-23T18:08:57.216827Z[0m [32m INFO[0m [2mvllm_coldstart_operator::fleet_controller[0m[2m:[0m FleetService 'exp-fleet': 1 slots placed (1 preserved, 0 newly planned) across 3 candidates
[2m2026-07-23T18:08:57.217018Z[0m [32m INFO[0m [2mvllm_coldstart_operator::fleet_controller[0m[2m:[0m reconciled FleetService exp-fleet
[2m2026-07-23T18:08:57.217129Z[0m [32m INFO[0m [2mvllm_coldstart_operator::fleet_controller[0m[2m:[0m reconciling FleetService 'exp-fleet' in 'default': model=Qwen/Qwen2.5-7B-Instruct replicas=1
[2m2026-07-23T18:08:57.245763Z[0m [32m INFO[0m [2mvllm_coldstart_operator::fleet_controller[0m[2m:[0m FleetService 'exp-fleet': 1 slots placed (1 preserved, 0 newly planned) across 3 candidates
[2m2026-07-23T18:08:57.245897Z[0m [32m INFO[0m [2mvllm_coldstart_operator::fleet_controller[0m[2m:[0m reconciled FleetService exp-fleet
[2m2026-07-23T18:08:59.853393Z[0m [32m INFO[0m [2mvllm_coldstart_operator::fleet_controller[0m[2m:[0m reconciling FleetService 'exp-fleet' in 'default': model=Qwen/Qwen2.5-7B-Instruct replicas=1
[2m2026-07-23T18:09:00.217403Z[0m [32m INFO[0m [2mvllm_coldstart_operator::fleet_controller[0m[2m:[0m FleetService 'exp-fleet': 1 slots placed (1 preserved, 0 newly planned) across 3 candidates
[2m2026-07-23T18:09:00.217638Z[0m [32m INFO[0m [2mvllm_coldstart_operator::fleet_controller[0m[2m:[0m reconciled FleetService exp-fleet
[2m2026-07-23T18:09:00.217661Z[0m [32m INFO[0m [2mvllm_coldstart_operator::fleet_controller[0m[2m:[0m reconciling FleetService 'exp-fleet' in 'default': model=Qwen/Qwen2.5-7B-Instruct replicas=1
[2m2026-07-23T18:09:00.225009Z[0m [32m INFO[0m [2mvllm_coldstart_operator::fleet_controller[0m[2m:[0m FleetService 'exp-fleet': 1 slots placed (1 preserved, 0 newly planned) across 3 candidates
[2m2026-07-23T18:09:00.225066Z[0m [32m INFO[0m [2mvllm_coldstart_operator::fleet_controller[0m[2m:[0m reconciled FleetService exp-fleet
[2m2026-07-23T18:09:02.060106Z[0m [32m INFO[0m [2mvllm_coldstart_operator[0m[2m:[0m reconciling VllmService 'exp-fleet-0' in 'default': model=Qwen/Qwen2.5-7B-Instruct replicas=1 strategy=Eager
[2m2026-07-23T18:09:02.070014Z[0m [32m INFO[0m [2mvllm_coldstart_operator[0m[2m:[0m status of 'exp-fleet-0' -> Pending (0/1 ready)
[2m2026-07-23T18:09:02.070065Z[0m [32m INFO[0m [2mvllm_coldstart_operator[0m[2m:[0m reconciled exp-fleet-0
[2m2026-07-23T18:09:07.071269Z[0m [32m INFO[0m [2mvllm_coldstart_operator[0m[2m:[0m reconciling VllmService 'exp-fleet-0' in 'default': model=Qwen/Qwen2.5-7B-Instruct replicas=1 strategy=Eager
[2m2026-07-23T18:09:07.081204Z[0m [32m INFO[0m [2mvllm_coldstart_operator[0m[2m:[0m status of 'exp-fleet-0' -> Pending (0/1 ready)
[2m2026-07-23T18:09:07.081254Z[0m [32m INFO[0m [2mvllm_coldstart_operator[0m[2m:[0m reconciled exp-fleet-0
[2m2026-07-23T18:09:12.082491Z[0m [32m INFO[0m [2mvllm_coldstart_operator[0m[2m:[0m reconciling VllmService 'exp-fleet-0' in 'default': model=Qwen/Qwen2.5-7B-Instruct replicas=1 strategy=Eager
[2m2026-07-23T18:09:12.091340Z[0m [32m INFO[0m [2mvllm_coldstart_operator[0m[2m:[0m status of 'exp-fleet-0' -> Pending (0/1 ready)
[2m2026-07-23T18:09:12.091389Z[0m [32m INFO[0m [2mvllm_coldstart_operator[0m[2m:[0m reconciled exp-fleet-0
[2m2026-07-23T18:09:14.872712Z[0m [32m INFO[0m [2mvllm_coldstart_operator::fleet_controller[0m[2m:[0m reconciling FleetService 'exp-fleet' in 'default': model=Qwen/Qwen2.5-7B-Instruct replicas=1
[2m2026-07-23T18:09:14.968264Z[0m [32m INFO[0m [2mvllm_coldstart_operator::fleet_controller[0m[2m:[0m FleetService 'exp-fleet': 1 slots placed (1 preserved, 0 newly planned) across 3 candidates
[2m2026-07-23T18:09:14.968347Z[0m [32m INFO[0m [2mvllm_coldstart_operator::fleet_controller[0m[2m:[0m reconciled FleetService exp-fleet
[2m2026-07-23T18:09:14.968367Z[0m [32m INFO[0m [2mvllm_coldstart_operator::fleet_controller[0m[2m:[0m reconciling FleetService 'exp-fleet' in 'default': model=Qwen/Qwen2.5-7B-Instruct replicas=1
[2m2026-07-23T18:09:15.217208Z[0m [32m INFO[0m [2mvllm_coldstart_operator::fleet_controller[0m[2m:[0m FleetService 'exp-fleet': 1 slots placed (1 preserved, 0 newly planned) across 3 candidates
[2m2026-07-23T18:09:15.217291Z[0m [32m INFO[0m [2mvllm_coldstart_operator::fleet_controller[0m[2m:[0m reconciled FleetService exp-fleet
[2m2026-07-23T18:09:17.093325Z[0m [32m INFO[0m [2mvllm_coldstart_operator[0m[2m:[0m reconciling VllmService 'exp-fleet-0' in 'default': model=Qwen/Qwen2.5-7B-Instruct replicas=1 strategy=Eager
[2m2026-07-23T18:09:17.101762Z[0m [32m INFO[0m [2mvllm_coldstart_operator[0m[2m:[0m status of 'exp-fleet-0' -> Pending (0/1 ready)
[2m2026-07-23T18:09:17.101806Z[0m [32m INFO[0m [2mvllm_coldstart_operator[0m[2m:[0m reconciled exp-fleet-0
[2m2026-07-23T18:09:22.103084Z[0m [32m INFO[0m [2mvllm_coldstart_operator[0m[2m:[0m reconciling VllmService 'exp-fleet-0' in 'default': model=Qwen/Qwen2.5-7B-Instruct replicas=1 strategy=Eager
[2m2026-07-23T18:09:22.111593Z[0m [32m INFO[0m [2mvllm_coldstart_operator[0m[2m:[0m status of 'exp-fleet-0' -> Pending (0/1 ready)
[2m2026-07-23T18:09:22.111642Z[0m [32m INFO[0m [2mvllm_coldstart_operator[0m[2m:[0m reconciled exp-fleet-0
[2m2026-07-23T18:09:27.112885Z[0m [32m INFO[0m [2mvllm_coldstart_operator[0m[2m:[0m reconciling VllmService 'exp-fleet-0' in 'default': model=Qwen/Qwen2.5-7B-Instruct replicas=1 strategy=Eager
[2m2026-07-23T18:09:27.122053Z[0m [32m INFO[0m [2mvllm_coldstart_operator[0m[2m:[0m status of 'exp-fleet-0' -> Pending (0/1 ready)
[2m2026-07-23T18:09:27.122101Z[0m [32m INFO[0m [2mvllm_coldstart_operator[0m[2m:[0m reconciled exp-fleet-0
[2m2026-07-23T18:09:29.892168Z[0m [32m INFO[0m [2mvllm_coldstart_operator::fleet_controller[0m[2m:[0m reconciling FleetService 'exp-fleet' in 'default': model=Qwen/Qwen2.5-7B-Instruct replicas=1
[2m2026-07-23T18:09:29.997746Z[0m [32m INFO[0m [2mvllm_coldstart_operator::fleet_controller[0m[2m:[0m FleetService 'exp-fleet': 1 slots placed (1 preserved, 0 newly planned) across 3 candidates
[2m2026-07-23T18:09:29.997813Z[0m [32m INFO[0m [2mvllm_coldstart_operator::fleet_controller[0m[2m:[0m reconciled FleetService exp-fleet
[2m2026-07-23T18:09:29.997830Z[0m [32m INFO[0m [2mvllm_coldstart_operator::fleet_controller[0m[2m:[0m reconciling FleetService 'exp-fleet' in 'default': model=Qwen/Qwen2.5-7B-Instruct replicas=1
[2m2026-07-23T18:09:30.216882Z[0m [32m INFO[0m [2mvllm_coldstart_operator::fleet_controller[0m[2m:[0m FleetService 'exp-fleet': 1 slots placed (1 preserved, 0 newly planned) across 3 candidates
[2m2026-07-23T18:09:30.217114Z[0m [32m INFO[0m [2mvllm_coldstart_operator::fleet_controller[0m[2m:[0m reconciled FleetService exp-fleet
[2m2026-07-23T18:09:32.124065Z[0m [32m INFO[0m [2mvllm_coldstart_operator[0m[2m:[0m reconciling VllmService 'exp-fleet-0' in 'default': model=Qwen/Qwen2.5-7B-Instruct replicas=1 strategy=Eager
[2m2026-07-23T18:09:32.134331Z[0m [32m INFO[0m [2mvllm_coldstart_operator[0m[2m:[0m status of 'exp-fleet-0' -> Pending (0/1 ready)
[2m2026-07-23T18:09:32.134381Z[0m [32m INFO[0m [2mvllm_coldstart_operator[0m[2m:[0m reconciled exp-fleet-0
[2m2026-07-23T18:09:37.136064Z[0m [32m INFO[0m [2mvllm_coldstart_operator[0m[2m:[0m reconciling VllmService 'exp-fleet-0' in 'default': model=Qwen/Qwen2.5-7B-Instruct replicas=1 strategy=Eager
[2m2026-07-23T18:09:37.144452Z[0m [32m INFO[0m [2mvllm_coldstart_operator[0m[2m:[0m status of 'exp-fleet-0' -> Pending (0/1 ready)
[2m2026-07-23T18:09:37.144498Z[0m [32m INFO[0m [2mvllm_coldstart_operator[0m[2m:[0m reconciled exp-fleet-0
[2m2026-07-23T18:09:42.145696Z[0m [32m INFO[0m [2mvllm_coldstart_operator[0m[2m:[0m reconciling VllmService 'exp-fleet-0' in 'default': model=Qwen/Qwen2.5-7B-Instruct replicas=1 strategy=Eager
[2m2026-07-23T18:09:42.154390Z[0m [32m INFO[0m [2mvllm_coldstart_operator[0m[2m:[0m status of 'exp-fleet-0' -> Pending (0/1 ready)
[2m2026-07-23T18:09:42.154438Z[0m [32m INFO[0m [2mvllm_coldstart_operator[0m[2m:[0m reconciled exp-fleet-0
[2m2026-07-23T18:09:44.909954Z[0m [32m INFO[0m [2mvllm_coldstart_operator::fleet_controller[0m[2m:[0m reconciling FleetService 'exp-fleet' in 'default': model=Qwen/Qwen2.5-7B-Instruct replicas=1
[2m2026-07-23T18:09:45.007100Z[0m [32m INFO[0m [2mvllm_coldstart_operator::fleet_controller[0m[2m:[0m FleetService 'exp-fleet': 1 slots placed (1 preserved, 0 newly planned) across 3 candidates
[2m2026-07-23T18:09:45.007171Z[0m [32m INFO[0m [2mvllm_coldstart_operator::fleet_controller[0m[2m:[0m reconciled FleetService exp-fleet
[2m2026-07-23T18:09:45.007188Z[0m [32m INFO[0m [2mvllm_coldstart_operator::fleet_controller[0m[2m:[0m reconciling FleetService 'exp-fleet' in 'default': model=Qwen/Qwen2.5-7B-Instruct replicas=1
[2m2026-07-23T18:09:45.216268Z[0m [32m INFO[0m [2mvllm_coldstart_operator::fleet_controller[0m[2m:[0m FleetService 'exp-fleet': 1 slots placed (1 preserved, 0 newly planned) across 3 candidates
[2m2026-07-23T18:09:45.216449Z[0m [32m INFO[0m [2mvllm_coldstart_operator::fleet_controller[0m[2m:[0m reconciled FleetService exp-fleet
[2m2026-07-23T18:09:47.156419Z[0m [32m INFO[0m [2mvllm_coldstart_operator[0m[2m:[0m reconciling VllmService 'exp-fleet-0' in 'default': model=Qwen/Qwen2.5-7B-Instruct replicas=1 strategy=Eager
[2m2026-07-23T18:09:47.165544Z[0m [32m INFO[0m [2mvllm_coldstart_operator[0m[2m:[0m status of 'exp-fleet-0' -> Pending (0/1 ready)
[2m2026-07-23T18:09:47.165590Z[0m [32m INFO[0m [2mvllm_coldstart_operator[0m[2m:[0m reconciled exp-fleet-0
[2m2026-07-23T18:09:52.166555Z[0m [32m INFO[0m [2mvllm_coldstart_operator[0m[2m:[0m reconciling VllmService 'exp-fleet-0' in 'default': model=Qwen/Qwen2.5-7B-Instruct replicas=1 strategy=Eager
[2m2026-07-23T18:09:52.175465Z[0m [32m INFO[0m [2mvllm_coldstart_operator[0m[2m:[0m status of 'exp-fleet-0' -> Pending (0/1 ready)
[2m2026-07-23T18:09:52.175512Z[0m [32m INFO[0m [2mvllm_coldstart_operator[0m[2m:[0m reconciled exp-fleet-0
[2m2026-07-23T18:09:57.176723Z[0m [32m INFO[0m [2mvllm_coldstart_operator[0m[2m:[0m reconciling VllmService 'exp-fleet-0' in 'default': model=Qwen/Qwen2.5-7B-Instruct replicas=1 strategy=Eager
[2m2026-07-23T18:09:57.185368Z[0m [32m INFO[0m [2mvllm_coldstart_operator[0m[2m:[0m status of 'exp-fleet-0' -> Pending (0/1 ready)
[2m2026-07-23T18:09:57.185418Z[0m [32m INFO[0m [2mvllm_coldstart_operator[0m[2m:[0m reconciled exp-fleet-0
[2m2026-07-23T18:09:59.930602Z[0m [32m INFO[0m [2mvllm_coldstart_operator::fleet_controller[0m[2m:[0m reconciling FleetService 'exp-fleet' in 'default': model=Qwen/Qwen2.5-7B-Instruct replicas=1
[2m2026-07-23T18:10:00.021639Z[0m [32m INFO[0m [2mvllm_coldstart_operator::fleet_controller[0m[2m:[0m FleetService 'exp-fleet': 1 slots placed (1 preserved, 0 newly planned) across 3 candidates
[2m2026-07-23T18:10:00.021707Z[0m [32m INFO[0m [2mvllm_coldstart_operator::fleet_controller[0m[2m:[0m reconciled FleetService exp-fleet
[2m2026-07-23T18:10:00.021838Z[0m [32m INFO[0m [2mvllm_coldstart_operator::fleet_controller[0m[2m:[0m reconciling FleetService 'exp-fleet' in 'default': model=Qwen/Qwen2.5-7B-Instruct replicas=1
[2m2026-07-23T18:10:00.217241Z[0m [32m INFO[0m [2mvllm_coldstart_operator::fleet_controller[0m[2m:[0m FleetService 'exp-fleet': 1 slots placed (1 preserved, 0 newly planned) across 3 candidates
[2m2026-07-23T18:10:00.217489Z[0m [32m INFO[0m [2mvllm_coldstart_operator::fleet_controller[0m[2m:[0m reconciled FleetService exp-fleet
[2m2026-07-23T18:10:02.186548Z[0m [32m INFO[0m [2mvllm_coldstart_operator[0m[2m:[0m reconciling VllmService 'exp-fleet-0' in 'default': model=Qwen/Qwen2.5-7B-Instruct replicas=1 strategy=Eager
[2m2026-07-23T18:10:02.195194Z[0m [32m INFO[0m [2mvllm_coldstart_operator[0m[2m:[0m status of 'exp-fleet-0' -> Pending (0/1 ready)
[2m2026-07-23T18:10:02.195243Z[0m [32m INFO[0m [2mvllm_coldstart_operator[0m[2m:[0m reconciled exp-fleet-0
[2m2026-07-23T18:10:07.196455Z[0m [32m INFO[0m [2mvllm_coldstart_operator[0m[2m:[0m reconciling VllmService 'exp-fleet-0' in 'default': model=Qwen/Qwen2.5-7B-Instruct replicas=1 strategy=Eager
[2m2026-07-23T18:10:07.205348Z[0m [32m INFO[0m [2mvllm_coldstart_operator[0m[2m:[0m status of 'exp-fleet-0' -> Pending (0/1 ready)
[2m2026-07-23T18:10:07.205394Z[0m [32m INFO[0m [2mvllm_coldstart_operator[0m[2m:[0m reconciled exp-fleet-0
[2m2026-07-23T18:10:12.206592Z[0m [32m INFO[0m [2mvllm_coldstart_operator[0m[2m:[0m reconciling VllmService 'exp-fleet-0' in 'default': model=Qwen/Qwen2.5-7B-Instruct replicas=1 strategy=Eager
[2m2026-07-23T18:10:12.214754Z[0m [32m INFO[0m [2mvllm_coldstart_operator[0m[2m:[0m status of 'exp-fleet-0' -> Pending (0/1 ready)
[2m2026-07-23T18:10:12.214798Z[0m [32m INFO[0m [2mvllm_coldstart_operator[0m[2m:[0m reconciled exp-fleet-0
[2m2026-07-23T18:10:14.949184Z[0m [32m INFO[0m [2mvllm_coldstart_operator::fleet_controller[0m[2m:[0m reconciling FleetService 'exp-fleet' in 'default': model=Qwen/Qwen2.5-7B-Instruct replicas=1
[2m2026-07-23T18:10:15.040377Z[0m [32m INFO[0m [2mvllm_coldstart_operator::fleet_controller[0m[2m:[0m FleetService 'exp-fleet': 1 slots placed (1 preserved, 0 newly planned) across 3 candidates
[2m2026-07-23T18:10:15.040602Z[0m [32m INFO[0m [2mvllm_coldstart_operator::fleet_controller[0m[2m:[0m reconciled FleetService exp-fleet
[2m2026-07-23T18:10:15.040675Z[0m [32m INFO[0m [2mvllm_coldstart_operator::fleet_controller[0m[2m:[0m reconciling FleetService 'exp-fleet' in 'default': model=Qwen/Qwen2.5-7B-Instruct replicas=1
[2m2026-07-23T18:10:15.217983Z[0m [32m INFO[0m [2mvllm_coldstart_operator::fleet_controller[0m[2m:[0m FleetService 'exp-fleet': 1 slots placed (1 preserved, 0 newly planned) across 3 candidates
[2m2026-07-23T18:10:15.218207Z[0m [32m INFO[0m [2mvllm_coldstart_operator::fleet_controller[0m[2m:[0m reconciled FleetService exp-fleet
[2m2026-07-23T18:10:17.216258Z[0m [32m INFO[0m [2mvllm_coldstart_operator[0m[2m:[0m reconciling VllmService 'exp-fleet-0' in 'default': model=Qwen/Qwen2.5-7B-Instruct replicas=1 strategy=Eager
[2m2026-07-23T18:10:17.225092Z[0m [32m INFO[0m [2mvllm_coldstart_operator[0m[2m:[0m status of 'exp-fleet-0' -> Pending (0/1 ready)
[2m2026-07-23T18:10:17.225165Z[0m [32m INFO[0m [2mvllm_coldstart_operator[0m[2m:[0m reconciled exp-fleet-0
[2m2026-07-23T18:10:22.227405Z[0m [32m INFO[0m [2mvllm_coldstart_operator[0m[2m:[0m reconciling VllmService 'exp-fleet-0' in 'default': model=Qwen/Qwen2.5-7B-Instruct replicas=1 strategy=Eager
[2m2026-07-23T18:10:22.236338Z[0m [32m INFO[0m [2mvllm_coldstart_operator[0m[2m:[0m status of 'exp-fleet-0' -> Pending (0/1 ready)
[2m2026-07-23T18:10:22.236388Z[0m [32m INFO[0m [2mvllm_coldstart_operator[0m[2m:[0m reconciled exp-fleet-0
[2m2026-07-23T18:10:27.238020Z[0m [32m INFO[0m [2mvllm_coldstart_operator[0m[2m:[0m reconciling VllmService 'exp-fleet-0' in 'default': model=Qwen/Qwen2.5-7B-Instruct replicas=1 strategy=Eager
[2m2026-07-23T18:10:27.246576Z[0m [32m INFO[0m [2mvllm_coldstart_operator[0m[2m:[0m status of 'exp-fleet-0' -> Pending (0/1 ready)
[2m2026-07-23T18:10:27.246633Z[0m [32m INFO[0m [2mvllm_coldstart_operator[0m[2m:[0m reconciled exp-fleet-0
[2m2026-07-23T18:10:29.968070Z[0m [32m INFO[0m [2mvllm_coldstart_operator::fleet_controller[0m[2m:[0m reconciling FleetService 'exp-fleet' in 'default': model=Qwen/Qwen2.5-7B-Instruct replicas=1
[2m2026-07-23T18:10:30.060619Z[0m [32m INFO[0m [2mvllm_coldstart_operator::fleet_controller[0m[2m:[0m FleetService 'exp-fleet': 1 slots placed (1 preserved, 0 newly planned) across 3 candidates
[2m2026-07-23T18:10:30.060695Z[0m [32m INFO[0m [2mvllm_coldstart_operator::fleet_controller[0m[2m:[0m reconciled FleetService exp-fleet
[2m2026-07-23T18:10:30.060713Z[0m [32m INFO[0m [2mvllm_coldstart_operator::fleet_controller[0m[2m:[0m reconciling FleetService 'exp-fleet' in 'default': model=Qwen/Qwen2.5-7B-Instruct replicas=1
[2m2026-07-23T18:10:30.216556Z[0m [32m INFO[0m [2mvllm_coldstart_operator::fleet_controller[0m[2m:[0m FleetService 'exp-fleet': 1 slots placed (1 preserved, 0 newly planned) across 3 candidates
[2m2026-07-23T18:10:30.216642Z[0m [32m INFO[0m [2mvllm_coldstart_operator::fleet_controller[0m[2m:[0m reconciled FleetService exp-fleet
[2m2026-07-23T18:10:32.247468Z[0m [32m INFO[0m [2mvllm_coldstart_operator[0m[2m:[0m reconciling VllmService 'exp-fleet-0' in 'default': model=Qwen/Qwen2.5-7B-Instruct replicas=1 strategy=Eager
[2m2026-07-23T18:10:32.255995Z[0m [32m INFO[0m [2mvllm_coldstart_operator[0m[2m:[0m status of 'exp-fleet-0' -> Pending (0/1 ready)
[2m2026-07-23T18:10:32.256053Z[0m [32m INFO[0m [2mvllm_coldstart_operator[0m[2m:[0m reconciled exp-fleet-0
[2m2026-07-23T18:10:37.257301Z[0m [32m INFO[0m [2mvllm_coldstart_operator[0m[2m:[0m reconciling VllmService 'exp-fleet-0' in 'default': model=Qwen/Qwen2.5-7B-Instruct replicas=1 strategy=Eager
[2m2026-07-23T18:10:37.265761Z[0m [32m INFO[0m [2mvllm_coldstart_operator[0m[2m:[0m status of 'exp-fleet-0' -> Pending (0/1 ready)
[2m2026-07-23T18:10:37.265901Z[0m [32m INFO[0m [2mvllm_coldstart_operator[0m[2m:[0m reconciled exp-fleet-0
[2m2026-07-23T18:10:42.267035Z[0m [32m INFO[0m [2mvllm_coldstart_operator[0m[2m:[0m reconciling VllmService 'exp-fleet-0' in 'default': model=Qwen/Qwen2.5-7B-Instruct replicas=1 strategy=Eager
[2m2026-07-23T18:10:42.275518Z[0m [32m INFO[0m [2mvllm_coldstart_operator[0m[2m:[0m status of 'exp-fleet-0' -> Pending (0/1 ready)
[2m2026-07-23T18:10:42.275565Z[0m [32m INFO[0m [2mvllm_coldstart_operator[0m[2m:[0m reconciled exp-fleet-0
[2m2026-07-23T18:10:44.986946Z[0m [32m INFO[0m [2mvllm_coldstart_operator::fleet_controller[0m[2m:[0m reconciling FleetService 'exp-fleet' in 'default': model=Qwen/Qwen2.5-7B-Instruct replicas=1
[2m2026-07-23T18:10:45.216976Z[0m [32m INFO[0m [2mvllm_coldstart_operator::fleet_controller[0m[2m:[0m FleetService 'exp-fleet': 1 slots placed (1 preserved, 0 newly planned) across 3 candidates
[2m2026-07-23T18:10:45.217061Z[0m [32m INFO[0m [2mvllm_coldstart_operator::fleet_controller[0m[2m:[0m reconciled FleetService exp-fleet
[2m2026-07-23T18:10:45.217080Z[0m [32m INFO[0m [2mvllm_coldstart_operator::fleet_controller[0m[2m:[0m reconciling FleetService 'exp-fleet' in 'default': model=Qwen/Qwen2.5-7B-Instruct replicas=1
[2m2026-07-23T18:10:45.224314Z[0m [32m INFO[0m [2mvllm_coldstart_operator::fleet_controller[0m[2m:[0m FleetService 'exp-fleet': 1 slots placed (1 preserved, 0 newly planned) across 3 candidates
[2m2026-07-23T18:10:45.224373Z[0m [32m INFO[0m [2mvllm_coldstart_operator::fleet_controller[0m[2m:[0m reconciled FleetService exp-fleet
[2m2026-07-23T18:10:47.276581Z[0m [32m INFO[0m [2mvllm_coldstart_operator[0m[2m:[0m reconciling VllmService 'exp-fleet-0' in 'default': model=Qwen/Qwen2.5-7B-Instruct replicas=1 strategy=Eager
[2m2026-07-23T18:10:47.287019Z[0m [32m INFO[0m [2mvllm_coldstart_operator[0m[2m:[0m status of 'exp-fleet-0' -> Pending (0/1 ready)
[2m2026-07-23T18:10:47.287070Z[0m [32m INFO[0m [2mvllm_coldstart_operator[0m[2m:[0m reconciled exp-fleet-0
[2m2026-07-23T18:10:52.287584Z[0m [32m INFO[0m [2mvllm_coldstart_operator[0m[2m:[0m reconciling VllmService 'exp-fleet-0' in 'default': model=Qwen/Qwen2.5-7B-Instruct replicas=1 strategy=Eager
[2m2026-07-23T18:10:52.296010Z[0m [32m INFO[0m [2mvllm_coldstart_operator[0m[2m:[0m status of 'exp-fleet-0' -> Pending (0/1 ready)
[2m2026-07-23T18:10:52.296062Z[0m [32m INFO[0m [2mvllm_coldstart_operator[0m[2m:[0m reconciled exp-fleet-0
[2m2026-07-23T18:10:57.297269Z[0m [32m INFO[0m [2mvllm_coldstart_operator[0m[2m:[0m reconciling VllmService 'exp-fleet-0' in 'default': model=Qwen/Qwen2.5-7B-Instruct replicas=1 strategy=Eager
[2m2026-07-23T18:10:57.306067Z[0m [32m INFO[0m [2mvllm_coldstart_operator[0m[2m:[0m status of 'exp-fleet-0' -> Pending (0/1 ready)
[2m2026-07-23T18:10:57.306117Z[0m [32m INFO[0m [2mvllm_coldstart_operator[0m[2m:[0m reconciled exp-fleet-0
[2m2026-07-23T18:11:00.005614Z[0m [32m INFO[0m [2mvllm_coldstart_operator::fleet_controller[0m[2m:[0m reconciling FleetService 'exp-fleet' in 'default': model=Qwen/Qwen2.5-7B-Instruct replicas=1
[2m2026-07-23T18:11:00.159554Z[0m [32m INFO[0m [2mvllm_coldstart_operator::fleet_controller[0m[2m:[0m FleetService 'exp-fleet': 1 slots placed (1 preserved, 0 newly planned) across 3 candidates
[2m2026-07-23T18:11:00.159631Z[0m [32m INFO[0m [2mvllm_coldstart_operator::fleet_controller[0m[2m:[0m reconciled FleetService exp-fleet
[2m2026-07-23T18:11:00.159648Z[0m [32m INFO[0m [2mvllm_coldstart_operator::fleet_controller[0m[2m:[0m reconciling FleetService 'exp-fleet' in 'default': model=Qwen/Qwen2.5-7B-Instruct replicas=1
[2m2026-07-23T18:11:00.302119Z[0m [32m INFO[0m [2mvllm_coldstart_operator::fleet_controller[0m[2m:[0m FleetService 'exp-fleet': 1 slots placed (1 preserved, 0 newly planned) across 3 candidates
[2m2026-07-23T18:11:00.302201Z[0m [32m INFO[0m [2mvllm_coldstart_operator::fleet_controller[0m[2m:[0m reconciled FleetService exp-fleet
[2m2026-07-23T18:11:02.308358Z[0m [32m INFO[0m [2mvllm_coldstart_operator[0m[2m:[0m reconciling VllmService 'exp-fleet-0' in 'default': model=Qwen/Qwen2.5-7B-Instruct replicas=1 strategy=Eager
[2m2026-07-23T18:11:02.316750Z[0m [32m INFO[0m [2mvllm_coldstart_operator[0m[2m:[0m status of 'exp-fleet-0' -> Pending (0/1 ready)
[2m2026-07-23T18:11:02.316795Z[0m [32m INFO[0m [2mvllm_coldstart_operator[0m[2m:[0m reconciled exp-fleet-0
[2m2026-07-23T18:11:07.317967Z[0m [32m INFO[0m [2mvllm_coldstart_operator[0m[2m:[0m reconciling VllmService 'exp-fleet-0' in 'default': model=Qwen/Qwen2.5-7B-Instruct replicas=1 strategy=Eager
[2m2026-07-23T18:11:07.326795Z[0m [32m INFO[0m [2mvllm_coldstart_operator[0m[2m:[0m status of 'exp-fleet-0' -> Pending (0/1 ready)
[2m2026-07-23T18:11:07.326849Z[0m [32m INFO[0m [2mvllm_coldstart_operator[0m[2m:[0m reconciled exp-fleet-0
[2m2026-07-23T18:11:12.328087Z[0m [32m INFO[0m [2mvllm_coldstart_operator[0m[2m:[0m reconciling VllmService 'exp-fleet-0' in 'default': model=Qwen/Qwen2.5-7B-Instruct replicas=1 strategy=Eager
[2m2026-07-23T18:11:12.337209Z[0m [32m INFO[0m [2mvllm_coldstart_operator[0m[2m:[0m status of 'exp-fleet-0' -> Pending (0/1 ready)
[2m2026-07-23T18:11:12.337260Z[0m [32m INFO[0m [2mvllm_coldstart_operator[0m[2m:[0m reconciled exp-fleet-0
[2m2026-07-23T18:11:15.024809Z[0m [32m INFO[0m [2mvllm_coldstart_operator::fleet_controller[0m[2m:[0m reconciling FleetService 'exp-fleet' in 'default': model=Qwen/Qwen2.5-7B-Instruct replicas=1
[2m2026-07-23T18:11:15.117506Z[0m [32m INFO[0m [2mvllm_coldstart_operator::fleet_controller[0m[2m:[0m FleetService 'exp-fleet': 1 slots placed (1 preserved, 0 newly planned) across 3 candidates
[2m2026-07-23T18:11:15.117575Z[0m [32m INFO[0m [2mvllm_coldstart_operator::fleet_controller[0m[2m:[0m reconciled FleetService exp-fleet
[2m2026-07-23T18:11:15.117712Z[0m [32m INFO[0m [2mvllm_coldstart_operator::fleet_controller[0m[2m:[0m reconciling FleetService 'exp-fleet' in 'default': model=Qwen/Qwen2.5-7B-Instruct replicas=1
[2m2026-07-23T18:11:15.216663Z[0m [32m INFO[0m [2mvllm_coldstart_operator::fleet_controller[0m[2m:[0m FleetService 'exp-fleet': 1 slots placed (1 preserved, 0 newly planned) across 3 candidates
[2m2026-07-23T18:11:15.216825Z[0m [32m INFO[0m [2mvllm_coldstart_operator::fleet_controller[0m[2m:[0m reconciled FleetService exp-fleet
[2m2026-07-23T18:11:15.216944Z[0m [32m INFO[0m [2mvllm_coldstart_operator::fleet_controller[0m[2m:[0m reconciling FleetService 'exp-fleet' in 'default': model=Qwen/Qwen2.5-7B-Instruct replicas=1
[2m2026-07-23T18:11:15.225941Z[0m [32m INFO[0m [2mvllm_coldstart_operator::fleet_controller[0m[2m:[0m FleetService 'exp-fleet': 1 slots placed (1 preserved, 0 newly planned) across 3 candidates
[2m2026-07-23T18:11:15.226045Z[0m [32m INFO[0m [2mvllm_coldstart_operator::fleet_controller[0m[2m:[0m reconciled FleetService exp-fleet
[2m2026-07-23T18:11:17.339305Z[0m [32m INFO[0m [2mvllm_coldstart_operator[0m[2m:[0m reconciling VllmService 'exp-fleet-0' in 'default': model=Qwen/Qwen2.5-7B-Instruct replicas=1 strategy=Eager
[2m2026-07-23T18:11:17.348105Z[0m [32m INFO[0m [2mvllm_coldstart_operator[0m[2m:[0m status of 'exp-fleet-0' -> Pending (0/1 ready)
[2m2026-07-23T18:11:17.348155Z[0m [32m INFO[0m [2mvllm_coldstart_operator[0m[2m:[0m reconciled exp-fleet-0
[2m2026-07-23T18:11:22.350423Z[0m [32m INFO[0m [2mvllm_coldstart_operator[0m[2m:[0m reconciling VllmService 'exp-fleet-0' in 'default': model=Qwen/Qwen2.5-7B-Instruct replicas=1 strategy=Eager
[2m2026-07-23T18:11:22.359009Z[0m [32m INFO[0m [2mvllm_coldstart_operator[0m[2m:[0m status of 'exp-fleet-0' -> Pending (0/1 ready)
[2m2026-07-23T18:11:22.359072Z[0m [32m INFO[0m [2mvllm_coldstart_operator[0m[2m:[0m reconciled exp-fleet-0
[2m2026-07-23T18:11:27.360303Z[0m [32m INFO[0m [2mvllm_coldstart_operator[0m[2m:[0m reconciling VllmService 'exp-fleet-0' in 'default': model=Qwen/Qwen2.5-7B-Instruct replicas=1 strategy=Eager
[2m2026-07-23T18:11:27.368997Z[0m [32m INFO[0m [2mvllm_coldstart_operator[0m[2m:[0m status of 'exp-fleet-0' -> Pending (0/1 ready)
[2m2026-07-23T18:11:27.369048Z[0m [32m INFO[0m [2mvllm_coldstart_operator[0m[2m:[0m reconciled exp-fleet-0
[2m2026-07-23T18:11:30.043159Z[0m [32m INFO[0m [2mvllm_coldstart_operator::fleet_controller[0m[2m:[0m reconciling FleetService 'exp-fleet' in 'default': model=Qwen/Qwen2.5-7B-Instruct replicas=1
[2m2026-07-23T18:11:30.120003Z[0m [32m INFO[0m [2mvllm_coldstart_operator::fleet_controller[0m[2m:[0m FleetService 'exp-fleet': 1 slots placed (1 preserved, 0 newly planned) across 3 candidates
[2m2026-07-23T18:11:30.120097Z[0m [32m INFO[0m [2mvllm_coldstart_operator::fleet_controller[0m[2m:[0m reconciled FleetService exp-fleet
[2m2026-07-23T18:11:30.130228Z[0m [32m INFO[0m [2mvllm_coldstart_operator::fleet_controller[0m[2m:[0m reconciling FleetService 'exp-fleet' in 'default': model=Qwen/Qwen2.5-7B-Instruct replicas=1
[2m2026-07-23T18:11:30.197785Z[0m [32m INFO[0m [2mvllm_coldstart_operator::fleet_controller[0m[2m:[0m FleetService 'exp-fleet': 1 slots placed (1 preserved, 0 newly planned) across 3 candidates
[2m2026-07-23T18:11:30.197986Z[0m [32m INFO[0m [2mvllm_coldstart_operator::fleet_controller[0m[2m:[0m reconciled FleetService exp-fleet
[2m2026-07-23T18:11:30.198068Z[0m [32m INFO[0m [2mvllm_coldstart_operator::fleet_controller[0m[2m:[0m reconciling FleetService 'exp-fleet' in 'default': model=Qwen/Qwen2.5-7B-Instruct replicas=1
[2m2026-07-23T18:11:30.280319Z[0m [32m INFO[0m [2mvllm_coldstart_operator::fleet_controller[0m[2m:[0m FleetService 'exp-fleet': 1 slots placed (1 preserved, 0 newly planned) across 3 candidates
[2m2026-07-23T18:11:30.280524Z[0m [32m INFO[0m [2mvllm_coldstart_operator::fleet_controller[0m[2m:[0m reconciled FleetService exp-fleet
[2m2026-07-23T18:11:32.369735Z[0m [32m INFO[0m [2mvllm_coldstart_operator[0m[2m:[0m reconciling VllmService 'exp-fleet-0' in 'default': model=Qwen/Qwen2.5-7B-Instruct replicas=1 strategy=Eager
[2m2026-07-23T18:11:32.378502Z[0m [32m INFO[0m [2mvllm_coldstart_operator[0m[2m:[0m status of 'exp-fleet-0' -> Pending (0/1 ready)
[2m2026-07-23T18:11:32.378616Z[0m [32m INFO[0m [2mvllm_coldstart_operator[0m[2m:[0m reconciled exp-fleet-0
[2m2026-07-23T18:11:37.379749Z[0m [32m INFO[0m [2mvllm_coldstart_operator[0m[2m:[0m reconciling VllmService 'exp-fleet-0' in 'default': model=Qwen/Qwen2.5-7B-Instruct replicas=1 strategy=Eager
[2m2026-07-23T18:11:37.388347Z[0m [32m INFO[0m [2mvllm_coldstart_operator[0m[2m:[0m status of 'exp-fleet-0' -> Pending (0/1 ready)
[2m2026-07-23T18:11:37.388447Z[0m [32m INFO[0m [2mvllm_coldstart_operator[0m[2m:[0m reconciled exp-fleet-0
[2m2026-07-23T18:11:42.389647Z[0m [32m INFO[0m [2mvllm_coldstart_operator[0m[2m:[0m reconciling VllmService 'exp-fleet-0' in 'default': model=Qwen/Qwen2.5-7B-Instruct replicas=1 strategy=Eager
[2m2026-07-23T18:11:42.398272Z[0m [32m INFO[0m [2mvllm_coldstart_operator[0m[2m:[0m status of 'exp-fleet-0' -> Pending (0/1 ready)
[2m2026-07-23T18:11:42.398323Z[0m [32m INFO[0m [2mvllm_coldstart_operator[0m[2m:[0m reconciled exp-fleet-0
[2m2026-07-23T18:11:45.060771Z[0m [32m INFO[0m [2mvllm_coldstart_operator::fleet_controller[0m[2m:[0m reconciling FleetService 'exp-fleet' in 'default': model=Qwen/Qwen2.5-7B-Instruct replicas=1
[2m2026-07-23T18:11:45.196737Z[0m [32m INFO[0m [2mvllm_coldstart_operator::fleet_controller[0m[2m:[0m FleetService 'exp-fleet': 1 slots placed (1 preserved, 0 newly planned) across 3 candidates
[2m2026-07-23T18:11:45.196994Z[0m [32m INFO[0m [2mvllm_coldstart_operator::fleet_controller[0m[2m:[0m reconciled FleetService exp-fleet
[2m2026-07-23T18:11:45.197024Z[0m [32m INFO[0m [2mvllm_coldstart_operator::fleet_controller[0m[2m:[0m reconciling FleetService 'exp-fleet' in 'default': model=Qwen/Qwen2.5-7B-Instruct replicas=1
[2m2026-07-23T18:11:45.916968Z[0m [32m INFO[0m [2mvllm_coldstart_operator::fleet_controller[0m[2m:[0m FleetService 'exp-fleet': 1 slots placed (1 preserved, 0 newly planned) across 3 candidates
[2m2026-07-23T18:11:45.917230Z[0m [32m INFO[0m [2mvllm_coldstart_operator::fleet_controller[0m[2m:[0m reconciled FleetService exp-fleet
[2m2026-07-23T18:11:45.917255Z[0m [32m INFO[0m [2mvllm_coldstart_operator::fleet_controller[0m[2m:[0m reconciling FleetService 'exp-fleet' in 'default': model=Qwen/Qwen2.5-7B-Instruct replicas=1
[2m2026-07-23T18:11:46.323899Z[0m [32m INFO[0m [2mvllm_coldstart_operator::fleet_controller[0m[2m:[0m FleetService 'exp-fleet': 1 slots placed (1 preserved, 0 newly planned) across 3 candidates
[2m2026-07-23T18:11:46.327042Z[0m [32m INFO[0m [2mvllm_coldstart_operator::fleet_controller[0m[2m:[0m reconciled FleetService exp-fleet
[2m2026-07-23T18:11:47.400189Z[0m [32m INFO[0m [2mvllm_coldstart_operator[0m[2m:[0m reconciling VllmService 'exp-fleet-0' in 'default': model=Qwen/Qwen2.5-7B-Instruct replicas=1 strategy=Eager
[2m2026-07-23T18:11:47.408780Z[0m [32m INFO[0m [2mvllm_coldstart_operator[0m[2m:[0m status of 'exp-fleet-0' -> Pending (0/1 ready)
[2m2026-07-23T18:11:47.408897Z[0m [32m INFO[0m [2mvllm_coldstart_operator[0m[2m:[0m reconciled exp-fleet-0
[2m2026-07-23T18:11:52.410234Z[0m [32m INFO[0m [2mvllm_coldstart_operator[0m[2m:[0m reconciling VllmService 'exp-fleet-0' in 'default': model=Qwen/Qwen2.5-7B-Instruct replicas=1 strategy=Eager
[2m2026-07-23T18:11:52.419144Z[0m [32m INFO[0m [2mvllm_coldstart_operator[0m[2m:[0m status of 'exp-fleet-0' -> Pending (0/1 ready)
[2m2026-07-23T18:11:52.419243Z[0m [32m INFO[0m [2mvllm_coldstart_operator[0m[2m:[0m reconciled exp-fleet-0
[2m2026-07-23T18:11:57.421414Z[0m [32m INFO[0m [2mvllm_coldstart_operator[0m[2m:[0m reconciling VllmService 'exp-fleet-0' in 'default': model=Qwen/Qwen2.5-7B-Instruct replicas=1 strategy=Eager
[2m2026-07-23T18:11:57.430197Z[0m [32m INFO[0m [2mvllm_coldstart_operator[0m[2m:[0m status of 'exp-fleet-0' -> Pending (0/1 ready)
[2m2026-07-23T18:11:57.430310Z[0m [32m INFO[0m [2mvllm_coldstart_operator[0m[2m:[0m reconciled exp-fleet-0
[2m2026-07-23T18:12:00.080379Z[0m [32m INFO[0m [2mvllm_coldstart_operator::fleet_controller[0m[2m:[0m reconciling FleetService 'exp-fleet' in 'default': model=Qwen/Qwen2.5-7B-Instruct replicas=1
[2m2026-07-23T18:12:00.173286Z[0m [32m INFO[0m [2mvllm_coldstart_operator::fleet_controller[0m[2m:[0m FleetService 'exp-fleet': 1 slots placed (1 preserved, 0 newly planned) across 3 candidates
[2m2026-07-23T18:12:00.173447Z[0m [32m INFO[0m [2mvllm_coldstart_operator::fleet_controller[0m[2m:[0m reconciled FleetService exp-fleet
[2m2026-07-23T18:12:00.173549Z[0m [32m INFO[0m [2mvllm_coldstart_operator::fleet_controller[0m[2m:[0m reconciling FleetService 'exp-fleet' in 'default': model=Qwen/Qwen2.5-7B-Instruct replicas=1
[2m2026-07-23T18:12:00.216484Z[0m [32m INFO[0m [2mvllm_coldstart_operator::fleet_controller[0m[2m:[0m FleetService 'exp-fleet': 1 slots placed (1 preserved, 0 newly planned) across 3 candidates
[2m2026-07-23T18:12:00.216628Z[0m [32m INFO[0m [2mvllm_coldstart_operator::fleet_controller[0m[2m:[0m reconciled FleetService exp-fleet
[2m2026-07-23T18:12:00.230172Z[0m [32m INFO[0m [2mvllm_coldstart_operator::fleet_controller[0m[2m:[0m reconciling FleetService 'exp-fleet' in 'default': model=Qwen/Qwen2.5-7B-Instruct replicas=1
[2m2026-07-23T18:12:00.732881Z[0m [32m INFO[0m [2mvllm_coldstart_operator::fleet_controller[0m[2m:[0m FleetService 'exp-fleet': 1 slots placed (1 preserved, 0 newly planned) across 3 candidates
[2m2026-07-23T18:12:00.733143Z[0m [32m INFO[0m [2mvllm_coldstart_operator::fleet_controller[0m[2m:[0m reconciled FleetService exp-fleet
[2m2026-07-23T18:12:02.431991Z[0m [32m INFO[0m [2mvllm_coldstart_operator[0m[2m:[0m reconciling VllmService 'exp-fleet-0' in 'default': model=Qwen/Qwen2.5-7B-Instruct replicas=1 strategy=Eager
[2m2026-07-23T18:12:02.440597Z[0m [32m INFO[0m [2mvllm_coldstart_operator[0m[2m:[0m status of 'exp-fleet-0' -> Pending (0/1 ready)
[2m2026-07-23T18:12:02.440701Z[0m [32m INFO[0m [2mvllm_coldstart_operator[0m[2m:[0m reconciled exp-fleet-0
[2m2026-07-23T18:12:07.441570Z[0m [32m INFO[0m [2mvllm_coldstart_operator[0m[2m:[0m reconciling VllmService 'exp-fleet-0' in 'default': model=Qwen/Qwen2.5-7B-Instruct replicas=1 strategy=Eager
[2m2026-07-23T18:12:07.450206Z[0m [32m INFO[0m [2mvllm_coldstart_operator[0m[2m:[0m status of 'exp-fleet-0' -> Pending (0/1 ready)
[2m2026-07-23T18:12:07.450302Z[0m [32m INFO[0m [2mvllm_coldstart_operator[0m[2m:[0m reconciled exp-fleet-0
[2m2026-07-23T18:12:12.451513Z[0m [32m INFO[0m [2mvllm_coldstart_operator[0m[2m:[0m reconciling VllmService 'exp-fleet-0' in 'default': model=Qwen/Qwen2.5-7B-Instruct replicas=1 strategy=Eager
[2m2026-07-23T18:12:12.460038Z[0m [32m INFO[0m [2mvllm_coldstart_operator[0m[2m:[0m status of 'exp-fleet-0' -> Pending (0/1 ready)
[2m2026-07-23T18:12:12.460133Z[0m [32m INFO[0m [2mvllm_coldstart_operator[0m[2m:[0m reconciled exp-fleet-0
[2m2026-07-23T18:12:15.097708Z[0m [32m INFO[0m [2mvllm_coldstart_operator::fleet_controller[0m[2m:[0m reconciling FleetService 'exp-fleet' in 'default': model=Qwen/Qwen2.5-7B-Instruct replicas=1
[2m2026-07-23T18:12:15.216089Z[0m [32m INFO[0m [2mvllm_coldstart_operator::fleet_controller[0m[2m:[0m FleetService 'exp-fleet': 1 slots placed (1 preserved, 0 newly planned) across 3 candidates
[2m2026-07-23T18:12:15.216245Z[0m [32m INFO[0m [2mvllm_coldstart_operator::fleet_controller[0m[2m:[0m reconciled FleetService exp-fleet
[2m2026-07-23T18:12:15.216341Z[0m [32m INFO[0m [2mvllm_coldstart_operator::fleet_controller[0m[2m:[0m reconciling FleetService 'exp-fleet' in 'default': model=Qwen/Qwen2.5-7B-Instruct replicas=1
[2m2026-07-23T18:12:15.951249Z[0m [32m INFO[0m [2mvllm_coldstart_operator::fleet_controller[0m[2m:[0m FleetService 'exp-fleet': 1 slots placed (1 preserved, 0 newly planned) across 3 candidates
[2m2026-07-23T18:12:15.951422Z[0m [32m INFO[0m [2mvllm_coldstart_operator::fleet_controller[0m[2m:[0m reconciled FleetService exp-fleet
[2m2026-07-23T18:12:15.951529Z[0m [32m INFO[0m [2mvllm_coldstart_operator::fleet_controller[0m[2m:[0m reconciling FleetService 'exp-fleet' in 'default': model=Qwen/Qwen2.5-7B-Instruct replicas=1
[2m2026-07-23T18:12:16.254531Z[0m [32m INFO[0m [2mvllm_coldstart_operator::fleet_controller[0m[2m:[0m FleetService 'exp-fleet': 1 slots placed (1 preserved, 0 newly planned) across 3 candidates
[2m2026-07-23T18:12:16.254871Z[0m [32m INFO[0m [2mvllm_coldstart_operator::fleet_controller[0m[2m:[0m reconciled FleetService exp-fleet
[2m2026-07-23T18:12:17.462072Z[0m [32m INFO[0m [2mvllm_coldstart_operator[0m[2m:[0m reconciling VllmService 'exp-fleet-0' in 'default': model=Qwen/Qwen2.5-7B-Instruct replicas=1 strategy=Eager
[2m2026-07-23T18:12:17.471786Z[0m [32m INFO[0m [2mvllm_coldstart_operator[0m[2m:[0m status of 'exp-fleet-0' -> Pending (0/1 ready)
[2m2026-07-23T18:12:17.471898Z[0m [32m INFO[0m [2mvllm_coldstart_operator[0m[2m:[0m reconciled exp-fleet-0
[2m2026-07-23T18:12:22.473094Z[0m [32m INFO[0m [2mvllm_coldstart_operator[0m[2m:[0m reconciling VllmService 'exp-fleet-0' in 'default': model=Qwen/Qwen2.5-7B-Instruct replicas=1 strategy=Eager
[2m2026-07-23T18:12:22.482035Z[0m [32m INFO[0m [2mvllm_coldstart_operator[0m[2m:[0m status of 'exp-fleet-0' -> Pending (0/1 ready)
[2m2026-07-23T18:12:22.482148Z[0m [32m INFO[0m [2mvllm_coldstart_operator[0m[2m:[0m reconciled exp-fleet-0
[2m2026-07-23T18:12:27.484314Z[0m [32m INFO[0m [2mvllm_coldstart_operator[0m[2m:[0m reconciling VllmService 'exp-fleet-0' in 'default': model=Qwen/Qwen2.5-7B-Instruct replicas=1 strategy=Eager
[2m2026-07-23T18:12:27.493193Z[0m [32m INFO[0m [2mvllm_coldstart_operator[0m[2m:[0m status of 'exp-fleet-0' -> Pending (0/1 ready)
[2m2026-07-23T18:12:27.493251Z[0m [32m INFO[0m [2mvllm_coldstart_operator[0m[2m:[0m reconciled exp-fleet-0
[2m2026-07-23T18:12:30.115264Z[0m [32m INFO[0m [2mvllm_coldstart_operator::fleet_controller[0m[2m:[0m reconciling FleetService 'exp-fleet' in 'default': model=Qwen/Qwen2.5-7B-Instruct replicas=1
[2m2026-07-23T18:12:30.209366Z[0m [32m INFO[0m [2mvllm_coldstart_operator::fleet_controller[0m[2m:[0m FleetService 'exp-fleet': 1 slots placed (1 preserved, 0 newly planned) across 3 candidates
[2m2026-07-23T18:12:30.209529Z[0m [32m INFO[0m [2mvllm_coldstart_operator::fleet_controller[0m[2m:[0m reconciled FleetService exp-fleet
[2m2026-07-23T18:12:30.209642Z[0m [32m INFO[0m [2mvllm_coldstart_operator::fleet_controller[0m[2m:[0m reconciling FleetService 'exp-fleet' in 'default': model=Qwen/Qwen2.5-7B-Instruct replicas=1
[2m2026-07-23T18:12:30.225769Z[0m [32m INFO[0m [2mvllm_coldstart_operator::fleet_controller[0m[2m:[0m FleetService 'exp-fleet': 1 slots placed (1 preserved, 0 newly planned) across 3 candidates
[2m2026-07-23T18:12:30.225864Z[0m [32m INFO[0m [2mvllm_coldstart_operator::fleet_controller[0m[2m:[0m reconciled FleetService exp-fleet
[2m2026-07-23T18:12:30.264018Z[0m [32m INFO[0m [2mvllm_coldstart_operator::fleet_controller[0m[2m:[0m reconciling FleetService 'exp-fleet' in 'default': model=Qwen/Qwen2.5-7B-Instruct replicas=1
[2m2026-07-23T18:12:30.717824Z[0m [32m INFO[0m [2mvllm_coldstart_operator::fleet_controller[0m[2m:[0m FleetService 'exp-fleet': 1 slots placed (1 preserved, 0 newly planned) across 3 candidates
[2m2026-07-23T18:12:30.718008Z[0m [32m INFO[0m [2mvllm_coldstart_operator::fleet_controller[0m[2m:[0m reconciled FleetService exp-fleet
[2m2026-07-23T18:12:32.494811Z[0m [32m INFO[0m [2mvllm_coldstart_operator[0m[2m:[0m reconciling VllmService 'exp-fleet-0' in 'default': model=Qwen/Qwen2.5-7B-Instruct replicas=1 strategy=Eager
[2m2026-07-23T18:12:32.503433Z[0m [32m INFO[0m [2mvllm_coldstart_operator[0m[2m:[0m status of 'exp-fleet-0' -> Pending (0/1 ready)
[2m2026-07-23T18:12:32.503535Z[0m [32m INFO[0m [2mvllm_coldstart_operator[0m[2m:[0m reconciled exp-fleet-0
[2m2026-07-23T18:12:37.505521Z[0m [32m INFO[0m [2mvllm_coldstart_operator[0m[2m:[0m reconciling VllmService 'exp-fleet-0' in 'default': model=Qwen/Qwen2.5-7B-Instruct replicas=1 strategy=Eager
[2m2026-07-23T18:12:37.514059Z[0m [32m INFO[0m [2mvllm_coldstart_operator[0m[2m:[0m status of 'exp-fleet-0' -> Pending (0/1 ready)
[2m2026-07-23T18:12:37.514149Z[0m [32m INFO[0m [2mvllm_coldstart_operator[0m[2m:[0m reconciled exp-fleet-0
[2m2026-07-23T18:12:42.516446Z[0m [32m INFO[0m [2mvllm_coldstart_operator[0m[2m:[0m reconciling VllmService 'exp-fleet-0' in 'default': model=Qwen/Qwen2.5-7B-Instruct replicas=1 strategy=Eager
[2m2026-07-23T18:12:42.525409Z[0m [32m INFO[0m [2mvllm_coldstart_operator[0m[2m:[0m status of 'exp-fleet-0' -> Pending (0/1 ready)
[2m2026-07-23T18:12:42.525476Z[0m [32m INFO[0m [2mvllm_coldstart_operator[0m[2m:[0m reconciled exp-fleet-0
[2m2026-07-23T18:12:45.132575Z[0m [32m INFO[0m [2mvllm_coldstart_operator::fleet_controller[0m[2m:[0m reconciling FleetService 'exp-fleet' in 'default': model=Qwen/Qwen2.5-7B-Instruct replicas=1
[2m2026-07-23T18:12:45.215974Z[0m [32m INFO[0m [2mvllm_coldstart_operator::fleet_controller[0m[2m:[0m FleetService 'exp-fleet': 1 slots placed (1 preserved, 0 newly planned) across 3 candidates
[2m2026-07-23T18:12:45.216067Z[0m [32m INFO[0m [2mvllm_coldstart_operator::fleet_controller[0m[2m:[0m reconciled FleetService exp-fleet
[2m2026-07-23T18:12:45.225791Z[0m [32m INFO[0m [2mvllm_coldstart_operator::fleet_controller[0m[2m:[0m reconciling FleetService 'exp-fleet' in 'default': model=Qwen/Qwen2.5-7B-Instruct replicas=1
[2m2026-07-23T18:12:45.450956Z[0m [32m INFO[0m [2mvllm_coldstart_operator::fleet_controller[0m[2m:[0m FleetService 'exp-fleet': 1 slots placed (1 preserved, 0 newly planned) across 3 candidates
[2m2026-07-23T18:12:45.451039Z[0m [32m INFO[0m [2mvllm_coldstart_operator::fleet_controller[0m[2m:[0m reconciled FleetService exp-fleet
[2m2026-07-23T18:12:45.451061Z[0m [32m INFO[0m [2mvllm_coldstart_operator::fleet_controller[0m[2m:[0m reconciling FleetService 'exp-fleet' in 'default': model=Qwen/Qwen2.5-7B-Instruct replicas=1
[2m2026-07-23T18:12:46.015603Z[0m [32m INFO[0m [2mvllm_coldstart_operator::fleet_controller[0m[2m:[0m FleetService 'exp-fleet': 1 slots placed (1 preserved, 0 newly planned) across 3 candidates
[2m2026-07-23T18:12:46.015683Z[0m [32m INFO[0m [2mvllm_coldstart_operator::fleet_controller[0m[2m:[0m reconciled FleetService exp-fleet
[2m2026-07-23T18:12:47.527316Z[0m [32m INFO[0m [2mvllm_coldstart_operator[0m[2m:[0m reconciling VllmService 'exp-fleet-0' in 'default': model=Qwen/Qwen2.5-7B-Instruct replicas=1 strategy=Eager
[2m2026-07-23T18:12:47.536933Z[0m [32m INFO[0m [2mvllm_coldstart_operator[0m[2m:[0m status of 'exp-fleet-0' -> Pending (0/1 ready)
[2m2026-07-23T18:12:47.537010Z[0m [32m INFO[0m [2mvllm_coldstart_operator[0m[2m:[0m reconciled exp-fleet-0
[2m2026-07-23T18:12:52.538247Z[0m [32m INFO[0m [2mvllm_coldstart_operator[0m[2m:[0m reconciling VllmService 'exp-fleet-0' in 'default': model=Qwen/Qwen2.5-7B-Instruct replicas=1 strategy=Eager
[2m2026-07-23T18:12:52.546966Z[0m [32m INFO[0m [2mvllm_coldstart_operator[0m[2m:[0m status of 'exp-fleet-0' -> Pending (0/1 ready)
[2m2026-07-23T18:12:52.547063Z[0m [32m INFO[0m [2mvllm_coldstart_operator[0m[2m:[0m reconciled exp-fleet-0
[2m2026-07-23T18:12:57.548239Z[0m [32m INFO[0m [2mvllm_coldstart_operator[0m[2m:[0m reconciling VllmService 'exp-fleet-0' in 'default': model=Qwen/Qwen2.5-7B-Instruct replicas=1 strategy=Eager
[2m2026-07-23T18:12:57.557224Z[0m [32m INFO[0m [2mvllm_coldstart_operator[0m[2m:[0m status of 'exp-fleet-0' -> Pending (0/1 ready)
[2m2026-07-23T18:12:57.557346Z[0m [32m INFO[0m [2mvllm_coldstart_operator[0m[2m:[0m reconciled exp-fleet-0
[2m2026-07-23T18:13:00.150991Z[0m [32m INFO[0m [2mvllm_coldstart_operator::fleet_controller[0m[2m:[0m reconciling FleetService 'exp-fleet' in 'default': model=Qwen/Qwen2.5-7B-Instruct replicas=1
[2m2026-07-23T18:13:00.227650Z[0m [32m INFO[0m [2mvllm_coldstart_operator::fleet_controller[0m[2m:[0m FleetService 'exp-fleet': 1 slots placed (1 preserved, 0 newly planned) across 3 candidates
[2m2026-07-23T18:13:00.227813Z[0m [32m INFO[0m [2mvllm_coldstart_operator::fleet_controller[0m[2m:[0m reconciled FleetService exp-fleet
[2m2026-07-23T18:13:00.241934Z[0m [32m INFO[0m [2mvllm_coldstart_operator::fleet_controller[0m[2m:[0m reconciling FleetService 'exp-fleet' in 'default': model=Qwen/Qwen2.5-7B-Instruct replicas=1
[2m2026-07-23T18:13:00.398542Z[0m [32m INFO[0m [2mvllm_coldstart_operator::fleet_controller[0m[2m:[0m FleetService 'exp-fleet': 1 slots placed (1 preserved, 0 newly planned) across 3 candidates
[2m2026-07-23T18:13:00.398698Z[0m [32m INFO[0m [2mvllm_coldstart_operator::fleet_controller[0m[2m:[0m reconciled FleetService exp-fleet
[2m2026-07-23T18:13:00.398803Z[0m [32m INFO[0m [2mvllm_coldstart_operator::fleet_controller[0m[2m:[0m reconciling FleetService 'exp-fleet' in 'default': model=Qwen/Qwen2.5-7B-Instruct replicas=1
[2m2026-07-23T18:13:01.216954Z[0m [32m INFO[0m [2mvllm_coldstart_operator::fleet_controller[0m[2m:[0m FleetService 'exp-fleet': 1 slots placed (1 preserved, 0 newly planned) across 3 candidates
[2m2026-07-23T18:13:01.217313Z[0m [32m INFO[0m [2mvllm_coldstart_operator::fleet_controller[0m[2m:[0m reconciled FleetService exp-fleet
[2m2026-07-23T18:13:02.558444Z[0m [32m INFO[0m [2mvllm_coldstart_operator[0m[2m:[0m reconciling VllmService 'exp-fleet-0' in 'default': model=Qwen/Qwen2.5-7B-Instruct replicas=1 strategy=Eager
[2m2026-07-23T18:13:02.567314Z[0m [32m INFO[0m [2mvllm_coldstart_operator[0m[2m:[0m status of 'exp-fleet-0' -> Pending (0/1 ready)
[2m2026-07-23T18:13:02.567439Z[0m [32m INFO[0m [2mvllm_coldstart_operator[0m[2m:[0m reconciled exp-fleet-0
[2m2026-07-23T18:13:07.568694Z[0m [32m INFO[0m [2mvllm_coldstart_operator[0m[2m:[0m reconciling VllmService 'exp-fleet-0' in 'default': model=Qwen/Qwen2.5-7B-Instruct replicas=1 strategy=Eager
[2m2026-07-23T18:13:07.577766Z[0m [32m INFO[0m [2mvllm_coldstart_operator[0m[2m:[0m status of 'exp-fleet-0' -> Pending (0/1 ready)
[2m2026-07-23T18:13:07.577910Z[0m [32m INFO[0m [2mvllm_coldstart_operator[0m[2m:[0m reconciled exp-fleet-0
[2m2026-07-23T18:13:12.578997Z[0m [32m INFO[0m [2mvllm_coldstart_operator[0m[2m:[0m reconciling VllmService 'exp-fleet-0' in 'default': model=Qwen/Qwen2.5-7B-Instruct replicas=1 strategy=Eager
[2m2026-07-23T18:13:12.587725Z[0m [32m INFO[0m [2mvllm_coldstart_operator[0m[2m:[0m status of 'exp-fleet-0' -> Pending (0/1 ready)
[2m2026-07-23T18:13:12.587842Z[0m [32m INFO[0m [2mvllm_coldstart_operator[0m[2m:[0m reconciled exp-fleet-0
[2m2026-07-23T18:13:15.167715Z[0m [32m INFO[0m [2mvllm_coldstart_operator::fleet_controller[0m[2m:[0m reconciling FleetService 'exp-fleet' in 'default': model=Qwen/Qwen2.5-7B-Instruct replicas=1
[2m2026-07-23T18:13:15.216234Z[0m [32m INFO[0m [2mvllm_coldstart_operator::fleet_controller[0m[2m:[0m FleetService 'exp-fleet': 1 slots placed (1 preserved, 0 newly planned) across 3 candidates
[2m2026-07-23T18:13:15.216438Z[0m [32m INFO[0m [2mvllm_coldstart_operator::fleet_controller[0m[2m:[0m reconciled FleetService exp-fleet
[2m2026-07-23T18:13:15.259417Z[0m [32m INFO[0m [2mvllm_coldstart_operator::fleet_controller[0m[2m:[0m reconciling FleetService 'exp-fleet' in 'default': model=Qwen/Qwen2.5-7B-Instruct replicas=1
[2m2026-07-23T18:13:15.498082Z[0m [32m INFO[0m [2mvllm_coldstart_operator::fleet_controller[0m[2m:[0m FleetService 'exp-fleet': 1 slots placed (1 preserved, 0 newly planned) across 3 candidates
[2m2026-07-23T18:13:15.498254Z[0m [32m INFO[0m [2mvllm_coldstart_operator::fleet_controller[0m[2m:[0m reconciled FleetService exp-fleet
[2m2026-07-23T18:13:15.498359Z[0m [32m INFO[0m [2mvllm_coldstart_operator::fleet_controller[0m[2m:[0m reconciling FleetService 'exp-fleet' in 'default': model=Qwen/Qwen2.5-7B-Instruct replicas=1
[2m2026-07-23T18:13:16.002475Z[0m [32m INFO[0m [2mvllm_coldstart_operator::fleet_controller[0m[2m:[0m FleetService 'exp-fleet': 1 slots placed (1 preserved, 0 newly planned) across 3 candidates
[2m2026-07-23T18:13:16.002738Z[0m [32m INFO[0m [2mvllm_coldstart_operator::fleet_controller[0m[2m:[0m reconciled FleetService exp-fleet
[2m2026-07-23T18:13:17.589262Z[0m [32m INFO[0m [2mvllm_coldstart_operator[0m[2m:[0m reconciling VllmService 'exp-fleet-0' in 'default': model=Qwen/Qwen2.5-7B-Instruct replicas=1 strategy=Eager
[2m2026-07-23T18:13:17.598122Z[0m [32m INFO[0m [2mvllm_coldstart_operator[0m[2m:[0m status of 'exp-fleet-0' -> Pending (0/1 ready)
[2m2026-07-23T18:13:17.598240Z[0m [32m INFO[0m [2mvllm_coldstart_operator[0m[2m:[0m reconciled exp-fleet-0
[2m2026-07-23T18:13:22.600448Z[0m [32m INFO[0m [2mvllm_coldstart_operator[0m[2m:[0m reconciling VllmService 'exp-fleet-0' in 'default': model=Qwen/Qwen2.5-7B-Instruct replicas=1 strategy=Eager
[2m2026-07-23T18:13:22.609300Z[0m [32m INFO[0m [2mvllm_coldstart_operator[0m[2m:[0m status of 'exp-fleet-0' -> Pending (0/1 ready)
[2m2026-07-23T18:13:22.609427Z[0m [32m INFO[0m [2mvllm_coldstart_operator[0m[2m:[0m reconciled exp-fleet-0
[2m2026-07-23T18:13:27.610633Z[0m [32m INFO[0m [2mvllm_coldstart_operator[0m[2m:[0m reconciling VllmService 'exp-fleet-0' in 'default': model=Qwen/Qwen2.5-7B-Instruct replicas=1 strategy=Eager
[2m2026-07-23T18:13:27.619428Z[0m [32m INFO[0m [2mvllm_coldstart_operator[0m[2m:[0m status of 'exp-fleet-0' -> Pending (0/1 ready)
[2m2026-07-23T18:13:27.619475Z[0m [32m INFO[0m [2mvllm_coldstart_operator[0m[2m:[0m reconciled exp-fleet-0
[2m2026-07-23T18:13:30.185450Z[0m [32m INFO[0m [2mvllm_coldstart_operator::fleet_controller[0m[2m:[0m reconciling FleetService 'exp-fleet' in 'default': model=Qwen/Qwen2.5-7B-Instruct replicas=1
[2m2026-07-23T18:13:30.279643Z[0m [32m INFO[0m [2mvllm_coldstart_operator::fleet_controller[0m[2m:[0m FleetService 'exp-fleet': 1 slots placed (1 preserved, 0 newly planned) across 3 candidates
[2m2026-07-23T18:13:30.279713Z[0m [32m INFO[0m [2mvllm_coldstart_operator::fleet_controller[0m[2m:[0m reconciled FleetService exp-fleet
[2m2026-07-23T18:13:30.279864Z[0m [32m INFO[0m [2mvllm_coldstart_operator::fleet_controller[0m[2m:[0m reconciling FleetService 'exp-fleet' in 'default': model=Qwen/Qwen2.5-7B-Instruct replicas=1
[2m2026-07-23T18:13:30.517281Z[0m [32m INFO[0m [2mvllm_coldstart_operator::fleet_controller[0m[2m:[0m FleetService 'exp-fleet': 1 slots placed (1 preserved, 0 newly planned) across 3 candidates
[2m2026-07-23T18:13:30.517359Z[0m [32m INFO[0m [2mvllm_coldstart_operator::fleet_controller[0m[2m:[0m reconciled FleetService exp-fleet
[2m2026-07-23T18:13:30.517500Z[0m [32m INFO[0m [2mvllm_coldstart_operator::fleet_controller[0m[2m:[0m reconciling FleetService 'exp-fleet' in 'default': model=Qwen/Qwen2.5-7B-Instruct replicas=1
[2m2026-07-23T18:13:31.216869Z[0m [32m INFO[0m [2mvllm_coldstart_operator::fleet_controller[0m[2m:[0m FleetService 'exp-fleet': 1 slots placed (1 preserved, 0 newly planned) across 3 candidates
[2m2026-07-23T18:13:31.216969Z[0m [32m INFO[0m [2mvllm_coldstart_operator::fleet_controller[0m[2m:[0m reconciled FleetService exp-fleet
[2m2026-07-23T18:13:32.620592Z[0m [32m INFO[0m [2mvllm_coldstart_operator[0m[2m:[0m reconciling VllmService 'exp-fleet-0' in 'default': model=Qwen/Qwen2.5-7B-Instruct replicas=1 strategy=Eager
[2m2026-07-23T18:13:32.630120Z[0m [32m INFO[0m [2mvllm_coldstart_operator[0m[2m:[0m status of 'exp-fleet-0' -> Pending (0/1 ready)
[2m2026-07-23T18:13:32.630179Z[0m [32m INFO[0m [2mvllm_coldstart_operator[0m[2m:[0m reconciled exp-fleet-0
[2m2026-07-23T18:13:37.632377Z[0m [32m INFO[0m [2mvllm_coldstart_operator[0m[2m:[0m reconciling VllmService 'exp-fleet-0' in 'default': model=Qwen/Qwen2.5-7B-Instruct replicas=1 strategy=Eager
[2m2026-07-23T18:13:37.641133Z[0m [32m INFO[0m [2mvllm_coldstart_operator[0m[2m:[0m status of 'exp-fleet-0' -> Pending (0/1 ready)
[2m2026-07-23T18:13:37.641186Z[0m [32m INFO[0m [2mvllm_coldstart_operator[0m[2m:[0m reconciled exp-fleet-0
[2m2026-07-23T18:13:42.642476Z[0m [32m INFO[0m [2mvllm_coldstart_operator[0m[2m:[0m reconciling VllmService 'exp-fleet-0' in 'default': model=Qwen/Qwen2.5-7B-Instruct replicas=1 strategy=Eager
[2m2026-07-23T18:13:42.651785Z[0m [32m INFO[0m [2mvllm_coldstart_operator[0m[2m:[0m status of 'exp-fleet-0' -> Pending (0/1 ready)
[2m2026-07-23T18:13:42.651834Z[0m [32m INFO[0m [2mvllm_coldstart_operator[0m[2m:[0m reconciled exp-fleet-0
[2m2026-07-23T18:13:45.205958Z[0m [32m INFO[0m [2mvllm_coldstart_operator::fleet_controller[0m[2m:[0m reconciling FleetService 'exp-fleet' in 'default': model=Qwen/Qwen2.5-7B-Instruct replicas=1
[2m2026-07-23T18:13:45.536077Z[0m [32m INFO[0m [2mvllm_coldstart_operator::fleet_controller[0m[2m:[0m FleetService 'exp-fleet': 1 slots placed (1 preserved, 0 newly planned) across 3 candidates
[2m2026-07-23T18:13:45.536263Z[0m [32m INFO[0m [2mvllm_coldstart_operator::fleet_controller[0m[2m:[0m reconciled FleetService exp-fleet
[2m2026-07-23T18:13:45.536283Z[0m [32m INFO[0m [2mvllm_coldstart_operator::fleet_controller[0m[2m:[0m reconciling FleetService 'exp-fleet' in 'default': model=Qwen/Qwen2.5-7B-Instruct replicas=1
[2m2026-07-23T18:13:46.216863Z[0m [32m INFO[0m [2mvllm_coldstart_operator::fleet_controller[0m[2m:[0m FleetService 'exp-fleet': 1 slots placed (1 preserved, 0 newly planned) across 3 candidates
[2m2026-07-23T18:13:46.217246Z[0m [32m INFO[0m [2mvllm_coldstart_operator::fleet_controller[0m[2m:[0m reconciled FleetService exp-fleet
[2m2026-07-23T18:13:47.652608Z[0m [32m INFO[0m [2mvllm_coldstart_operator[0m[2m:[0m reconciling VllmService 'exp-fleet-0' in 'default': model=Qwen/Qwen2.5-7B-Instruct replicas=1 strategy=Eager
[2m2026-07-23T18:13:47.661211Z[0m [32m INFO[0m [2mvllm_coldstart_operator[0m[2m:[0m status of 'exp-fleet-0' -> Pending (0/1 ready)
[2m2026-07-23T18:13:47.661256Z[0m [32m INFO[0m [2mvllm_coldstart_operator[0m[2m:[0m reconciled exp-fleet-0
[2m2026-07-23T18:13:52.662642Z[0m [32m INFO[0m [2mvllm_coldstart_operator[0m[2m:[0m reconciling VllmService 'exp-fleet-0' in 'default': model=Qwen/Qwen2.5-7B-Instruct replicas=1 strategy=Eager
[2m2026-07-23T18:13:52.671463Z[0m [32m INFO[0m [2mvllm_coldstart_operator[0m[2m:[0m status of 'exp-fleet-0' -> Pending (0/1 ready)
[2m2026-07-23T18:13:52.671512Z[0m [32m INFO[0m [2mvllm_coldstart_operator[0m[2m:[0m reconciled exp-fleet-0
[2m2026-07-23T18:13:57.672931Z[0m [32m INFO[0m [2mvllm_coldstart_operator[0m[2m:[0m reconciling VllmService 'exp-fleet-0' in 'default': model=Qwen/Qwen2.5-7B-Instruct replicas=1 strategy=Eager
[2m2026-07-23T18:13:57.681951Z[0m [32m INFO[0m [2mvllm_coldstart_operator[0m[2m:[0m status of 'exp-fleet-0' -> Pending (0/1 ready)
[2m2026-07-23T18:13:57.682000Z[0m [32m INFO[0m [2mvllm_coldstart_operator[0m[2m:[0m reconciled exp-fleet-0
[2m2026-07-23T18:14:00.225443Z[0m [32m INFO[0m [2mvllm_coldstart_operator::fleet_controller[0m[2m:[0m reconciling FleetService 'exp-fleet' in 'default': model=Qwen/Qwen2.5-7B-Instruct replicas=1
[2m2026-07-23T18:14:00.318639Z[0m [32m INFO[0m [2mvllm_coldstart_operator::fleet_controller[0m[2m:[0m FleetService 'exp-fleet': 1 slots placed (1 preserved, 0 newly planned) across 3 candidates
[2m2026-07-23T18:14:00.318718Z[0m [32m INFO[0m [2mvllm_coldstart_operator::fleet_controller[0m[2m:[0m reconciled FleetService exp-fleet
[2m2026-07-23T18:14:00.318756Z[0m [32m INFO[0m [2mvllm_coldstart_operator::fleet_controller[0m[2m:[0m reconciling FleetService 'exp-fleet' in 'default': model=Qwen/Qwen2.5-7B-Instruct replicas=1
[2m2026-07-23T18:14:00.409695Z[0m [32m INFO[0m [2mvllm_coldstart_operator::fleet_controller[0m[2m:[0m FleetService 'exp-fleet': 1 slots placed (1 preserved, 0 newly planned) across 3 candidates
[2m2026-07-23T18:14:00.409767Z[0m [32m INFO[0m [2mvllm_coldstart_operator::fleet_controller[0m[2m:[0m reconciled FleetService exp-fleet
[2m2026-07-23T18:14:00.409792Z[0m [32m INFO[0m [2mvllm_coldstart_operator::fleet_controller[0m[2m:[0m reconciling FleetService 'exp-fleet' in 'default': model=Qwen/Qwen2.5-7B-Instruct replicas=1
[2m2026-07-23T18:14:00.544315Z[0m [32m INFO[0m [2mvllm_coldstart_operator::fleet_controller[0m[2m:[0m FleetService 'exp-fleet': preemption notice on '157-151-148-27' — rescheduling slot 0 to '129-159-182-206'
[2m2026-07-23T18:14:00.548595Z[0m [32m INFO[0m [2mvllm_coldstart_operator[0m[2m:[0m reconciling VllmService 'exp-fleet-0' in 'default': model=Qwen/Qwen2.5-7B-Instruct replicas=1 strategy=Eager
[2m2026-07-23T18:14:00.550036Z[0m [32m INFO[0m [2mvllm_coldstart_operator::fleet_controller[0m[2m:[0m FleetService 'exp-fleet': 1 slots placed (1 preserved, 0 newly planned) across 3 candidates
[2m2026-07-23T18:14:00.550120Z[0m [32m INFO[0m [2mvllm_coldstart_operator::fleet_controller[0m[2m:[0m reconciled FleetService exp-fleet
[2m2026-07-23T18:14:00.550162Z[0m [32m INFO[0m [2mvllm_coldstart_operator::fleet_controller[0m[2m:[0m reconciling FleetService 'exp-fleet' in 'default': model=Qwen/Qwen2.5-7B-Instruct replicas=1
[2m2026-07-23T18:14:00.557300Z[0m [32m INFO[0m [2mvllm_coldstart_operator[0m[2m:[0m status of 'exp-fleet-0' -> Pending (0/1 ready)
[2m2026-07-23T18:14:00.557364Z[0m [32m INFO[0m [2mvllm_coldstart_operator[0m[2m:[0m reconciled exp-fleet-0
[2m2026-07-23T18:14:00.557405Z[0m [32m INFO[0m [2mvllm_coldstart_operator[0m[2m:[0m reconciling VllmService 'exp-fleet-0' in 'default': model=Qwen/Qwen2.5-7B-Instruct replicas=1 strategy=Eager
[2m2026-07-23T18:14:00.566559Z[0m [32m INFO[0m [2mvllm_coldstart_operator[0m[2m:[0m status of 'exp-fleet-0' -> Pending (0/1 ready)
[2m2026-07-23T18:14:00.566617Z[0m [32m INFO[0m [2mvllm_coldstart_operator[0m[2m:[0m reconciled exp-fleet-0
[2m2026-07-23T18:14:00.566654Z[0m [32m INFO[0m [2mvllm_coldstart_operator[0m[2m:[0m reconciling VllmService 'exp-fleet-0' in 'default': model=Qwen/Qwen2.5-7B-Instruct replicas=1 strategy=Eager
[2m2026-07-23T18:14:00.584613Z[0m [32m INFO[0m [2mvllm_coldstart_operator[0m[2m:[0m status of 'exp-fleet-0' -> Pending (0/1 ready)
[2m2026-07-23T18:14:00.584882Z[0m [32m INFO[0m [2mvllm_coldstart_operator[0m[2m:[0m reconciled exp-fleet-0
[2m2026-07-23T18:14:01.213968Z[0m [33m WARN[0m [2mvllm_coldstart_operator[0m[2m:[0m reconcile loop error: ObjectNotFound(ObjectRef { dyntype: ApiResource { group: "inference.michelecampi.dev", version: "v1alpha1", api_version: "inference.michelecampi.dev/v1alpha1", kind: "VllmService", plural: "vllmservices" }, name: "exp-fleet-0", namespace: Some("default"), extra: Extra { resource_version: None, uid: Some("de3cc8ac-9230-451b-9220-a73930c23e79") } })
[2m2026-07-23T18:14:01.216772Z[0m [32m INFO[0m [2mvllm_coldstart_operator[0m[2m:[0m reconciling VllmService 'exp-fleet-0' in 'default': model=Qwen/Qwen2.5-7B-Instruct replicas=1 strategy=Eager
[2m2026-07-23T18:14:01.217562Z[0m [33m WARN[0m [2mvllm_coldstart_operator::fleet_controller[0m[2m:[0m FleetService 'exp-fleet' reconcile failed: Kube(Api(ErrorResponse { status: "Failure", message: "fleetservices.inference.michelecampi.dev \"exp-fleet\" not found", reason: "NotFound", code: 404 }))
[2m2026-07-23T18:14:01.217591Z[0m [33m WARN[0m [2mvllm_coldstart_operator::fleet_controller[0m[2m:[0m fleet reconcile loop error: ReconcilerFailed(Kube(Api(ErrorResponse { status: "Failure", message: "fleetservices.inference.michelecampi.dev \"exp-fleet\" not found", reason: "NotFound", code: 404 })), ObjectRef { dyntype: ApiResource { group: "inference.michelecampi.dev", version: "v1alpha1", api_version: "inference.michelecampi.dev/v1alpha1", kind: "FleetService", plural: "fleetservices" }, name: "exp-fleet", namespace: Some("default"), extra: Extra { resource_version: Some("3532"), uid: Some("86480996-1b90-4ece-b56c-03f57824da1e") } })
[2m2026-07-23T18:14:01.217679Z[0m [33m WARN[0m [2mvllm_coldstart_operator::fleet_controller[0m[2m:[0m fleet reconcile loop error: ObjectNotFound(ObjectRef { dyntype: ApiResource { group: "inference.michelecampi.dev", version: "v1alpha1", api_version: "inference.michelecampi.dev/v1alpha1", kind: "FleetService", plural: "fleetservices" }, name: "exp-fleet", namespace: Some("default"), extra: Extra { resource_version: Some("3942"), uid: Some("86480996-1b90-4ece-b56c-03f57824da1e") } })
[2m2026-07-23T18:14:01.222413Z[0m [33m WARN[0m [2mvllm_coldstart_operator::fleet_controller[0m[2m:[0m fleet reconcile loop error: ObjectNotFound(ObjectRef { dyntype: ApiResource { group: "inference.michelecampi.dev", version: "v1alpha1", api_version: "inference.michelecampi.dev/v1alpha1", kind: "FleetService", plural: "fleetservices" }, name: "exp-fleet", namespace: Some("default"), extra: Extra { resource_version: None, uid: Some("86480996-1b90-4ece-b56c-03f57824da1e") } })
[2m2026-07-23T18:14:01.227233Z[0m [33m WARN[0m [2mvllm_coldstart_operator[0m[2m:[0m reconcile failed: Kube API error: ApiError: vllmservices.inference.michelecampi.dev "exp-fleet-0" not found: NotFound (ErrorResponse { status: "Failure", message: "vllmservices.inference.michelecampi.dev \"exp-fleet-0\" not found", reason: "NotFound", code: 404 })
[2m2026-07-23T18:14:01.227267Z[0m [33m WARN[0m [2mvllm_coldstart_operator[0m[2m:[0m reconcile loop error: ReconcilerFailed(Kube(Api(ErrorResponse { status: "Failure", message: "vllmservices.inference.michelecampi.dev \"exp-fleet-0\" not found", reason: "NotFound", code: 404 })), ObjectRef { dyntype: ApiResource { group: "inference.michelecampi.dev", version: "v1alpha1", api_version: "inference.michelecampi.dev/v1alpha1", kind: "VllmService", plural: "vllmservices" }, name: "exp-fleet-0", namespace: Some("default"), extra: Extra { resource_version: Some("3958"), uid: Some("6d37997f-eeef-4325-9522-b7ea53cfe42a") } })
[2m2026-07-23T18:14:01.227291Z[0m [33m WARN[0m [2mvllm_coldstart_operator[0m[2m:[0m reconcile loop error: ObjectNotFound(ObjectRef { dyntype: ApiResource { group: "inference.michelecampi.dev", version: "v1alpha1", api_version: "inference.michelecampi.dev/v1alpha1", kind: "VllmService", plural: "vllmservices" }, name: "exp-fleet-0", namespace: Some("default"), extra: Extra { resource_version: None, uid: Some("de3cc8ac-9230-451b-9220-a73930c23e79") } })
[2m2026-07-23T18:17:57.554413Z[0m [32m INFO[0m [2mvllm_coldstart_operator::fleet_controller[0m[2m:[0m reconciling FleetService 'exp-fleet' in 'default': model=Qwen/Qwen2.5-7B-Instruct replicas=1
[2m2026-07-23T18:17:58.230889Z[0m [32m INFO[0m [2mvllm_coldstart_operator[0m[2m:[0m reconciling VllmService 'exp-fleet-0' in 'default': model=Qwen/Qwen2.5-7B-Instruct replicas=1 strategy=Eager
[2m2026-07-23T18:17:58.232126Z[0m [32m INFO[0m [2mvllm_coldstart_operator::fleet_controller[0m[2m:[0m FleetService 'exp-fleet': 1 slots placed (0 preserved, 1 newly planned) across 3 candidates
[2m2026-07-23T18:17:58.232197Z[0m [32m INFO[0m [2mvllm_coldstart_operator::fleet_controller[0m[2m:[0m reconciled FleetService exp-fleet
[2m2026-07-23T18:17:58.232238Z[0m [32m INFO[0m [2mvllm_coldstart_operator::fleet_controller[0m[2m:[0m reconciling FleetService 'exp-fleet' in 'default': model=Qwen/Qwen2.5-7B-Instruct replicas=1
[2m2026-07-23T18:17:58.283124Z[0m [32m INFO[0m [2mvllm_coldstart_operator[0m[2m:[0m status of 'exp-fleet-0' -> Pending (0/1 ready)
[2m2026-07-23T18:17:58.283210Z[0m [32m INFO[0m [2mvllm_coldstart_operator[0m[2m:[0m reconciled exp-fleet-0
[2m2026-07-23T18:17:58.283254Z[0m [32m INFO[0m [2mvllm_coldstart_operator[0m[2m:[0m reconciling VllmService 'exp-fleet-0' in 'default': model=Qwen/Qwen2.5-7B-Instruct replicas=1 strategy=Eager
[2m2026-07-23T18:17:58.292356Z[0m [32m INFO[0m [2mvllm_coldstart_operator[0m[2m:[0m status of 'exp-fleet-0' -> Pending (0/1 ready)
[2m2026-07-23T18:17:58.292439Z[0m [32m INFO[0m [2mvllm_coldstart_operator[0m[2m:[0m reconciled exp-fleet-0
[2m2026-07-23T18:17:58.292478Z[0m [32m INFO[0m [2mvllm_coldstart_operator[0m[2m:[0m reconciling VllmService 'exp-fleet-0' in 'default': model=Qwen/Qwen2.5-7B-Instruct replicas=1 strategy=Eager
[2m2026-07-23T18:17:58.299866Z[0m [32m INFO[0m [2mvllm_coldstart_operator[0m[2m:[0m status of 'exp-fleet-0' -> Pending (0/1 ready)
[2m2026-07-23T18:17:58.299932Z[0m [32m INFO[0m [2mvllm_coldstart_operator[0m[2m:[0m reconciled exp-fleet-0
[2m2026-07-23T18:17:58.476363Z[0m [32m INFO[0m [2mvllm_coldstart_operator[0m[2m:[0m reconciling VllmService 'exp-fleet-0' in 'default': model=Qwen/Qwen2.5-7B-Instruct replicas=1 strategy=Eager
[2m2026-07-23T18:17:58.485896Z[0m [32m INFO[0m [2mvllm_coldstart_operator[0m[2m:[0m status of 'exp-fleet-0' -> Pending (0/1 ready)
[2m2026-07-23T18:17:58.486003Z[0m [32m INFO[0m [2mvllm_coldstart_operator[0m[2m:[0m reconciled exp-fleet-0
[2m2026-07-23T18:17:58.875391Z[0m [32m INFO[0m [2mvllm_coldstart_operator::fleet_controller[0m[2m:[0m FleetService 'exp-fleet': 1 slots placed (1 preserved, 0 newly planned) across 3 candidates
[2m2026-07-23T18:17:58.875532Z[0m [32m INFO[0m [2mvllm_coldstart_operator::fleet_controller[0m[2m:[0m reconciled FleetService exp-fleet
[2m2026-07-23T18:17:58.875578Z[0m [32m INFO[0m [2mvllm_coldstart_operator::fleet_controller[0m[2m:[0m reconciling FleetService 'exp-fleet' in 'default': model=Qwen/Qwen2.5-7B-Instruct replicas=1
[2m2026-07-23T18:17:59.276895Z[0m [32m INFO[0m [2mvllm_coldstart_operator::fleet_controller[0m[2m:[0m FleetService 'exp-fleet': 1 slots placed (1 preserved, 0 newly planned) across 3 candidates
[2m2026-07-23T18:17:59.277013Z[0m [32m INFO[0m [2mvllm_coldstart_operator::fleet_controller[0m[2m:[0m reconciled FleetService exp-fleet
[2m2026-07-23T18:18:00.534677Z[0m [32m INFO[0m [2mvllm_coldstart_operator::fleet_controller[0m[2m:[0m reconciling FleetService 'exp-fleet' in 'default': model=Qwen/Qwen2.5-7B-Instruct replicas=1
[2m2026-07-23T18:18:00.623067Z[0m [32m INFO[0m [2mvllm_coldstart_operator::fleet_controller[0m[2m:[0m FleetService 'exp-fleet': 1 slots placed (1 preserved, 0 newly planned) across 3 candidates
[2m2026-07-23T18:18:00.623162Z[0m [32m INFO[0m [2mvllm_coldstart_operator::fleet_controller[0m[2m:[0m reconciled FleetService exp-fleet
[2m2026-07-23T18:18:00.623195Z[0m [32m INFO[0m [2mvllm_coldstart_operator::fleet_controller[0m[2m:[0m reconciling FleetService 'exp-fleet' in 'default': model=Qwen/Qwen2.5-7B-Instruct replicas=1
[2m2026-07-23T18:18:00.804212Z[0m [32m INFO[0m [2mvllm_coldstart_operator::fleet_controller[0m[2m:[0m FleetService 'exp-fleet': 1 slots placed (1 preserved, 0 newly planned) across 3 candidates
[2m2026-07-23T18:18:00.804303Z[0m [32m INFO[0m [2mvllm_coldstart_operator::fleet_controller[0m[2m:[0m reconciled FleetService exp-fleet
[2m2026-07-23T18:18:00.804436Z[0m [32m INFO[0m [2mvllm_coldstart_operator::fleet_controller[0m[2m:[0m reconciling FleetService 'exp-fleet' in 'default': model=Qwen/Qwen2.5-7B-Instruct replicas=1
[2m2026-07-23T18:18:01.216941Z[0m [32m INFO[0m [2mvllm_coldstart_operator::fleet_controller[0m[2m:[0m FleetService 'exp-fleet': 1 slots placed (1 preserved, 0 newly planned) across 3 candidates
[2m2026-07-23T18:18:01.217054Z[0m [32m INFO[0m [2mvllm_coldstart_operator::fleet_controller[0m[2m:[0m reconciled FleetService exp-fleet
[2m2026-07-23T18:18:03.487449Z[0m [32m INFO[0m [2mvllm_coldstart_operator[0m[2m:[0m reconciling VllmService 'exp-fleet-0' in 'default': model=Qwen/Qwen2.5-7B-Instruct replicas=1 strategy=Eager
[2m2026-07-23T18:18:03.496719Z[0m [32m INFO[0m [2mvllm_coldstart_operator[0m[2m:[0m status of 'exp-fleet-0' -> Pending (0/1 ready)
[2m2026-07-23T18:18:03.496821Z[0m [32m INFO[0m [2mvllm_coldstart_operator[0m[2m:[0m reconciled exp-fleet-0
[2m2026-07-23T18:18:08.498093Z[0m [32m INFO[0m [2mvllm_coldstart_operator[0m[2m:[0m reconciling VllmService 'exp-fleet-0' in 'default': model=Qwen/Qwen2.5-7B-Instruct replicas=1 strategy=Eager
[2m2026-07-23T18:18:08.508094Z[0m [32m INFO[0m [2mvllm_coldstart_operator[0m[2m:[0m status of 'exp-fleet-0' -> Pending (0/1 ready)
[2m2026-07-23T18:18:08.508179Z[0m [32m INFO[0m [2mvllm_coldstart_operator[0m[2m:[0m reconciled exp-fleet-0
[2m2026-07-23T18:18:13.510397Z[0m [32m INFO[0m [2mvllm_coldstart_operator[0m[2m:[0m reconciling VllmService 'exp-fleet-0' in 'default': model=Qwen/Qwen2.5-7B-Instruct replicas=1 strategy=Eager
[2m2026-07-23T18:18:13.519020Z[0m [32m INFO[0m [2mvllm_coldstart_operator[0m[2m:[0m status of 'exp-fleet-0' -> Pending (0/1 ready)
[2m2026-07-23T18:18:13.519079Z[0m [32m INFO[0m [2mvllm_coldstart_operator[0m[2m:[0m reconciled exp-fleet-0
[2m2026-07-23T18:18:15.552798Z[0m [32m INFO[0m [2mvllm_coldstart_operator::fleet_controller[0m[2m:[0m reconciling FleetService 'exp-fleet' in 'default': model=Qwen/Qwen2.5-7B-Instruct replicas=1
[2m2026-07-23T18:18:15.640444Z[0m [32m INFO[0m [2mvllm_coldstart_operator::fleet_controller[0m[2m:[0m FleetService 'exp-fleet': 1 slots placed (1 preserved, 0 newly planned) across 3 candidates
[2m2026-07-23T18:18:15.640589Z[0m [32m INFO[0m [2mvllm_coldstart_operator::fleet_controller[0m[2m:[0m reconciled FleetService exp-fleet
[2m2026-07-23T18:18:15.640843Z[0m [32m INFO[0m [2mvllm_coldstart_operator::fleet_controller[0m[2m:[0m reconciling FleetService 'exp-fleet' in 'default': model=Qwen/Qwen2.5-7B-Instruct replicas=1
[2m2026-07-23T18:18:15.819459Z[0m [32m INFO[0m [2mvllm_coldstart_operator::fleet_controller[0m[2m:[0m FleetService 'exp-fleet': 1 slots placed (1 preserved, 0 newly planned) across 3 candidates
[2m2026-07-23T18:18:15.819550Z[0m [32m INFO[0m [2mvllm_coldstart_operator::fleet_controller[0m[2m:[0m reconciled FleetService exp-fleet
[2m2026-07-23T18:18:15.819588Z[0m [32m INFO[0m [2mvllm_coldstart_operator::fleet_controller[0m[2m:[0m reconciling FleetService 'exp-fleet' in 'default': model=Qwen/Qwen2.5-7B-Instruct replicas=1
[2m2026-07-23T18:18:16.217338Z[0m [32m INFO[0m [2mvllm_coldstart_operator::fleet_controller[0m[2m:[0m FleetService 'exp-fleet': 1 slots placed (1 preserved, 0 newly planned) across 3 candidates
[2m2026-07-23T18:18:16.217434Z[0m [32m INFO[0m [2mvllm_coldstart_operator::fleet_controller[0m[2m:[0m reconciled FleetService exp-fleet
[2m2026-07-23T18:18:18.519845Z[0m [32m INFO[0m [2mvllm_coldstart_operator[0m[2m:[0m reconciling VllmService 'exp-fleet-0' in 'default': model=Qwen/Qwen2.5-7B-Instruct replicas=1 strategy=Eager
[2m2026-07-23T18:18:18.528547Z[0m [32m INFO[0m [2mvllm_coldstart_operator[0m[2m:[0m status of 'exp-fleet-0' -> Pending (0/1 ready)
[2m2026-07-23T18:18:18.528614Z[0m [32m INFO[0m [2mvllm_coldstart_operator[0m[2m:[0m reconciled exp-fleet-0
[2m2026-07-23T18:18:23.529872Z[0m [32m INFO[0m [2mvllm_coldstart_operator[0m[2m:[0m reconciling VllmService 'exp-fleet-0' in 'default': model=Qwen/Qwen2.5-7B-Instruct replicas=1 strategy=Eager
[2m2026-07-23T18:18:23.538734Z[0m [32m INFO[0m [2mvllm_coldstart_operator[0m[2m:[0m status of 'exp-fleet-0' -> Pending (0/1 ready)
[2m2026-07-23T18:18:23.538792Z[0m [32m INFO[0m [2mvllm_coldstart_operator[0m[2m:[0m reconciled exp-fleet-0
[2m2026-07-23T18:18:28.540013Z[0m [32m INFO[0m [2mvllm_coldstart_operator[0m[2m:[0m reconciling VllmService 'exp-fleet-0' in 'default': model=Qwen/Qwen2.5-7B-Instruct replicas=1 strategy=Eager
[2m2026-07-23T18:18:28.548961Z[0m [32m INFO[0m [2mvllm_coldstart_operator[0m[2m:[0m status of 'exp-fleet-0' -> Pending (0/1 ready)
[2m2026-07-23T18:18:28.549029Z[0m [32m INFO[0m [2mvllm_coldstart_operator[0m[2m:[0m reconciled exp-fleet-0
[2m2026-07-23T18:18:30.571619Z[0m [32m INFO[0m [2mvllm_coldstart_operator::fleet_controller[0m[2m:[0m reconciling FleetService 'exp-fleet' in 'default': model=Qwen/Qwen2.5-7B-Instruct replicas=1
[2m2026-07-23T18:18:30.658670Z[0m [32m INFO[0m [2mvllm_coldstart_operator::fleet_controller[0m[2m:[0m FleetService 'exp-fleet': 1 slots placed (1 preserved, 0 newly planned) across 3 candidates
[2m2026-07-23T18:18:30.658765Z[0m [32m INFO[0m [2mvllm_coldstart_operator::fleet_controller[0m[2m:[0m reconciled FleetService exp-fleet
[2m2026-07-23T18:18:30.658924Z[0m [32m INFO[0m [2mvllm_coldstart_operator::fleet_controller[0m[2m:[0m reconciling FleetService 'exp-fleet' in 'default': model=Qwen/Qwen2.5-7B-Instruct replicas=1
[2m2026-07-23T18:18:30.839466Z[0m [32m INFO[0m [2mvllm_coldstart_operator::fleet_controller[0m[2m:[0m FleetService 'exp-fleet': 1 slots placed (1 preserved, 0 newly planned) across 3 candidates
[2m2026-07-23T18:18:30.839549Z[0m [32m INFO[0m [2mvllm_coldstart_operator::fleet_controller[0m[2m:[0m reconciled FleetService exp-fleet
[2m2026-07-23T18:18:30.839696Z[0m [32m INFO[0m [2mvllm_coldstart_operator::fleet_controller[0m[2m:[0m reconciling FleetService 'exp-fleet' in 'default': model=Qwen/Qwen2.5-7B-Instruct replicas=1
[2m2026-07-23T18:18:31.217192Z[0m [32m INFO[0m [2mvllm_coldstart_operator::fleet_controller[0m[2m:[0m FleetService 'exp-fleet': 1 slots placed (1 preserved, 0 newly planned) across 3 candidates
[2m2026-07-23T18:18:31.217308Z[0m [32m INFO[0m [2mvllm_coldstart_operator::fleet_controller[0m[2m:[0m reconciled FleetService exp-fleet
[2m2026-07-23T18:18:33.549854Z[0m [32m INFO[0m [2mvllm_coldstart_operator[0m[2m:[0m reconciling VllmService 'exp-fleet-0' in 'default': model=Qwen/Qwen2.5-7B-Instruct replicas=1 strategy=Eager
[2m2026-07-23T18:18:33.558849Z[0m [32m INFO[0m [2mvllm_coldstart_operator[0m[2m:[0m status of 'exp-fleet-0' -> Pending (0/1 ready)
[2m2026-07-23T18:18:33.558925Z[0m [32m INFO[0m [2mvllm_coldstart_operator[0m[2m:[0m reconciled exp-fleet-0
[2m2026-07-23T18:18:38.559694Z[0m [32m INFO[0m [2mvllm_coldstart_operator[0m[2m:[0m reconciling VllmService 'exp-fleet-0' in 'default': model=Qwen/Qwen2.5-7B-Instruct replicas=1 strategy=Eager
[2m2026-07-23T18:18:38.568549Z[0m [32m INFO[0m [2mvllm_coldstart_operator[0m[2m:[0m status of 'exp-fleet-0' -> Pending (0/1 ready)
[2m2026-07-23T18:18:38.568621Z[0m [32m INFO[0m [2mvllm_coldstart_operator[0m[2m:[0m reconciled exp-fleet-0
[2m2026-07-23T18:18:43.569781Z[0m [32m INFO[0m [2mvllm_coldstart_operator[0m[2m:[0m reconciling VllmService 'exp-fleet-0' in 'default': model=Qwen/Qwen2.5-7B-Instruct replicas=1 strategy=Eager
[2m2026-07-23T18:18:43.578581Z[0m [32m INFO[0m [2mvllm_coldstart_operator[0m[2m:[0m status of 'exp-fleet-0' -> Pending (0/1 ready)
[2m2026-07-23T18:18:43.578644Z[0m [32m INFO[0m [2mvllm_coldstart_operator[0m[2m:[0m reconciled exp-fleet-0
[2m2026-07-23T18:18:45.589317Z[0m [32m INFO[0m [2mvllm_coldstart_operator::fleet_controller[0m[2m:[0m reconciling FleetService 'exp-fleet' in 'default': model=Qwen/Qwen2.5-7B-Instruct replicas=1
[2m2026-07-23T18:18:45.861030Z[0m [32m INFO[0m [2mvllm_coldstart_operator::fleet_controller[0m[2m:[0m FleetService 'exp-fleet': 1 slots placed (1 preserved, 0 newly planned) across 3 candidates
[2m2026-07-23T18:18:45.861114Z[0m [32m INFO[0m [2mvllm_coldstart_operator::fleet_controller[0m[2m:[0m reconciled FleetService exp-fleet
[2m2026-07-23T18:18:45.861254Z[0m [32m INFO[0m [2mvllm_coldstart_operator::fleet_controller[0m[2m:[0m reconciling FleetService 'exp-fleet' in 'default': model=Qwen/Qwen2.5-7B-Instruct replicas=1
[2m2026-07-23T18:18:46.218518Z[0m [32m INFO[0m [2mvllm_coldstart_operator::fleet_controller[0m[2m:[0m FleetService 'exp-fleet': 1 slots placed (1 preserved, 0 newly planned) across 3 candidates
[2m2026-07-23T18:18:46.218629Z[0m [32m INFO[0m [2mvllm_coldstart_operator::fleet_controller[0m[2m:[0m reconciled FleetService exp-fleet
[2m2026-07-23T18:18:48.580184Z[0m [32m INFO[0m [2mvllm_coldstart_operator[0m[2m:[0m reconciling VllmService 'exp-fleet-0' in 'default': model=Qwen/Qwen2.5-7B-Instruct replicas=1 strategy=Eager
[2m2026-07-23T18:18:48.589083Z[0m [32m INFO[0m [2mvllm_coldstart_operator[0m[2m:[0m status of 'exp-fleet-0' -> Pending (0/1 ready)
[2m2026-07-23T18:18:48.589158Z[0m [32m INFO[0m [2mvllm_coldstart_operator[0m[2m:[0m reconciled exp-fleet-0
[2m2026-07-23T18:18:53.591427Z[0m [32m INFO[0m [2mvllm_coldstart_operator[0m[2m:[0m reconciling VllmService 'exp-fleet-0' in 'default': model=Qwen/Qwen2.5-7B-Instruct replicas=1 strategy=Eager
[2m2026-07-23T18:18:53.600500Z[0m [32m INFO[0m [2mvllm_coldstart_operator[0m[2m:[0m status of 'exp-fleet-0' -> Pending (0/1 ready)
[2m2026-07-23T18:18:53.600581Z[0m [32m INFO[0m [2mvllm_coldstart_operator[0m[2m:[0m reconciled exp-fleet-0
[2m2026-07-23T18:18:58.601797Z[0m [32m INFO[0m [2mvllm_coldstart_operator[0m[2m:[0m reconciling VllmService 'exp-fleet-0' in 'default': model=Qwen/Qwen2.5-7B-Instruct replicas=1 strategy=Eager
[2m2026-07-23T18:18:58.610817Z[0m [32m INFO[0m [2mvllm_coldstart_operator[0m[2m:[0m status of 'exp-fleet-0' -> Pending (0/1 ready)
[2m2026-07-23T18:18:58.610907Z[0m [32m INFO[0m [2mvllm_coldstart_operator[0m[2m:[0m reconciled exp-fleet-0
[2m2026-07-23T18:19:00.608349Z[0m [32m INFO[0m [2mvllm_coldstart_operator::fleet_controller[0m[2m:[0m reconciling FleetService 'exp-fleet' in 'default': model=Qwen/Qwen2.5-7B-Instruct replicas=1
[2m2026-07-23T18:19:00.879855Z[0m [32m INFO[0m [2mvllm_coldstart_operator::fleet_controller[0m[2m:[0m FleetService 'exp-fleet': 1 slots placed (1 preserved, 0 newly planned) across 3 candidates
[2m2026-07-23T18:19:00.879948Z[0m [32m INFO[0m [2mvllm_coldstart_operator::fleet_controller[0m[2m:[0m reconciled FleetService exp-fleet
[2m2026-07-23T18:19:00.879989Z[0m [32m INFO[0m [2mvllm_coldstart_operator::fleet_controller[0m[2m:[0m reconciling FleetService 'exp-fleet' in 'default': model=Qwen/Qwen2.5-7B-Instruct replicas=1
[2m2026-07-23T18:19:01.217361Z[0m [32m INFO[0m [2mvllm_coldstart_operator::fleet_controller[0m[2m:[0m FleetService 'exp-fleet': 1 slots placed (1 preserved, 0 newly planned) across 3 candidates
[2m2026-07-23T18:19:01.217486Z[0m [32m INFO[0m [2mvllm_coldstart_operator::fleet_controller[0m[2m:[0m reconciled FleetService exp-fleet
[2m2026-07-23T18:19:03.612003Z[0m [32m INFO[0m [2mvllm_coldstart_operator[0m[2m:[0m reconciling VllmService 'exp-fleet-0' in 'default': model=Qwen/Qwen2.5-7B-Instruct replicas=1 strategy=Eager
[2m2026-07-23T18:19:03.620679Z[0m [32m INFO[0m [2mvllm_coldstart_operator[0m[2m:[0m status of 'exp-fleet-0' -> Pending (0/1 ready)
[2m2026-07-23T18:19:03.620760Z[0m [32m INFO[0m [2mvllm_coldstart_operator[0m[2m:[0m reconciled exp-fleet-0
[2m2026-07-23T18:19:08.621987Z[0m [32m INFO[0m [2mvllm_coldstart_operator[0m[2m:[0m reconciling VllmService 'exp-fleet-0' in 'default': model=Qwen/Qwen2.5-7B-Instruct replicas=1 strategy=Eager
[2m2026-07-23T18:19:08.631828Z[0m [32m INFO[0m [2mvllm_coldstart_operator[0m[2m:[0m status of 'exp-fleet-0' -> Pending (0/1 ready)
[2m2026-07-23T18:19:08.632036Z[0m [32m INFO[0m [2mvllm_coldstart_operator[0m[2m:[0m reconciled exp-fleet-0
[2m2026-07-23T18:19:13.633442Z[0m [32m INFO[0m [2mvllm_coldstart_operator[0m[2m:[0m reconciling VllmService 'exp-fleet-0' in 'default': model=Qwen/Qwen2.5-7B-Instruct replicas=1 strategy=Eager
[2m2026-07-23T18:19:13.642155Z[0m [32m INFO[0m [2mvllm_coldstart_operator[0m[2m:[0m status of 'exp-fleet-0' -> Pending (0/1 ready)
[2m2026-07-23T18:19:13.642314Z[0m [32m INFO[0m [2mvllm_coldstart_operator[0m[2m:[0m reconciled exp-fleet-0
[2m2026-07-23T18:19:15.625168Z[0m [32m INFO[0m [2mvllm_coldstart_operator::fleet_controller[0m[2m:[0m reconciling FleetService 'exp-fleet' in 'default': model=Qwen/Qwen2.5-7B-Instruct replicas=1
[2m2026-07-23T18:19:15.712376Z[0m [32m INFO[0m [2mvllm_coldstart_operator::fleet_controller[0m[2m:[0m FleetService 'exp-fleet': 1 slots placed (1 preserved, 0 newly planned) across 3 candidates
[2m2026-07-23T18:19:15.712467Z[0m [32m INFO[0m [2mvllm_coldstart_operator::fleet_controller[0m[2m:[0m reconciled FleetService exp-fleet
[2m2026-07-23T18:19:15.712534Z[0m [32m INFO[0m [2mvllm_coldstart_operator::fleet_controller[0m[2m:[0m reconciling FleetService 'exp-fleet' in 'default': model=Qwen/Qwen2.5-7B-Instruct replicas=1
[2m2026-07-23T18:19:15.898532Z[0m [32m INFO[0m [2mvllm_coldstart_operator::fleet_controller[0m[2m:[0m FleetService 'exp-fleet': 1 slots placed (1 preserved, 0 newly planned) across 3 candidates
[2m2026-07-23T18:19:15.898635Z[0m [32m INFO[0m [2mvllm_coldstart_operator::fleet_controller[0m[2m:[0m reconciled FleetService exp-fleet
[2m2026-07-23T18:19:15.898772Z[0m [32m INFO[0m [2mvllm_coldstart_operator::fleet_controller[0m[2m:[0m reconciling FleetService 'exp-fleet' in 'default': model=Qwen/Qwen2.5-7B-Instruct replicas=1
[2m2026-07-23T18:19:16.219233Z[0m [32m INFO[0m [2mvllm_coldstart_operator::fleet_controller[0m[2m:[0m FleetService 'exp-fleet': 1 slots placed (1 preserved, 0 newly planned) across 3 candidates
[2m2026-07-23T18:19:16.219360Z[0m [32m INFO[0m [2mvllm_coldstart_operator::fleet_controller[0m[2m:[0m reconciled FleetService exp-fleet
[2m2026-07-23T18:19:18.643808Z[0m [32m INFO[0m [2mvllm_coldstart_operator[0m[2m:[0m reconciling VllmService 'exp-fleet-0' in 'default': model=Qwen/Qwen2.5-7B-Instruct replicas=1 strategy=Eager
[2m2026-07-23T18:19:18.652438Z[0m [32m INFO[0m [2mvllm_coldstart_operator[0m[2m:[0m status of 'exp-fleet-0' -> Pending (0/1 ready)
[2m2026-07-23T18:19:18.652506Z[0m [32m INFO[0m [2mvllm_coldstart_operator[0m[2m:[0m reconciled exp-fleet-0
[2m2026-07-23T18:19:23.654047Z[0m [32m INFO[0m [2mvllm_coldstart_operator[0m[2m:[0m reconciling VllmService 'exp-fleet-0' in 'default': model=Qwen/Qwen2.5-7B-Instruct replicas=1 strategy=Eager
[2m2026-07-23T18:19:23.662839Z[0m [32m INFO[0m [2mvllm_coldstart_operator[0m[2m:[0m status of 'exp-fleet-0' -> Pending (0/1 ready)
[2m2026-07-23T18:19:23.662906Z[0m [32m INFO[0m [2mvllm_coldstart_operator[0m[2m:[0m reconciled exp-fleet-0
[2m2026-07-23T18:19:28.664213Z[0m [32m INFO[0m [2mvllm_coldstart_operator[0m[2m:[0m reconciling VllmService 'exp-fleet-0' in 'default': model=Qwen/Qwen2.5-7B-Instruct replicas=1 strategy=Eager
[2m2026-07-23T18:19:28.673080Z[0m [32m INFO[0m [2mvllm_coldstart_operator[0m[2m:[0m status of 'exp-fleet-0' -> Pending (0/1 ready)
[2m2026-07-23T18:19:28.673156Z[0m [32m INFO[0m [2mvllm_coldstart_operator[0m[2m:[0m reconciled exp-fleet-0
[2m2026-07-23T18:19:30.642093Z[0m [32m INFO[0m [2mvllm_coldstart_operator::fleet_controller[0m[2m:[0m reconciling FleetService 'exp-fleet' in 'default': model=Qwen/Qwen2.5-7B-Instruct replicas=1
[2m2026-07-23T18:19:30.735142Z[0m [32m INFO[0m [2mvllm_coldstart_operator::fleet_controller[0m[2m:[0m FleetService 'exp-fleet': 1 slots placed (1 preserved, 0 newly planned) across 3 candidates
[2m2026-07-23T18:19:30.735227Z[0m [32m INFO[0m [2mvllm_coldstart_operator::fleet_controller[0m[2m:[0m reconciled FleetService exp-fleet
[2m2026-07-23T18:19:30.735375Z[0m [32m INFO[0m [2mvllm_coldstart_operator::fleet_controller[0m[2m:[0m reconciling FleetService 'exp-fleet' in 'default': model=Qwen/Qwen2.5-7B-Instruct replicas=1
[2m2026-07-23T18:19:30.916190Z[0m [32m INFO[0m [2mvllm_coldstart_operator::fleet_controller[0m[2m:[0m FleetService 'exp-fleet': 1 slots placed (1 preserved, 0 newly planned) across 3 candidates
[2m2026-07-23T18:19:30.916447Z[0m [32m INFO[0m [2mvllm_coldstart_operator::fleet_controller[0m[2m:[0m reconciled FleetService exp-fleet
[2m2026-07-23T18:19:30.916494Z[0m [32m INFO[0m [2mvllm_coldstart_operator::fleet_controller[0m[2m:[0m reconciling FleetService 'exp-fleet' in 'default': model=Qwen/Qwen2.5-7B-Instruct replicas=1
[2m2026-07-23T18:19:31.217499Z[0m [32m INFO[0m [2mvllm_coldstart_operator::fleet_controller[0m[2m:[0m FleetService 'exp-fleet': 1 slots placed (1 preserved, 0 newly planned) across 3 candidates
[2m2026-07-23T18:19:31.217616Z[0m [32m INFO[0m [2mvllm_coldstart_operator::fleet_controller[0m[2m:[0m reconciled FleetService exp-fleet
[2m2026-07-23T18:19:33.675131Z[0m [32m INFO[0m [2mvllm_coldstart_operator[0m[2m:[0m reconciling VllmService 'exp-fleet-0' in 'default': model=Qwen/Qwen2.5-7B-Instruct replicas=1 strategy=Eager
[2m2026-07-23T18:19:33.683971Z[0m [32m INFO[0m [2mvllm_coldstart_operator[0m[2m:[0m status of 'exp-fleet-0' -> Pending (0/1 ready)
[2m2026-07-23T18:19:33.684045Z[0m [32m INFO[0m [2mvllm_coldstart_operator[0m[2m:[0m reconciled exp-fleet-0
[2m2026-07-23T18:19:38.685251Z[0m [32m INFO[0m [2mvllm_coldstart_operator[0m[2m:[0m reconciling VllmService 'exp-fleet-0' in 'default': model=Qwen/Qwen2.5-7B-Instruct replicas=1 strategy=Eager
[2m2026-07-23T18:19:38.694348Z[0m [32m INFO[0m [2mvllm_coldstart_operator[0m[2m:[0m status of 'exp-fleet-0' -> Pending (0/1 ready)
[2m2026-07-23T18:19:38.694423Z[0m [32m INFO[0m [2mvllm_coldstart_operator[0m[2m:[0m reconciled exp-fleet-0
[2m2026-07-23T18:19:43.695634Z[0m [32m INFO[0m [2mvllm_coldstart_operator[0m[2m:[0m reconciling VllmService 'exp-fleet-0' in 'default': model=Qwen/Qwen2.5-7B-Instruct replicas=1 strategy=Eager
[2m2026-07-23T18:19:43.704478Z[0m [32m INFO[0m [2mvllm_coldstart_operator[0m[2m:[0m status of 'exp-fleet-0' -> Pending (0/1 ready)
[2m2026-07-23T18:19:43.704569Z[0m [32m INFO[0m [2mvllm_coldstart_operator[0m[2m:[0m reconciled exp-fleet-0
[2m2026-07-23T18:19:45.661555Z[0m [32m INFO[0m [2mvllm_coldstart_operator::fleet_controller[0m[2m:[0m reconciling FleetService 'exp-fleet' in 'default': model=Qwen/Qwen2.5-7B-Instruct replicas=1
[2m2026-07-23T18:19:45.753237Z[0m [32m INFO[0m [2mvllm_coldstart_operator::fleet_controller[0m[2m:[0m FleetService 'exp-fleet': 1 slots placed (1 preserved, 0 newly planned) across 3 candidates
[2m2026-07-23T18:19:45.753330Z[0m [32m INFO[0m [2mvllm_coldstart_operator::fleet_controller[0m[2m:[0m reconciled FleetService exp-fleet
[2m2026-07-23T18:19:45.753521Z[0m [32m INFO[0m [2mvllm_coldstart_operator::fleet_controller[0m[2m:[0m reconciling FleetService 'exp-fleet' in 'default': model=Qwen/Qwen2.5-7B-Instruct replicas=1
[2m2026-07-23T18:19:45.934179Z[0m [32m INFO[0m [2mvllm_coldstart_operator::fleet_controller[0m[2m:[0m FleetService 'exp-fleet': 1 slots placed (1 preserved, 0 newly planned) across 3 candidates
[2m2026-07-23T18:19:45.934263Z[0m [32m INFO[0m [2mvllm_coldstart_operator::fleet_controller[0m[2m:[0m reconciled FleetService exp-fleet
[2m2026-07-23T18:19:45.934399Z[0m [32m INFO[0m [2mvllm_coldstart_operator::fleet_controller[0m[2m:[0m reconciling FleetService 'exp-fleet' in 'default': model=Qwen/Qwen2.5-7B-Instruct replicas=1
[2m2026-07-23T18:19:46.216639Z[0m [32m INFO[0m [2mvllm_coldstart_operator::fleet_controller[0m[2m:[0m FleetService 'exp-fleet': 1 slots placed (1 preserved, 0 newly planned) across 3 candidates
[2m2026-07-23T18:19:46.216748Z[0m [32m INFO[0m [2mvllm_coldstart_operator::fleet_controller[0m[2m:[0m reconciled FleetService exp-fleet
[2m2026-07-23T18:19:48.706459Z[0m [32m INFO[0m [2mvllm_coldstart_operator[0m[2m:[0m reconciling VllmService 'exp-fleet-0' in 'default': model=Qwen/Qwen2.5-7B-Instruct replicas=1 strategy=Eager
[2m2026-07-23T18:19:48.715121Z[0m [32m INFO[0m [2mvllm_coldstart_operator[0m[2m:[0m status of 'exp-fleet-0' -> Pending (0/1 ready)
[2m2026-07-23T18:19:48.715187Z[0m [32m INFO[0m [2mvllm_coldstart_operator[0m[2m:[0m reconciled exp-fleet-0
[2m2026-07-23T18:19:53.717399Z[0m [32m INFO[0m [2mvllm_coldstart_operator[0m[2m:[0m reconciling VllmService 'exp-fleet-0' in 'default': model=Qwen/Qwen2.5-7B-Instruct replicas=1 strategy=Eager
[2m2026-07-23T18:19:53.726343Z[0m [32m INFO[0m [2mvllm_coldstart_operator[0m[2m:[0m status of 'exp-fleet-0' -> Pending (0/1 ready)
[2m2026-07-23T18:19:53.726406Z[0m [32m INFO[0m [2mvllm_coldstart_operator[0m[2m:[0m reconciled exp-fleet-0
[2m2026-07-23T18:19:58.727599Z[0m [32m INFO[0m [2mvllm_coldstart_operator[0m[2m:[0m reconciling VllmService 'exp-fleet-0' in 'default': model=Qwen/Qwen2.5-7B-Instruct replicas=1 strategy=Eager
[2m2026-07-23T18:19:58.736481Z[0m [32m INFO[0m [2mvllm_coldstart_operator[0m[2m:[0m status of 'exp-fleet-0' -> Pending (0/1 ready)
[2m2026-07-23T18:19:58.736538Z[0m [32m INFO[0m [2mvllm_coldstart_operator[0m[2m:[0m reconciled exp-fleet-0
[2m2026-07-23T18:20:00.679426Z[0m [32m INFO[0m [2mvllm_coldstart_operator::fleet_controller[0m[2m:[0m reconciling FleetService 'exp-fleet' in 'default': model=Qwen/Qwen2.5-7B-Instruct replicas=1
[2m2026-07-23T18:20:00.770641Z[0m [32m INFO[0m [2mvllm_coldstart_operator::fleet_controller[0m[2m:[0m FleetService 'exp-fleet': 1 slots placed (1 preserved, 0 newly planned) across 3 candidates
[2m2026-07-23T18:20:00.770825Z[0m [32m INFO[0m [2mvllm_coldstart_operator::fleet_controller[0m[2m:[0m reconciled FleetService exp-fleet
[2m2026-07-23T18:20:00.770856Z[0m [32m INFO[0m [2mvllm_coldstart_operator::fleet_controller[0m[2m:[0m reconciling FleetService 'exp-fleet' in 'default': model=Qwen/Qwen2.5-7B-Instruct replicas=1
[2m2026-07-23T18:20:00.997904Z[0m [32m INFO[0m [2mvllm_coldstart_operator::fleet_controller[0m[2m:[0m FleetService 'exp-fleet': 1 slots placed (1 preserved, 0 newly planned) across 3 candidates
[2m2026-07-23T18:20:00.998027Z[0m [32m INFO[0m [2mvllm_coldstart_operator::fleet_controller[0m[2m:[0m reconciled FleetService exp-fleet
[2m2026-07-23T18:20:00.998191Z[0m [32m INFO[0m [2mvllm_coldstart_operator::fleet_controller[0m[2m:[0m reconciling FleetService 'exp-fleet' in 'default': model=Qwen/Qwen2.5-7B-Instruct replicas=1
[2m2026-07-23T18:20:01.217233Z[0m [32m INFO[0m [2mvllm_coldstart_operator::fleet_controller[0m[2m:[0m FleetService 'exp-fleet': 1 slots placed (1 preserved, 0 newly planned) across 3 candidates
[2m2026-07-23T18:20:01.217347Z[0m [32m INFO[0m [2mvllm_coldstart_operator::fleet_controller[0m[2m:[0m reconciled FleetService exp-fleet
[2m2026-07-23T18:20:03.737967Z[0m [32m INFO[0m [2mvllm_coldstart_operator[0m[2m:[0m reconciling VllmService 'exp-fleet-0' in 'default': model=Qwen/Qwen2.5-7B-Instruct replicas=1 strategy=Eager
[2m2026-07-23T18:20:03.746652Z[0m [32m INFO[0m [2mvllm_coldstart_operator[0m[2m:[0m status of 'exp-fleet-0' -> Pending (0/1 ready)
[2m2026-07-23T18:20:03.746815Z[0m [32m INFO[0m [2mvllm_coldstart_operator[0m[2m:[0m reconciled exp-fleet-0
[2m2026-07-23T18:20:08.747993Z[0m [32m INFO[0m [2mvllm_coldstart_operator[0m[2m:[0m reconciling VllmService 'exp-fleet-0' in 'default': model=Qwen/Qwen2.5-7B-Instruct replicas=1 strategy=Eager
[2m2026-07-23T18:20:08.756751Z[0m [32m INFO[0m [2mvllm_coldstart_operator[0m[2m:[0m status of 'exp-fleet-0' -> Pending (0/1 ready)
[2m2026-07-23T18:20:08.756818Z[0m [32m INFO[0m [2mvllm_coldstart_operator[0m[2m:[0m reconciled exp-fleet-0
[2m2026-07-23T18:20:13.758163Z[0m [32m INFO[0m [2mvllm_coldstart_operator[0m[2m:[0m reconciling VllmService 'exp-fleet-0' in 'default': model=Qwen/Qwen2.5-7B-Instruct replicas=1 strategy=Eager
[2m2026-07-23T18:20:13.766985Z[0m [32m INFO[0m [2mvllm_coldstart_operator[0m[2m:[0m status of 'exp-fleet-0' -> Pending (0/1 ready)
[2m2026-07-23T18:20:13.767052Z[0m [32m INFO[0m [2mvllm_coldstart_operator[0m[2m:[0m reconciled exp-fleet-0
[2m2026-07-23T18:20:15.697934Z[0m [32m INFO[0m [2mvllm_coldstart_operator::fleet_controller[0m[2m:[0m reconciling FleetService 'exp-fleet' in 'default': model=Qwen/Qwen2.5-7B-Instruct replicas=1
[2m2026-07-23T18:20:15.967541Z[0m [32m INFO[0m [2mvllm_coldstart_operator::fleet_controller[0m[2m:[0m FleetService 'exp-fleet': 1 slots placed (1 preserved, 0 newly planned) across 3 candidates
[2m2026-07-23T18:20:15.967676Z[0m [32m INFO[0m [2mvllm_coldstart_operator::fleet_controller[0m[2m:[0m reconciled FleetService exp-fleet
[2m2026-07-23T18:20:15.967788Z[0m [32m INFO[0m [2mvllm_coldstart_operator::fleet_controller[0m[2m:[0m reconciling FleetService 'exp-fleet' in 'default': model=Qwen/Qwen2.5-7B-Instruct replicas=1
[2m2026-07-23T18:20:16.217392Z[0m [32m INFO[0m [2mvllm_coldstart_operator::fleet_controller[0m[2m:[0m FleetService 'exp-fleet': 1 slots placed (1 preserved, 0 newly planned) across 3 candidates
[2m2026-07-23T18:20:16.217520Z[0m [32m INFO[0m [2mvllm_coldstart_operator::fleet_controller[0m[2m:[0m reconciled FleetService exp-fleet
[2m2026-07-23T18:20:16.217564Z[0m [32m INFO[0m [2mvllm_coldstart_operator::fleet_controller[0m[2m:[0m reconciling FleetService 'exp-fleet' in 'default': model=Qwen/Qwen2.5-7B-Instruct replicas=1
[2m2026-07-23T18:20:16.225226Z[0m [32m INFO[0m [2mvllm_coldstart_operator::fleet_controller[0m[2m:[0m FleetService 'exp-fleet': 1 slots placed (1 preserved, 0 newly planned) across 3 candidates
[2m2026-07-23T18:20:16.225304Z[0m [32m INFO[0m [2mvllm_coldstart_operator::fleet_controller[0m[2m:[0m reconciled FleetService exp-fleet
[2m2026-07-23T18:20:18.768012Z[0m [32m INFO[0m [2mvllm_coldstart_operator[0m[2m:[0m reconciling VllmService 'exp-fleet-0' in 'default': model=Qwen/Qwen2.5-7B-Instruct replicas=1 strategy=Eager
[2m2026-07-23T18:20:18.776748Z[0m [32m INFO[0m [2mvllm_coldstart_operator[0m[2m:[0m status of 'exp-fleet-0' -> Pending (0/1 ready)
[2m2026-07-23T18:20:18.776814Z[0m [32m INFO[0m [2mvllm_coldstart_operator[0m[2m:[0m reconciled exp-fleet-0
[2m2026-07-23T18:20:23.778208Z[0m [32m INFO[0m [2mvllm_coldstart_operator[0m[2m:[0m reconciling VllmService 'exp-fleet-0' in 'default': model=Qwen/Qwen2.5-7B-Instruct replicas=1 strategy=Eager
[2m2026-07-23T18:20:23.786779Z[0m [32m INFO[0m [2mvllm_coldstart_operator[0m[2m:[0m status of 'exp-fleet-0' -> Pending (0/1 ready)
[2m2026-07-23T18:20:23.786844Z[0m [32m INFO[0m [2mvllm_coldstart_operator[0m[2m:[0m reconciled exp-fleet-0
[2m2026-07-23T18:20:28.788017Z[0m [32m INFO[0m [2mvllm_coldstart_operator[0m[2m:[0m reconciling VllmService 'exp-fleet-0' in 'default': model=Qwen/Qwen2.5-7B-Instruct replicas=1 strategy=Eager
[2m2026-07-23T18:20:28.796725Z[0m [32m INFO[0m [2mvllm_coldstart_operator[0m[2m:[0m status of 'exp-fleet-0' -> Pending (0/1 ready)
[2m2026-07-23T18:20:28.796807Z[0m [32m INFO[0m [2mvllm_coldstart_operator[0m[2m:[0m reconciled exp-fleet-0
[2m2026-07-23T18:20:30.716141Z[0m [32m INFO[0m [2mvllm_coldstart_operator::fleet_controller[0m[2m:[0m reconciling FleetService 'exp-fleet' in 'default': model=Qwen/Qwen2.5-7B-Instruct replicas=1
[2m2026-07-23T18:20:31.033930Z[0m [32m INFO[0m [2mvllm_coldstart_operator::fleet_controller[0m[2m:[0m FleetService 'exp-fleet': 1 slots placed (1 preserved, 0 newly planned) across 3 candidates
[2m2026-07-23T18:20:31.034026Z[0m [32m INFO[0m [2mvllm_coldstart_operator::fleet_controller[0m[2m:[0m reconciled FleetService exp-fleet
[2m2026-07-23T18:20:31.034065Z[0m [32m INFO[0m [2mvllm_coldstart_operator::fleet_controller[0m[2m:[0m reconciling FleetService 'exp-fleet' in 'default': model=Qwen/Qwen2.5-7B-Instruct replicas=1
[2m2026-07-23T18:20:31.216884Z[0m [32m INFO[0m [2mvllm_coldstart_operator::fleet_controller[0m[2m:[0m FleetService 'exp-fleet': 1 slots placed (1 preserved, 0 newly planned) across 3 candidates
[2m2026-07-23T18:20:31.217007Z[0m [32m INFO[0m [2mvllm_coldstart_operator::fleet_controller[0m[2m:[0m reconciled FleetService exp-fleet
[2m2026-07-23T18:20:33.797809Z[0m [32m INFO[0m [2mvllm_coldstart_operator[0m[2m:[0m reconciling VllmService 'exp-fleet-0' in 'default': model=Qwen/Qwen2.5-7B-Instruct replicas=1 strategy=Eager
[2m2026-07-23T18:20:33.807449Z[0m [32m INFO[0m [2mvllm_coldstart_operator[0m[2m:[0m status of 'exp-fleet-0' -> Pending (0/1 ready)
[2m2026-07-23T18:20:33.807543Z[0m [32m INFO[0m [2mvllm_coldstart_operator[0m[2m:[0m reconciled exp-fleet-0
[2m2026-07-23T18:20:38.808840Z[0m [32m INFO[0m [2mvllm_coldstart_operator[0m[2m:[0m reconciling VllmService 'exp-fleet-0' in 'default': model=Qwen/Qwen2.5-7B-Instruct replicas=1 strategy=Eager
[2m2026-07-23T18:20:38.817494Z[0m [32m INFO[0m [2mvllm_coldstart_operator[0m[2m:[0m status of 'exp-fleet-0' -> Pending (0/1 ready)
[2m2026-07-23T18:20:38.817557Z[0m [32m INFO[0m [2mvllm_coldstart_operator[0m[2m:[0m reconciled exp-fleet-0
[2m2026-07-23T18:20:43.818769Z[0m [32m INFO[0m [2mvllm_coldstart_operator[0m[2m:[0m reconciling VllmService 'exp-fleet-0' in 'default': model=Qwen/Qwen2.5-7B-Instruct replicas=1 strategy=Eager
[2m2026-07-23T18:20:43.827717Z[0m [32m INFO[0m [2mvllm_coldstart_operator[0m[2m:[0m status of 'exp-fleet-0' -> Pending (0/1 ready)
[2m2026-07-23T18:20:43.827789Z[0m [32m INFO[0m [2mvllm_coldstart_operator[0m[2m:[0m reconciled exp-fleet-0
[2m2026-07-23T18:20:45.734934Z[0m [32m INFO[0m [2mvllm_coldstart_operator::fleet_controller[0m[2m:[0m reconciling FleetService 'exp-fleet' in 'default': model=Qwen/Qwen2.5-7B-Instruct replicas=1
[2m2026-07-23T18:20:45.824190Z[0m [32m INFO[0m [2mvllm_coldstart_operator::fleet_controller[0m[2m:[0m FleetService 'exp-fleet': 1 slots placed (1 preserved, 0 newly planned) across 3 candidates
[2m2026-07-23T18:20:45.824277Z[0m [32m INFO[0m [2mvllm_coldstart_operator::fleet_controller[0m[2m:[0m reconciled FleetService exp-fleet
[2m2026-07-23T18:20:45.824317Z[0m [32m INFO[0m [2mvllm_coldstart_operator::fleet_controller[0m[2m:[0m reconciling FleetService 'exp-fleet' in 'default': model=Qwen/Qwen2.5-7B-Instruct replicas=1
[2m2026-07-23T18:20:46.051477Z[0m [32m INFO[0m [2mvllm_coldstart_operator::fleet_controller[0m[2m:[0m FleetService 'exp-fleet': 1 slots placed (1 preserved, 0 newly planned) across 3 candidates
[2m2026-07-23T18:20:46.051569Z[0m [32m INFO[0m [2mvllm_coldstart_operator::fleet_controller[0m[2m:[0m reconciled FleetService exp-fleet
[2m2026-07-23T18:20:46.051720Z[0m [32m INFO[0m [2mvllm_coldstart_operator::fleet_controller[0m[2m:[0m reconciling FleetService 'exp-fleet' in 'default': model=Qwen/Qwen2.5-7B-Instruct replicas=1
[2m2026-07-23T18:20:46.216703Z[0m [32m INFO[0m [2mvllm_coldstart_operator::fleet_controller[0m[2m:[0m FleetService 'exp-fleet': 1 slots placed (1 preserved, 0 newly planned) across 3 candidates
[2m2026-07-23T18:20:46.216798Z[0m [32m INFO[0m [2mvllm_coldstart_operator::fleet_controller[0m[2m:[0m reconciled FleetService exp-fleet
[2m2026-07-23T18:20:48.829509Z[0m [32m INFO[0m [2mvllm_coldstart_operator[0m[2m:[0m reconciling VllmService 'exp-fleet-0' in 'default': model=Qwen/Qwen2.5-7B-Instruct replicas=1 strategy=Eager
[2m2026-07-23T18:20:48.838853Z[0m [32m INFO[0m [2mvllm_coldstart_operator[0m[2m:[0m status of 'exp-fleet-0' -> Pending (0/1 ready)
[2m2026-07-23T18:20:48.838950Z[0m [32m INFO[0m [2mvllm_coldstart_operator[0m[2m:[0m reconciled exp-fleet-0
[2m2026-07-23T18:20:53.840176Z[0m [32m INFO[0m [2mvllm_coldstart_operator[0m[2m:[0m reconciling VllmService 'exp-fleet-0' in 'default': model=Qwen/Qwen2.5-7B-Instruct replicas=1 strategy=Eager
[2m2026-07-23T18:20:53.849524Z[0m [32m INFO[0m [2mvllm_coldstart_operator[0m[2m:[0m status of 'exp-fleet-0' -> Pending (0/1 ready)
[2m2026-07-23T18:20:53.849592Z[0m [32m INFO[0m [2mvllm_coldstart_operator[0m[2m:[0m reconciled exp-fleet-0
[2m2026-07-23T18:20:58.850993Z[0m [32m INFO[0m [2mvllm_coldstart_operator[0m[2m:[0m reconciling VllmService 'exp-fleet-0' in 'default': model=Qwen/Qwen2.5-7B-Instruct replicas=1 strategy=Eager
[2m2026-07-23T18:20:58.859875Z[0m [32m INFO[0m [2mvllm_coldstart_operator[0m[2m:[0m status of 'exp-fleet-0' -> Pending (0/1 ready)
[2m2026-07-23T18:20:58.859962Z[0m [32m INFO[0m [2mvllm_coldstart_operator[0m[2m:[0m reconciled exp-fleet-0
[2m2026-07-23T18:21:00.755129Z[0m [32m INFO[0m [2mvllm_coldstart_operator::fleet_controller[0m[2m:[0m reconciling FleetService 'exp-fleet' in 'default': model=Qwen/Qwen2.5-7B-Instruct replicas=1
[2m2026-07-23T18:21:00.847143Z[0m [32m INFO[0m [2mvllm_coldstart_operator::fleet_controller[0m[2m:[0m FleetService 'exp-fleet': 1 slots placed (1 preserved, 0 newly planned) across 3 candidates
[2m2026-07-23T18:21:00.847355Z[0m [32m INFO[0m [2mvllm_coldstart_operator::fleet_controller[0m[2m:[0m reconciled FleetService exp-fleet
[2m2026-07-23T18:21:00.847387Z[0m [32m INFO[0m [2mvllm_coldstart_operator::fleet_controller[0m[2m:[0m reconciling FleetService 'exp-fleet' in 'default': model=Qwen/Qwen2.5-7B-Instruct replicas=1
[2m2026-07-23T18:21:01.069488Z[0m [32m INFO[0m [2mvllm_coldstart_operator::fleet_controller[0m[2m:[0m FleetService 'exp-fleet': 1 slots placed (1 preserved, 0 newly planned) across 3 candidates
[2m2026-07-23T18:21:01.069583Z[0m [32m INFO[0m [2mvllm_coldstart_operator::fleet_controller[0m[2m:[0m reconciled FleetService exp-fleet
[2m2026-07-23T18:21:01.069720Z[0m [32m INFO[0m [2mvllm_coldstart_operator::fleet_controller[0m[2m:[0m reconciling FleetService 'exp-fleet' in 'default': model=Qwen/Qwen2.5-7B-Instruct replicas=1
[2m2026-07-23T18:21:01.217529Z[0m [32m INFO[0m [2mvllm_coldstart_operator::fleet_controller[0m[2m:[0m FleetService 'exp-fleet': 1 slots placed (1 preserved, 0 newly planned) across 3 candidates
[2m2026-07-23T18:21:01.217616Z[0m [32m INFO[0m [2mvllm_coldstart_operator::fleet_controller[0m[2m:[0m reconciled FleetService exp-fleet
[2m2026-07-23T18:21:03.861453Z[0m [32m INFO[0m [2mvllm_coldstart_operator[0m[2m:[0m reconciling VllmService 'exp-fleet-0' in 'default': model=Qwen/Qwen2.5-7B-Instruct replicas=1 strategy=Eager
[2m2026-07-23T18:21:03.870393Z[0m [32m INFO[0m [2mvllm_coldstart_operator[0m[2m:[0m status of 'exp-fleet-0' -> Pending (0/1 ready)
[2m2026-07-23T18:21:03.870475Z[0m [32m INFO[0m [2mvllm_coldstart_operator[0m[2m:[0m reconciled exp-fleet-0
[2m2026-07-23T18:21:08.872013Z[0m [32m INFO[0m [2mvllm_coldstart_operator[0m[2m:[0m reconciling VllmService 'exp-fleet-0' in 'default': model=Qwen/Qwen2.5-7B-Instruct replicas=1 strategy=Eager
[2m2026-07-23T18:21:08.882333Z[0m [32m INFO[0m [2mvllm_coldstart_operator[0m[2m:[0m status of 'exp-fleet-0' -> Pending (0/1 ready)
[2m2026-07-23T18:21:08.882401Z[0m [32m INFO[0m [2mvllm_coldstart_operator[0m[2m:[0m reconciled exp-fleet-0
[2m2026-07-23T18:21:13.883591Z[0m [32m INFO[0m [2mvllm_coldstart_operator[0m[2m:[0m reconciling VllmService 'exp-fleet-0' in 'default': model=Qwen/Qwen2.5-7B-Instruct replicas=1 strategy=Eager
[2m2026-07-23T18:21:13.892340Z[0m [32m INFO[0m [2mvllm_coldstart_operator[0m[2m:[0m status of 'exp-fleet-0' -> Pending (0/1 ready)
[2m2026-07-23T18:21:13.892413Z[0m [32m INFO[0m [2mvllm_coldstart_operator[0m[2m:[0m reconciled exp-fleet-0
[2m2026-07-23T18:21:15.774722Z[0m [32m INFO[0m [2mvllm_coldstart_operator::fleet_controller[0m[2m:[0m reconciling FleetService 'exp-fleet' in 'default': model=Qwen/Qwen2.5-7B-Instruct replicas=1
[2m2026-07-23T18:21:15.863901Z[0m [32m INFO[0m [2mvllm_coldstart_operator::fleet_controller[0m[2m:[0m FleetService 'exp-fleet': 1 slots placed (1 preserved, 0 newly planned) across 3 candidates
[2m2026-07-23T18:21:15.864008Z[0m [32m INFO[0m [2mvllm_coldstart_operator::fleet_controller[0m[2m:[0m reconciled FleetService exp-fleet
[2m2026-07-23T18:21:15.864128Z[0m [32m INFO[0m [2mvllm_coldstart_operator::fleet_controller[0m[2m:[0m reconciling FleetService 'exp-fleet' in 'default': model=Qwen/Qwen2.5-7B-Instruct replicas=1
[2m2026-07-23T18:21:16.087042Z[0m [32m INFO[0m [2mvllm_coldstart_operator::fleet_controller[0m[2m:[0m FleetService 'exp-fleet': 1 slots placed (1 preserved, 0 newly planned) across 3 candidates
[2m2026-07-23T18:21:16.087132Z[0m [32m INFO[0m [2mvllm_coldstart_operator::fleet_controller[0m[2m:[0m reconciled FleetService exp-fleet
[2m2026-07-23T18:21:16.087170Z[0m [32m INFO[0m [2mvllm_coldstart_operator::fleet_controller[0m[2m:[0m reconciling FleetService 'exp-fleet' in 'default': model=Qwen/Qwen2.5-7B-Instruct replicas=1
[2m2026-07-23T18:21:16.216897Z[0m [32m INFO[0m [2mvllm_coldstart_operator::fleet_controller[0m[2m:[0m FleetService 'exp-fleet': 1 slots placed (1 preserved, 0 newly planned) across 3 candidates
[2m2026-07-23T18:21:16.216990Z[0m [32m INFO[0m [2mvllm_coldstart_operator::fleet_controller[0m[2m:[0m reconciled FleetService exp-fleet
[2m2026-07-23T18:21:18.894010Z[0m [32m INFO[0m [2mvllm_coldstart_operator[0m[2m:[0m reconciling VllmService 'exp-fleet-0' in 'default': model=Qwen/Qwen2.5-7B-Instruct replicas=1 strategy=Eager
[2m2026-07-23T18:21:18.902638Z[0m [32m INFO[0m [2mvllm_coldstart_operator[0m[2m:[0m status of 'exp-fleet-0' -> Pending (0/1 ready)
[2m2026-07-23T18:21:18.902696Z[0m [32m INFO[0m [2mvllm_coldstart_operator[0m[2m:[0m reconciled exp-fleet-0
[2m2026-07-23T18:21:23.903893Z[0m [32m INFO[0m [2mvllm_coldstart_operator[0m[2m:[0m reconciling VllmService 'exp-fleet-0' in 'default': model=Qwen/Qwen2.5-7B-Instruct replicas=1 strategy=Eager
[2m2026-07-23T18:21:23.912820Z[0m [32m INFO[0m [2mvllm_coldstart_operator[0m[2m:[0m status of 'exp-fleet-0' -> Pending (0/1 ready)
[2m2026-07-23T18:21:23.912880Z[0m [32m INFO[0m [2mvllm_coldstart_operator[0m[2m:[0m reconciled exp-fleet-0
[2m2026-07-23T18:21:28.913957Z[0m [32m INFO[0m [2mvllm_coldstart_operator[0m[2m:[0m reconciling VllmService 'exp-fleet-0' in 'default': model=Qwen/Qwen2.5-7B-Instruct replicas=1 strategy=Eager
[2m2026-07-23T18:21:28.924135Z[0m [32m INFO[0m [2mvllm_coldstart_operator[0m[2m:[0m status of 'exp-fleet-0' -> Pending (0/1 ready)
[2m2026-07-23T18:21:28.924210Z[0m [32m INFO[0m [2mvllm_coldstart_operator[0m[2m:[0m reconciled exp-fleet-0
[2m2026-07-23T18:21:30.792866Z[0m [32m INFO[0m [2mvllm_coldstart_operator::fleet_controller[0m[2m:[0m reconciling FleetService 'exp-fleet' in 'default': model=Qwen/Qwen2.5-7B-Instruct replicas=1
[2m2026-07-23T18:21:30.883890Z[0m [32m INFO[0m [2mvllm_coldstart_operator::fleet_controller[0m[2m:[0m FleetService 'exp-fleet': 1 slots placed (1 preserved, 0 newly planned) across 3 candidates
[2m2026-07-23T18:21:30.883985Z[0m [32m INFO[0m [2mvllm_coldstart_operator::fleet_controller[0m[2m:[0m reconciled FleetService exp-fleet
[2m2026-07-23T18:21:30.884105Z[0m [32m INFO[0m [2mvllm_coldstart_operator::fleet_controller[0m[2m:[0m reconciling FleetService 'exp-fleet' in 'default': model=Qwen/Qwen2.5-7B-Instruct replicas=1
[2m2026-07-23T18:21:31.111216Z[0m [32m INFO[0m [2mvllm_coldstart_operator::fleet_controller[0m[2m:[0m FleetService 'exp-fleet': 1 slots placed (1 preserved, 0 newly planned) across 3 candidates
[2m2026-07-23T18:21:31.111337Z[0m [32m INFO[0m [2mvllm_coldstart_operator::fleet_controller[0m[2m:[0m reconciled FleetService exp-fleet
[2m2026-07-23T18:21:31.111775Z[0m [32m INFO[0m [2mvllm_coldstart_operator::fleet_controller[0m[2m:[0m reconciling FleetService 'exp-fleet' in 'default': model=Qwen/Qwen2.5-7B-Instruct replicas=1
[2m2026-07-23T18:21:31.218840Z[0m [32m INFO[0m [2mvllm_coldstart_operator::fleet_controller[0m[2m:[0m FleetService 'exp-fleet': 1 slots placed (1 preserved, 0 newly planned) across 3 candidates
[2m2026-07-23T18:21:31.218932Z[0m [32m INFO[0m [2mvllm_coldstart_operator::fleet_controller[0m[2m:[0m reconciled FleetService exp-fleet
[2m2026-07-23T18:21:33.925703Z[0m [32m INFO[0m [2mvllm_coldstart_operator[0m[2m:[0m reconciling VllmService 'exp-fleet-0' in 'default': model=Qwen/Qwen2.5-7B-Instruct replicas=1 strategy=Eager
[2m2026-07-23T18:21:33.934594Z[0m [32m INFO[0m [2mvllm_coldstart_operator[0m[2m:[0m status of 'exp-fleet-0' -> Pending (0/1 ready)
[2m2026-07-23T18:21:33.934684Z[0m [32m INFO[0m [2mvllm_coldstart_operator[0m[2m:[0m reconciled exp-fleet-0
[2m2026-07-23T18:21:38.936091Z[0m [32m INFO[0m [2mvllm_coldstart_operator[0m[2m:[0m reconciling VllmService 'exp-fleet-0' in 'default': model=Qwen/Qwen2.5-7B-Instruct replicas=1 strategy=Eager
[2m2026-07-23T18:21:38.944869Z[0m [32m INFO[0m [2mvllm_coldstart_operator[0m[2m:[0m status of 'exp-fleet-0' -> Pending (0/1 ready)
[2m2026-07-23T18:21:38.944938Z[0m [32m INFO[0m [2mvllm_coldstart_operator[0m[2m:[0m reconciled exp-fleet-0
[2m2026-07-23T18:21:43.946107Z[0m [32m INFO[0m [2mvllm_coldstart_operator[0m[2m:[0m reconciling VllmService 'exp-fleet-0' in 'default': model=Qwen/Qwen2.5-7B-Instruct replicas=1 strategy=Eager
[2m2026-07-23T18:21:43.954945Z[0m [32m INFO[0m [2mvllm_coldstart_operator[0m[2m:[0m status of 'exp-fleet-0' -> Pending (0/1 ready)
[2m2026-07-23T18:21:43.955009Z[0m [32m INFO[0m [2mvllm_coldstart_operator[0m[2m:[0m reconciled exp-fleet-0
[2m2026-07-23T18:21:45.810500Z[0m [32m INFO[0m [2mvllm_coldstart_operator::fleet_controller[0m[2m:[0m reconciling FleetService 'exp-fleet' in 'default': model=Qwen/Qwen2.5-7B-Instruct replicas=1
[2m2026-07-23T18:21:45.902157Z[0m [32m INFO[0m [2mvllm_coldstart_operator::fleet_controller[0m[2m:[0m FleetService 'exp-fleet': 1 slots placed (1 preserved, 0 newly planned) across 3 candidates
[2m2026-07-23T18:21:45.902247Z[0m [32m INFO[0m [2mvllm_coldstart_operator::fleet_controller[0m[2m:[0m reconciled FleetService exp-fleet
[2m2026-07-23T18:21:45.902346Z[0m [32m INFO[0m [2mvllm_coldstart_operator::fleet_controller[0m[2m:[0m reconciling FleetService 'exp-fleet' in 'default': model=Qwen/Qwen2.5-7B-Instruct replicas=1
[2m2026-07-23T18:21:46.051462Z[0m [32m INFO[0m [2mvllm_coldstart_operator::fleet_controller[0m[2m:[0m FleetService 'exp-fleet': 1 slots placed (1 preserved, 0 newly planned) across 3 candidates
[2m2026-07-23T18:21:46.051567Z[0m [32m INFO[0m [2mvllm_coldstart_operator::fleet_controller[0m[2m:[0m reconciled FleetService exp-fleet
[2m2026-07-23T18:21:46.124483Z[0m [32m INFO[0m [2mvllm_coldstart_operator::fleet_controller[0m[2m:[0m reconciling FleetService 'exp-fleet' in 'default': model=Qwen/Qwen2.5-7B-Instruct replicas=1
[2m2026-07-23T18:21:46.216233Z[0m [32m INFO[0m [2mvllm_coldstart_operator::fleet_controller[0m[2m:[0m FleetService 'exp-fleet': 1 slots placed (1 preserved, 0 newly planned) across 3 candidates
[2m2026-07-23T18:21:46.216317Z[0m [32m INFO[0m [2mvllm_coldstart_operator::fleet_controller[0m[2m:[0m reconciled FleetService exp-fleet
[2m2026-07-23T18:21:48.956431Z[0m [32m INFO[0m [2mvllm_coldstart_operator[0m[2m:[0m reconciling VllmService 'exp-fleet-0' in 'default': model=Qwen/Qwen2.5-7B-Instruct replicas=1 strategy=Eager
[2m2026-07-23T18:21:48.965251Z[0m [32m INFO[0m [2mvllm_coldstart_operator[0m[2m:[0m status of 'exp-fleet-0' -> Pending (0/1 ready)
[2m2026-07-23T18:21:48.965313Z[0m [32m INFO[0m [2mvllm_coldstart_operator[0m[2m:[0m reconciled exp-fleet-0
[2m2026-07-23T18:21:53.966753Z[0m [32m INFO[0m [2mvllm_coldstart_operator[0m[2m:[0m reconciling VllmService 'exp-fleet-0' in 'default': model=Qwen/Qwen2.5-7B-Instruct replicas=1 strategy=Eager
[2m2026-07-23T18:21:53.975708Z[0m [32m INFO[0m [2mvllm_coldstart_operator[0m[2m:[0m status of 'exp-fleet-0' -> Pending (0/1 ready)
[2m2026-07-23T18:21:53.975779Z[0m [32m INFO[0m [2mvllm_coldstart_operator[0m[2m:[0m reconciled exp-fleet-0
[2m2026-07-23T18:21:58.976992Z[0m [32m INFO[0m [2mvllm_coldstart_operator[0m[2m:[0m reconciling VllmService 'exp-fleet-0' in 'default': model=Qwen/Qwen2.5-7B-Instruct replicas=1 strategy=Eager
[2m2026-07-23T18:21:58.985937Z[0m [32m INFO[0m [2mvllm_coldstart_operator[0m[2m:[0m status of 'exp-fleet-0' -> Pending (0/1 ready)
[2m2026-07-23T18:21:58.986005Z[0m [32m INFO[0m [2mvllm_coldstart_operator[0m[2m:[0m reconciled exp-fleet-0
[2m2026-07-23T18:22:00.828826Z[0m [32m INFO[0m [2mvllm_coldstart_operator::fleet_controller[0m[2m:[0m reconciling FleetService 'exp-fleet' in 'default': model=Qwen/Qwen2.5-7B-Instruct replicas=1
[2m2026-07-23T18:22:00.920048Z[0m [32m INFO[0m [2mvllm_coldstart_operator::fleet_controller[0m[2m:[0m FleetService 'exp-fleet': 1 slots placed (1 preserved, 0 newly planned) across 3 candidates
[2m2026-07-23T18:22:00.920119Z[0m [32m INFO[0m [2mvllm_coldstart_operator::fleet_controller[0m[2m:[0m reconciled FleetService exp-fleet
[2m2026-07-23T18:22:00.920145Z[0m [32m INFO[0m [2mvllm_coldstart_operator::fleet_controller[0m[2m:[0m reconciling FleetService 'exp-fleet' in 'default': model=Qwen/Qwen2.5-7B-Instruct replicas=1
[2m2026-07-23T18:22:01.146701Z[0m [32m INFO[0m [2mvllm_coldstart_operator::fleet_controller[0m[2m:[0m FleetService 'exp-fleet': 1 slots placed (1 preserved, 0 newly planned) across 3 candidates
[2m2026-07-23T18:22:01.146816Z[0m [32m INFO[0m [2mvllm_coldstart_operator::fleet_controller[0m[2m:[0m reconciled FleetService exp-fleet
[2m2026-07-23T18:22:01.147016Z[0m [32m INFO[0m [2mvllm_coldstart_operator::fleet_controller[0m[2m:[0m reconciling FleetService 'exp-fleet' in 'default': model=Qwen/Qwen2.5-7B-Instruct replicas=1
[2m2026-07-23T18:22:01.247860Z[0m [32m INFO[0m [2mvllm_coldstart_operator::fleet_controller[0m[2m:[0m FleetService 'exp-fleet': 1 slots placed (1 preserved, 0 newly planned) across 3 candidates
[2m2026-07-23T18:22:01.248003Z[0m [32m INFO[0m [2mvllm_coldstart_operator::fleet_controller[0m[2m:[0m reconciled FleetService exp-fleet
[2m2026-07-23T18:22:03.987528Z[0m [32m INFO[0m [2mvllm_coldstart_operator[0m[2m:[0m reconciling VllmService 'exp-fleet-0' in 'default': model=Qwen/Qwen2.5-7B-Instruct replicas=1 strategy=Eager
[2m2026-07-23T18:22:03.996417Z[0m [32m INFO[0m [2mvllm_coldstart_operator[0m[2m:[0m status of 'exp-fleet-0' -> Pending (0/1 ready)
[2m2026-07-23T18:22:03.996492Z[0m [32m INFO[0m [2mvllm_coldstart_operator[0m[2m:[0m reconciled exp-fleet-0
[2m2026-07-23T18:22:08.997830Z[0m [32m INFO[0m [2mvllm_coldstart_operator[0m[2m:[0m reconciling VllmService 'exp-fleet-0' in 'default': model=Qwen/Qwen2.5-7B-Instruct replicas=1 strategy=Eager
[2m2026-07-23T18:22:09.008093Z[0m [32m INFO[0m [2mvllm_coldstart_operator[0m[2m:[0m status of 'exp-fleet-0' -> Pending (0/1 ready)
[2m2026-07-23T18:22:09.008177Z[0m [32m INFO[0m [2mvllm_coldstart_operator[0m[2m:[0m reconciled exp-fleet-0
[2m2026-07-23T18:22:14.009722Z[0m [32m INFO[0m [2mvllm_coldstart_operator[0m[2m:[0m reconciling VllmService 'exp-fleet-0' in 'default': model=Qwen/Qwen2.5-7B-Instruct replicas=1 strategy=Eager
[2m2026-07-23T18:22:14.018727Z[0m [32m INFO[0m [2mvllm_coldstart_operator[0m[2m:[0m status of 'exp-fleet-0' -> Pending (0/1 ready)
[2m2026-07-23T18:22:14.018786Z[0m [32m INFO[0m [2mvllm_coldstart_operator[0m[2m:[0m reconciled exp-fleet-0
[2m2026-07-23T18:22:15.848678Z[0m [32m INFO[0m [2mvllm_coldstart_operator::fleet_controller[0m[2m:[0m reconciling FleetService 'exp-fleet' in 'default': model=Qwen/Qwen2.5-7B-Instruct replicas=1
[2m2026-07-23T18:22:15.942468Z[0m [32m INFO[0m [2mvllm_coldstart_operator::fleet_controller[0m[2m:[0m FleetService 'exp-fleet': 1 slots placed (1 preserved, 0 newly planned) across 3 candidates
[2m2026-07-23T18:22:15.942568Z[0m [32m INFO[0m [2mvllm_coldstart_operator::fleet_controller[0m[2m:[0m reconciled FleetService exp-fleet
[2m2026-07-23T18:22:15.942605Z[0m [32m INFO[0m [2mvllm_coldstart_operator::fleet_controller[0m[2m:[0m reconciling FleetService 'exp-fleet' in 'default': model=Qwen/Qwen2.5-7B-Instruct replicas=1
[2m2026-07-23T18:22:16.165167Z[0m [32m INFO[0m [2mvllm_coldstart_operator::fleet_controller[0m[2m:[0m FleetService 'exp-fleet': 1 slots placed (1 preserved, 0 newly planned) across 3 candidates
[2m2026-07-23T18:22:16.165242Z[0m [32m INFO[0m [2mvllm_coldstart_operator::fleet_controller[0m[2m:[0m reconciled FleetService exp-fleet
[2m2026-07-23T18:22:16.165267Z[0m [32m INFO[0m [2mvllm_coldstart_operator::fleet_controller[0m[2m:[0m reconciling FleetService 'exp-fleet' in 'default': model=Qwen/Qwen2.5-7B-Instruct replicas=1
[2m2026-07-23T18:22:16.265198Z[0m [32m INFO[0m [2mvllm_coldstart_operator::fleet_controller[0m[2m:[0m FleetService 'exp-fleet': 1 slots placed (1 preserved, 0 newly planned) across 3 candidates
[2m2026-07-23T18:22:16.265287Z[0m [32m INFO[0m [2mvllm_coldstart_operator::fleet_controller[0m[2m:[0m reconciled FleetService exp-fleet
[2m2026-07-23T18:22:19.020130Z[0m [32m INFO[0m [2mvllm_coldstart_operator[0m[2m:[0m reconciling VllmService 'exp-fleet-0' in 'default': model=Qwen/Qwen2.5-7B-Instruct replicas=1 strategy=Eager
[2m2026-07-23T18:22:19.029055Z[0m [32m INFO[0m [2mvllm_coldstart_operator[0m[2m:[0m status of 'exp-fleet-0' -> Pending (0/1 ready)
[2m2026-07-23T18:22:19.029116Z[0m [32m INFO[0m [2mvllm_coldstart_operator[0m[2m:[0m reconciled exp-fleet-0
[2m2026-07-23T18:22:24.031449Z[0m [32m INFO[0m [2mvllm_coldstart_operator[0m[2m:[0m reconciling VllmService 'exp-fleet-0' in 'default': model=Qwen/Qwen2.5-7B-Instruct replicas=1 strategy=Eager
[2m2026-07-23T18:22:24.040972Z[0m [32m INFO[0m [2mvllm_coldstart_operator[0m[2m:[0m status of 'exp-fleet-0' -> Pending (0/1 ready)
[2m2026-07-23T18:22:24.041029Z[0m [32m INFO[0m [2mvllm_coldstart_operator[0m[2m:[0m reconciled exp-fleet-0
[2m2026-07-23T18:22:29.042225Z[0m [32m INFO[0m [2mvllm_coldstart_operator[0m[2m:[0m reconciling VllmService 'exp-fleet-0' in 'default': model=Qwen/Qwen2.5-7B-Instruct replicas=1 strategy=Eager
[2m2026-07-23T18:22:29.051873Z[0m [32m INFO[0m [2mvllm_coldstart_operator[0m[2m:[0m status of 'exp-fleet-0' -> Pending (0/1 ready)
[2m2026-07-23T18:22:29.051953Z[0m [32m INFO[0m [2mvllm_coldstart_operator[0m[2m:[0m reconciled exp-fleet-0
[2m2026-07-23T18:22:30.866135Z[0m [32m INFO[0m [2mvllm_coldstart_operator::fleet_controller[0m[2m:[0m reconciling FleetService 'exp-fleet' in 'default': model=Qwen/Qwen2.5-7B-Instruct replicas=1
[2m2026-07-23T18:22:30.961843Z[0m [32m INFO[0m [2mvllm_coldstart_operator::fleet_controller[0m[2m:[0m FleetService 'exp-fleet': 1 slots placed (1 preserved, 0 newly planned) across 3 candidates
[2m2026-07-23T18:22:30.961939Z[0m [32m INFO[0m [2mvllm_coldstart_operator::fleet_controller[0m[2m:[0m reconciled FleetService exp-fleet
[2m2026-07-23T18:22:30.962090Z[0m [32m INFO[0m [2mvllm_coldstart_operator::fleet_controller[0m[2m:[0m reconciling FleetService 'exp-fleet' in 'default': model=Qwen/Qwen2.5-7B-Instruct replicas=1
[2m2026-07-23T18:22:31.180747Z[0m [32m INFO[0m [2mvllm_coldstart_operator::fleet_controller[0m[2m:[0m FleetService 'exp-fleet': 1 slots placed (1 preserved, 0 newly planned) across 3 candidates
[2m2026-07-23T18:22:31.180965Z[0m [32m INFO[0m [2mvllm_coldstart_operator::fleet_controller[0m[2m:[0m reconciled FleetService exp-fleet
[2m2026-07-23T18:22:31.180995Z[0m [32m INFO[0m [2mvllm_coldstart_operator::fleet_controller[0m[2m:[0m reconciling FleetService 'exp-fleet' in 'default': model=Qwen/Qwen2.5-7B-Instruct replicas=1
[2m2026-07-23T18:22:31.281539Z[0m [32m INFO[0m [2mvllm_coldstart_operator::fleet_controller[0m[2m:[0m FleetService 'exp-fleet': 1 slots placed (1 preserved, 0 newly planned) across 3 candidates
[2m2026-07-23T18:22:31.281633Z[0m [32m INFO[0m [2mvllm_coldstart_operator::fleet_controller[0m[2m:[0m reconciled FleetService exp-fleet
[2m2026-07-23T18:22:34.052633Z[0m [32m INFO[0m [2mvllm_coldstart_operator[0m[2m:[0m reconciling VllmService 'exp-fleet-0' in 'default': model=Qwen/Qwen2.5-7B-Instruct replicas=1 strategy=Eager
[2m2026-07-23T18:22:34.060887Z[0m [32m INFO[0m [2mvllm_coldstart_operator[0m[2m:[0m status of 'exp-fleet-0' -> Pending (0/1 ready)
[2m2026-07-23T18:22:34.060971Z[0m [32m INFO[0m [2mvllm_coldstart_operator[0m[2m:[0m reconciled exp-fleet-0
[2m2026-07-23T18:22:39.062467Z[0m [32m INFO[0m [2mvllm_coldstart_operator[0m[2m:[0m reconciling VllmService 'exp-fleet-0' in 'default': model=Qwen/Qwen2.5-7B-Instruct replicas=1 strategy=Eager
[2m2026-07-23T18:22:39.071221Z[0m [32m INFO[0m [2mvllm_coldstart_operator[0m[2m:[0m status of 'exp-fleet-0' -> Pending (0/1 ready)
[2m2026-07-23T18:22:39.071276Z[0m [32m INFO[0m [2mvllm_coldstart_operator[0m[2m:[0m reconciled exp-fleet-0
[2m2026-07-23T18:22:44.072702Z[0m [32m INFO[0m [2mvllm_coldstart_operator[0m[2m:[0m reconciling VllmService 'exp-fleet-0' in 'default': model=Qwen/Qwen2.5-7B-Instruct replicas=1 strategy=Eager
[2m2026-07-23T18:22:44.081342Z[0m [32m INFO[0m [2mvllm_coldstart_operator[0m[2m:[0m status of 'exp-fleet-0' -> Pending (0/1 ready)
[2m2026-07-23T18:22:44.081400Z[0m [32m INFO[0m [2mvllm_coldstart_operator[0m[2m:[0m reconciled exp-fleet-0
[2m2026-07-23T18:22:45.884644Z[0m [32m INFO[0m [2mvllm_coldstart_operator::fleet_controller[0m[2m:[0m reconciling FleetService 'exp-fleet' in 'default': model=Qwen/Qwen2.5-7B-Instruct replicas=1
[2m2026-07-23T18:22:45.987004Z[0m [32m INFO[0m [2mvllm_coldstart_operator::fleet_controller[0m[2m:[0m FleetService 'exp-fleet': 1 slots placed (1 preserved, 0 newly planned) across 3 candidates
[2m2026-07-23T18:22:45.987095Z[0m [32m INFO[0m [2mvllm_coldstart_operator::fleet_controller[0m[2m:[0m reconciled FleetService exp-fleet
[2m2026-07-23T18:22:45.987246Z[0m [32m INFO[0m [2mvllm_coldstart_operator::fleet_controller[0m[2m:[0m reconciling FleetService 'exp-fleet' in 'default': model=Qwen/Qwen2.5-7B-Instruct replicas=1
[2m2026-07-23T18:22:46.198077Z[0m [32m INFO[0m [2mvllm_coldstart_operator::fleet_controller[0m[2m:[0m FleetService 'exp-fleet': 1 slots placed (1 preserved, 0 newly planned) across 3 candidates
[2m2026-07-23T18:22:46.198171Z[0m [32m INFO[0m [2mvllm_coldstart_operator::fleet_controller[0m[2m:[0m reconciled FleetService exp-fleet
[2m2026-07-23T18:22:46.198213Z[0m [32m INFO[0m [2mvllm_coldstart_operator::fleet_controller[0m[2m:[0m reconciling FleetService 'exp-fleet' in 'default': model=Qwen/Qwen2.5-7B-Instruct replicas=1
[2m2026-07-23T18:22:46.299662Z[0m [32m INFO[0m [2mvllm_coldstart_operator::fleet_controller[0m[2m:[0m FleetService 'exp-fleet': 1 slots placed (1 preserved, 0 newly planned) across 3 candidates
[2m2026-07-23T18:22:46.299745Z[0m [32m INFO[0m [2mvllm_coldstart_operator::fleet_controller[0m[2m:[0m reconciled FleetService exp-fleet
[2m2026-07-23T18:22:49.082702Z[0m [32m INFO[0m [2mvllm_coldstart_operator[0m[2m:[0m reconciling VllmService 'exp-fleet-0' in 'default': model=Qwen/Qwen2.5-7B-Instruct replicas=1 strategy=Eager
[2m2026-07-23T18:22:49.092192Z[0m [32m INFO[0m [2mvllm_coldstart_operator[0m[2m:[0m status of 'exp-fleet-0' -> Pending (0/1 ready)
[2m2026-07-23T18:22:49.092280Z[0m [32m INFO[0m [2mvllm_coldstart_operator[0m[2m:[0m reconciled exp-fleet-0
[2m2026-07-23T18:22:54.093703Z[0m [32m INFO[0m [2mvllm_coldstart_operator[0m[2m:[0m reconciling VllmService 'exp-fleet-0' in 'default': model=Qwen/Qwen2.5-7B-Instruct replicas=1 strategy=Eager
[2m2026-07-23T18:22:54.102654Z[0m [32m INFO[0m [2mvllm_coldstart_operator[0m[2m:[0m status of 'exp-fleet-0' -> Pending (0/1 ready)
[2m2026-07-23T18:22:54.102739Z[0m [32m INFO[0m [2mvllm_coldstart_operator[0m[2m:[0m reconciled exp-fleet-0
[2m2026-07-23T18:22:59.104259Z[0m [32m INFO[0m [2mvllm_coldstart_operator[0m[2m:[0m reconciling VllmService 'exp-fleet-0' in 'default': model=Qwen/Qwen2.5-7B-Instruct replicas=1 strategy=Eager
[2m2026-07-23T18:22:59.113354Z[0m [32m INFO[0m [2mvllm_coldstart_operator[0m[2m:[0m status of 'exp-fleet-0' -> Pending (0/1 ready)
[2m2026-07-23T18:22:59.113421Z[0m [32m INFO[0m [2mvllm_coldstart_operator[0m[2m:[0m reconciled exp-fleet-0
[2m2026-07-23T18:23:00.902803Z[0m [32m INFO[0m [2mvllm_coldstart_operator::fleet_controller[0m[2m:[0m reconciling FleetService 'exp-fleet' in 'default': model=Qwen/Qwen2.5-7B-Instruct replicas=1
[2m2026-07-23T18:23:01.015446Z[0m [32m INFO[0m [2mvllm_coldstart_operator::fleet_controller[0m[2m:[0m FleetService 'exp-fleet': 1 slots placed (1 preserved, 0 newly planned) across 3 candidates
[2m2026-07-23T18:23:01.016308Z[0m [32m INFO[0m [2mvllm_coldstart_operator::fleet_controller[0m[2m:[0m reconciled FleetService exp-fleet
[2m2026-07-23T18:23:01.016371Z[0m [32m INFO[0m [2mvllm_coldstart_operator::fleet_controller[0m[2m:[0m reconciling FleetService 'exp-fleet' in 'default': model=Qwen/Qwen2.5-7B-Instruct replicas=1
[2m2026-07-23T18:23:01.217173Z[0m [32m INFO[0m [2mvllm_coldstart_operator::fleet_controller[0m[2m:[0m FleetService 'exp-fleet': 1 slots placed (1 preserved, 0 newly planned) across 3 candidates
[2m2026-07-23T18:23:01.217301Z[0m [32m INFO[0m [2mvllm_coldstart_operator::fleet_controller[0m[2m:[0m reconciled FleetService exp-fleet
[2m2026-07-23T18:23:01.293537Z[0m [32m INFO[0m [2mvllm_coldstart_operator::fleet_controller[0m[2m:[0m reconciling FleetService 'exp-fleet' in 'default': model=Qwen/Qwen2.5-7B-Instruct replicas=1
[2m2026-07-23T18:23:02.217083Z[0m [32m INFO[0m [2mvllm_coldstart_operator::fleet_controller[0m[2m:[0m FleetService 'exp-fleet': 1 slots placed (1 preserved, 0 newly planned) across 3 candidates
[2m2026-07-23T18:23:02.217197Z[0m [32m INFO[0m [2mvllm_coldstart_operator::fleet_controller[0m[2m:[0m reconciled FleetService exp-fleet
[2m2026-07-23T18:23:02.332113Z[0m [32m INFO[0m [2mvllm_coldstart_operator::fleet_controller[0m[2m:[0m reconciling FleetService 'exp-fleet' in 'default': model=Qwen/Qwen2.5-7B-Instruct replicas=1
[2m2026-07-23T18:23:03.210981Z[0m [32m INFO[0m [2mvllm_coldstart_operator::fleet_controller[0m[2m:[0m FleetService 'exp-fleet': preemption notice on '157-151-148-27' — rescheduling slot 0 to '129-213-131-210'
[2m2026-07-23T18:23:03.217453Z[0m [32m INFO[0m [2mvllm_coldstart_operator[0m[2m:[0m reconciling VllmService 'exp-fleet-0' in 'default': model=Qwen/Qwen2.5-7B-Instruct replicas=1 strategy=Eager
[2m2026-07-23T18:23:03.218962Z[0m [32m INFO[0m [2mvllm_coldstart_operator::fleet_controller[0m[2m:[0m FleetService 'exp-fleet': 1 slots placed (1 preserved, 0 newly planned) across 3 candidates
[2m2026-07-23T18:23:03.219045Z[0m [32m INFO[0m [2mvllm_coldstart_operator::fleet_controller[0m[2m:[0m reconciled FleetService exp-fleet
[2m2026-07-23T18:23:03.219135Z[0m [32m INFO[0m [2mvllm_coldstart_operator::fleet_controller[0m[2m:[0m reconciling FleetService 'exp-fleet' in 'default': model=Qwen/Qwen2.5-7B-Instruct replicas=1
[2m2026-07-23T18:23:03.268100Z[0m [32m INFO[0m [2mvllm_coldstart_operator[0m[2m:[0m status of 'exp-fleet-0' -> Pending (0/1 ready)
[2m2026-07-23T18:23:03.268167Z[0m [32m INFO[0m [2mvllm_coldstart_operator[0m[2m:[0m reconciled exp-fleet-0
[2m2026-07-23T18:23:03.268274Z[0m [32m INFO[0m [2mvllm_coldstart_operator[0m[2m:[0m reconciling VllmService 'exp-fleet-0' in 'default': model=Qwen/Qwen2.5-7B-Instruct replicas=1 strategy=Eager
[2m2026-07-23T18:23:03.275585Z[0m [32m INFO[0m [2mvllm_coldstart_operator[0m[2m:[0m status of 'exp-fleet-0' -> Pending (0/1 ready)
[2m2026-07-23T18:23:03.275699Z[0m [32m INFO[0m [2mvllm_coldstart_operator[0m[2m:[0m reconciled exp-fleet-0
[2m2026-07-23T18:23:03.275735Z[0m [32m INFO[0m [2mvllm_coldstart_operator[0m[2m:[0m reconciling VllmService 'exp-fleet-0' in 'default': model=Qwen/Qwen2.5-7B-Instruct replicas=1 strategy=Eager
[2m2026-07-23T18:23:03.282965Z[0m [32m INFO[0m [2mvllm_coldstart_operator[0m[2m:[0m status of 'exp-fleet-0' -> Pending (0/1 ready)
[2m2026-07-23T18:23:03.283028Z[0m [32m INFO[0m [2mvllm_coldstart_operator[0m[2m:[0m reconciled exp-fleet-0
[2m2026-07-23T18:23:04.217455Z[0m [32m INFO[0m [2mvllm_coldstart_operator::fleet_controller[0m[2m:[0m FleetService 'exp-fleet': 1 slots placed (1 preserved, 0 newly planned) across 3 candidates
[2m2026-07-23T18:23:04.217577Z[0m [32m INFO[0m [2mvllm_coldstart_operator::fleet_controller[0m[2m:[0m reconciled FleetService exp-fleet
[2m2026-07-23T18:23:04.217631Z[0m [32m INFO[0m [2mvllm_coldstart_operator::fleet_controller[0m[2m:[0m reconciling FleetService 'exp-fleet' in 'default': model=Qwen/Qwen2.5-7B-Instruct replicas=1
[2m2026-07-23T18:23:04.451774Z[0m [32m INFO[0m [2mvllm_coldstart_operator[0m[2m:[0m reconciling VllmService 'exp-fleet-0' in 'default': model=Qwen/Qwen2.5-7B-Instruct replicas=1 strategy=Eager
[2m2026-07-23T18:23:04.459820Z[0m [32m INFO[0m [2mvllm_coldstart_operator[0m[2m:[0m status of 'exp-fleet-0' -> Pending (0/1 ready)
[2m2026-07-23T18:23:04.459888Z[0m [32m INFO[0m [2mvllm_coldstart_operator[0m[2m:[0m reconciled exp-fleet-0
[2m2026-07-23T18:23:04.618244Z[0m [32m INFO[0m [2mvllm_coldstart_operator::fleet_controller[0m[2m:[0m FleetService 'exp-fleet': 1 slots placed (1 preserved, 0 newly planned) across 3 candidates
[2m2026-07-23T18:23:04.618329Z[0m [32m INFO[0m [2mvllm_coldstart_operator::fleet_controller[0m[2m:[0m reconciled FleetService exp-fleet
[2m2026-07-23T18:23:04.618360Z[0m [32m INFO[0m [2mvllm_coldstart_operator::fleet_controller[0m[2m:[0m reconciling FleetService 'exp-fleet' in 'default': model=Qwen/Qwen2.5-7B-Instruct replicas=1
[2m2026-07-23T18:23:04.821575Z[0m [32m INFO[0m [2mvllm_coldstart_operator::fleet_controller[0m[2m:[0m FleetService 'exp-fleet': 1 slots placed (1 preserved, 0 newly planned) across 3 candidates
[2m2026-07-23T18:23:04.821681Z[0m [32m INFO[0m [2mvllm_coldstart_operator::fleet_controller[0m[2m:[0m reconciled FleetService exp-fleet
[2m2026-07-23T18:23:04.821774Z[0m [32m INFO[0m [2mvllm_coldstart_operator::fleet_controller[0m[2m:[0m reconciling FleetService 'exp-fleet' in 'default': model=Qwen/Qwen2.5-7B-Instruct replicas=1
[2m2026-07-23T18:23:05.216684Z[0m [32m INFO[0m [2mvllm_coldstart_operator::fleet_controller[0m[2m:[0m FleetService 'exp-fleet': 1 slots placed (1 preserved, 0 newly planned) across 3 candidates
[2m2026-07-23T18:23:05.216762Z[0m [32m INFO[0m [2mvllm_coldstart_operator::fleet_controller[0m[2m:[0m reconciled FleetService exp-fleet
[2m2026-07-23T18:23:05.556853Z[0m [33m WARN[0m [2mvllm_coldstart_operator::fleet_controller[0m[2m:[0m fleet reconcile loop error: ObjectNotFound(ObjectRef { dyntype: ApiResource { group: "inference.michelecampi.dev", version: "v1alpha1", api_version: "inference.michelecampi.dev/v1alpha1", kind: "FleetService", plural: "fleetservices" }, name: "exp-fleet", namespace: Some("default"), extra: Extra { resource_version: None, uid: Some("fdc265ae-738c-4ff6-aed7-190520449e72") } })
[2m2026-07-23T18:23:05.559984Z[0m [33m WARN[0m [2mvllm_coldstart_operator[0m[2m:[0m reconcile loop error: ObjectNotFound(ObjectRef { dyntype: ApiResource { group: "inference.michelecampi.dev", version: "v1alpha1", api_version: "inference.michelecampi.dev/v1alpha1", kind: "VllmService", plural: "vllmservices" }, name: "exp-fleet-0", namespace: Some("default"), extra: Extra { resource_version: None, uid: Some("9655ba41-d868-4c80-9833-81eeaec58fa9") } })
[2m2026-07-23T18:27:04.913399Z[0m [32m INFO[0m [2mvllm_coldstart_operator::fleet_controller[0m[2m:[0m reconciling FleetService 'exp-fleet' in 'default': model=Qwen/Qwen2.5-7B-Instruct replicas=1
[2m2026-07-23T18:27:05.283049Z[0m [32m INFO[0m [2mvllm_coldstart_operator[0m[2m:[0m reconciling VllmService 'exp-fleet-0' in 'default': model=Qwen/Qwen2.5-7B-Instruct replicas=1 strategy=Eager
[2m2026-07-23T18:27:05.284516Z[0m [32m INFO[0m [2mvllm_coldstart_operator::fleet_controller[0m[2m:[0m FleetService 'exp-fleet': 1 slots placed (0 preserved, 1 newly planned) across 3 candidates
[2m2026-07-23T18:27:05.284592Z[0m [32m INFO[0m [2mvllm_coldstart_operator::fleet_controller[0m[2m:[0m reconciled FleetService exp-fleet
[2m2026-07-23T18:27:05.284637Z[0m [32m INFO[0m [2mvllm_coldstart_operator::fleet_controller[0m[2m:[0m reconciling FleetService 'exp-fleet' in 'default': model=Qwen/Qwen2.5-7B-Instruct replicas=1
[2m2026-07-23T18:27:05.334798Z[0m [32m INFO[0m [2mvllm_coldstart_operator[0m[2m:[0m status of 'exp-fleet-0' -> Pending (0/1 ready)
[2m2026-07-23T18:27:05.334859Z[0m [32m INFO[0m [2mvllm_coldstart_operator[0m[2m:[0m reconciled exp-fleet-0
[2m2026-07-23T18:27:05.334881Z[0m [32m INFO[0m [2mvllm_coldstart_operator[0m[2m:[0m reconciling VllmService 'exp-fleet-0' in 'default': model=Qwen/Qwen2.5-7B-Instruct replicas=1 strategy=Eager
[2m2026-07-23T18:27:05.341304Z[0m [32m INFO[0m [2mvllm_coldstart_operator::fleet_controller[0m[2m:[0m FleetService 'exp-fleet': 1 slots placed (1 preserved, 0 newly planned) across 3 candidates
[2m2026-07-23T18:27:05.341364Z[0m [32m INFO[0m [2mvllm_coldstart_operator::fleet_controller[0m[2m:[0m reconciled FleetService exp-fleet
[2m2026-07-23T18:27:05.341389Z[0m [32m INFO[0m [2mvllm_coldstart_operator::fleet_controller[0m[2m:[0m reconciling FleetService 'exp-fleet' in 'default': model=Qwen/Qwen2.5-7B-Instruct replicas=1
[2m2026-07-23T18:27:05.343967Z[0m [32m INFO[0m [2mvllm_coldstart_operator[0m[2m:[0m status of 'exp-fleet-0' -> Pending (0/1 ready)
[2m2026-07-23T18:27:05.344041Z[0m [32m INFO[0m [2mvllm_coldstart_operator[0m[2m:[0m reconciled exp-fleet-0
[2m2026-07-23T18:27:05.344071Z[0m [32m INFO[0m [2mvllm_coldstart_operator[0m[2m:[0m reconciling VllmService 'exp-fleet-0' in 'default': model=Qwen/Qwen2.5-7B-Instruct replicas=1 strategy=Eager
[2m2026-07-23T18:27:05.353051Z[0m [32m INFO[0m [2mvllm_coldstart_operator[0m[2m:[0m status of 'exp-fleet-0' -> Pending (0/1 ready)
[2m2026-07-23T18:27:05.353104Z[0m [32m INFO[0m [2mvllm_coldstart_operator[0m[2m:[0m reconciled exp-fleet-0
[2m2026-07-23T18:27:05.353139Z[0m [32m INFO[0m [2mvllm_coldstart_operator[0m[2m:[0m reconciling VllmService 'exp-fleet-0' in 'default': model=Qwen/Qwen2.5-7B-Instruct replicas=1 strategy=Eager
[2m2026-07-23T18:27:05.360320Z[0m [32m INFO[0m [2mvllm_coldstart_operator[0m[2m:[0m status of 'exp-fleet-0' -> Pending (0/1 ready)
[2m2026-07-23T18:27:05.360369Z[0m [32m INFO[0m [2mvllm_coldstart_operator[0m[2m:[0m reconciled exp-fleet-0
[2m2026-07-23T18:27:06.216186Z[0m [32m INFO[0m [2mvllm_coldstart_operator::fleet_controller[0m[2m:[0m FleetService 'exp-fleet': 1 slots placed (1 preserved, 0 newly planned) across 3 candidates
[2m2026-07-23T18:27:06.216258Z[0m [32m INFO[0m [2mvllm_coldstart_operator::fleet_controller[0m[2m:[0m reconciled FleetService exp-fleet
[2m2026-07-23T18:27:10.361544Z[0m [32m INFO[0m [2mvllm_coldstart_operator[0m[2m:[0m reconciling VllmService 'exp-fleet-0' in 'default': model=Qwen/Qwen2.5-7B-Instruct replicas=1 strategy=Eager
[2m2026-07-23T18:27:10.370107Z[0m [32m INFO[0m [2mvllm_coldstart_operator[0m[2m:[0m status of 'exp-fleet-0' -> Pending (0/1 ready)
[2m2026-07-23T18:27:10.370160Z[0m [32m INFO[0m [2mvllm_coldstart_operator[0m[2m:[0m reconciled exp-fleet-0
[2m2026-07-23T18:27:15.372472Z[0m [32m INFO[0m [2mvllm_coldstart_operator[0m[2m:[0m reconciling VllmService 'exp-fleet-0' in 'default': model=Qwen/Qwen2.5-7B-Instruct replicas=1 strategy=Eager
[2m2026-07-23T18:27:15.381394Z[0m [32m INFO[0m [2mvllm_coldstart_operator[0m[2m:[0m status of 'exp-fleet-0' -> Pending (0/1 ready)
[2m2026-07-23T18:27:15.381447Z[0m [32m INFO[0m [2mvllm_coldstart_operator[0m[2m:[0m reconciled exp-fleet-0
[2m2026-07-23T18:27:16.229404Z[0m [32m INFO[0m [2mvllm_coldstart_operator::fleet_controller[0m[2m:[0m reconciling FleetService 'exp-fleet' in 'default': model=Qwen/Qwen2.5-7B-Instruct replicas=1
[2m2026-07-23T18:27:16.312564Z[0m [32m INFO[0m [2mvllm_coldstart_operator::fleet_controller[0m[2m:[0m FleetService 'exp-fleet': 1 slots placed (1 preserved, 0 newly planned) across 3 candidates
[2m2026-07-23T18:27:16.312661Z[0m [32m INFO[0m [2mvllm_coldstart_operator::fleet_controller[0m[2m:[0m reconciled FleetService exp-fleet
[2m2026-07-23T18:27:16.312699Z[0m [32m INFO[0m [2mvllm_coldstart_operator::fleet_controller[0m[2m:[0m reconciling FleetService 'exp-fleet' in 'default': model=Qwen/Qwen2.5-7B-Instruct replicas=1
[2m2026-07-23T18:27:16.570460Z[0m [32m INFO[0m [2mvllm_coldstart_operator::fleet_controller[0m[2m:[0m FleetService 'exp-fleet': 1 slots placed (1 preserved, 0 newly planned) across 3 candidates
[2m2026-07-23T18:27:16.570567Z[0m [32m INFO[0m [2mvllm_coldstart_operator::fleet_controller[0m[2m:[0m reconciled FleetService exp-fleet
[2m2026-07-23T18:27:16.724780Z[0m [32m INFO[0m [2mvllm_coldstart_operator::fleet_controller[0m[2m:[0m reconciling FleetService 'exp-fleet' in 'default': model=Qwen/Qwen2.5-7B-Instruct replicas=1
[2m2026-07-23T18:27:17.219465Z[0m [32m INFO[0m [2mvllm_coldstart_operator::fleet_controller[0m[2m:[0m FleetService 'exp-fleet': 1 slots placed (1 preserved, 0 newly planned) across 3 candidates
[2m2026-07-23T18:27:17.219557Z[0m [32m INFO[0m [2mvllm_coldstart_operator::fleet_controller[0m[2m:[0m reconciled FleetService exp-fleet
[2m2026-07-23T18:27:20.382994Z[0m [32m INFO[0m [2mvllm_coldstart_operator[0m[2m:[0m reconciling VllmService 'exp-fleet-0' in 'default': model=Qwen/Qwen2.5-7B-Instruct replicas=1 strategy=Eager
[2m2026-07-23T18:27:20.391749Z[0m [32m INFO[0m [2mvllm_coldstart_operator[0m[2m:[0m status of 'exp-fleet-0' -> Pending (0/1 ready)
[2m2026-07-23T18:27:20.391905Z[0m [32m INFO[0m [2mvllm_coldstart_operator[0m[2m:[0m reconciled exp-fleet-0
[2m2026-07-23T18:27:25.393116Z[0m [32m INFO[0m [2mvllm_coldstart_operator[0m[2m:[0m reconciling VllmService 'exp-fleet-0' in 'default': model=Qwen/Qwen2.5-7B-Instruct replicas=1 strategy=Eager
[2m2026-07-23T18:27:25.403466Z[0m [32m INFO[0m [2mvllm_coldstart_operator[0m[2m:[0m status of 'exp-fleet-0' -> Pending (0/1 ready)
[2m2026-07-23T18:27:25.403562Z[0m [32m INFO[0m [2mvllm_coldstart_operator[0m[2m:[0m reconciled exp-fleet-0
[2m2026-07-23T18:27:30.404939Z[0m [32m INFO[0m [2mvllm_coldstart_operator[0m[2m:[0m reconciling VllmService 'exp-fleet-0' in 'default': model=Qwen/Qwen2.5-7B-Instruct replicas=1 strategy=Eager
[2m2026-07-23T18:27:30.414034Z[0m [32m INFO[0m [2mvllm_coldstart_operator[0m[2m:[0m status of 'exp-fleet-0' -> Pending (0/1 ready)
[2m2026-07-23T18:27:30.414101Z[0m [32m INFO[0m [2mvllm_coldstart_operator[0m[2m:[0m reconciled exp-fleet-0
[2m2026-07-23T18:27:31.246753Z[0m [32m INFO[0m [2mvllm_coldstart_operator::fleet_controller[0m[2m:[0m reconciling FleetService 'exp-fleet' in 'default': model=Qwen/Qwen2.5-7B-Instruct replicas=1
[2m2026-07-23T18:27:31.330120Z[0m [32m INFO[0m [2mvllm_coldstart_operator::fleet_controller[0m[2m:[0m FleetService 'exp-fleet': 1 slots placed (1 preserved, 0 newly planned) across 3 candidates
[2m2026-07-23T18:27:31.330306Z[0m [32m INFO[0m [2mvllm_coldstart_operator::fleet_controller[0m[2m:[0m reconciled FleetService exp-fleet
[2m2026-07-23T18:27:31.330336Z[0m [32m INFO[0m [2mvllm_coldstart_operator::fleet_controller[0m[2m:[0m reconciling FleetService 'exp-fleet' in 'default': model=Qwen/Qwen2.5-7B-Instruct replicas=1
[2m2026-07-23T18:27:31.571852Z[0m [32m INFO[0m [2mvllm_coldstart_operator::fleet_controller[0m[2m:[0m FleetService 'exp-fleet': 1 slots placed (1 preserved, 0 newly planned) across 3 candidates
[2m2026-07-23T18:27:31.572226Z[0m [32m INFO[0m [2mvllm_coldstart_operator::fleet_controller[0m[2m:[0m reconciled FleetService exp-fleet
[2m2026-07-23T18:27:31.743450Z[0m [32m INFO[0m [2mvllm_coldstart_operator::fleet_controller[0m[2m:[0m reconciling FleetService 'exp-fleet' in 'default': model=Qwen/Qwen2.5-7B-Instruct replicas=1
[2m2026-07-23T18:27:32.216418Z[0m [32m INFO[0m [2mvllm_coldstart_operator::fleet_controller[0m[2m:[0m FleetService 'exp-fleet': 1 slots placed (1 preserved, 0 newly planned) across 3 candidates
[2m2026-07-23T18:27:32.216521Z[0m [32m INFO[0m [2mvllm_coldstart_operator::fleet_controller[0m[2m:[0m reconciled FleetService exp-fleet
[2m2026-07-23T18:27:35.415741Z[0m [32m INFO[0m [2mvllm_coldstart_operator[0m[2m:[0m reconciling VllmService 'exp-fleet-0' in 'default': model=Qwen/Qwen2.5-7B-Instruct replicas=1 strategy=Eager
[2m2026-07-23T18:27:35.424722Z[0m [32m INFO[0m [2mvllm_coldstart_operator[0m[2m:[0m status of 'exp-fleet-0' -> Pending (0/1 ready)
[2m2026-07-23T18:27:35.424780Z[0m [32m INFO[0m [2mvllm_coldstart_operator[0m[2m:[0m reconciled exp-fleet-0
[2m2026-07-23T18:27:40.426015Z[0m [32m INFO[0m [2mvllm_coldstart_operator[0m[2m:[0m reconciling VllmService 'exp-fleet-0' in 'default': model=Qwen/Qwen2.5-7B-Instruct replicas=1 strategy=Eager
[2m2026-07-23T18:27:40.435073Z[0m [32m INFO[0m [2mvllm_coldstart_operator[0m[2m:[0m status of 'exp-fleet-0' -> Pending (0/1 ready)
[2m2026-07-23T18:27:40.435131Z[0m [32m INFO[0m [2mvllm_coldstart_operator[0m[2m:[0m reconciled exp-fleet-0
[2m2026-07-23T18:27:45.436645Z[0m [32m INFO[0m [2mvllm_coldstart_operator[0m[2m:[0m reconciling VllmService 'exp-fleet-0' in 'default': model=Qwen/Qwen2.5-7B-Instruct replicas=1 strategy=Eager
[2m2026-07-23T18:27:45.445579Z[0m [32m INFO[0m [2mvllm_coldstart_operator[0m[2m:[0m status of 'exp-fleet-0' -> Pending (0/1 ready)
[2m2026-07-23T18:27:45.445715Z[0m [32m INFO[0m [2mvllm_coldstart_operator[0m[2m:[0m reconciled exp-fleet-0
[2m2026-07-23T18:27:46.264910Z[0m [32m INFO[0m [2mvllm_coldstart_operator::fleet_controller[0m[2m:[0m reconciling FleetService 'exp-fleet' in 'default': model=Qwen/Qwen2.5-7B-Instruct replicas=1
[2m2026-07-23T18:27:46.348710Z[0m [32m INFO[0m [2mvllm_coldstart_operator::fleet_controller[0m[2m:[0m FleetService 'exp-fleet': 1 slots placed (1 preserved, 0 newly planned) across 3 candidates
[2m2026-07-23T18:27:46.348785Z[0m [32m INFO[0m [2mvllm_coldstart_operator::fleet_controller[0m[2m:[0m reconciled FleetService exp-fleet
[2m2026-07-23T18:27:46.348908Z[0m [32m INFO[0m [2mvllm_coldstart_operator::fleet_controller[0m[2m:[0m reconciling FleetService 'exp-fleet' in 'default': model=Qwen/Qwen2.5-7B-Instruct replicas=1
[2m2026-07-23T18:27:46.571932Z[0m [32m INFO[0m [2mvllm_coldstart_operator::fleet_controller[0m[2m:[0m FleetService 'exp-fleet': 1 slots placed (1 preserved, 0 newly planned) across 3 candidates
[2m2026-07-23T18:27:46.572023Z[0m [32m INFO[0m [2mvllm_coldstart_operator::fleet_controller[0m[2m:[0m reconciled FleetService exp-fleet
[2m2026-07-23T18:27:46.763618Z[0m [32m INFO[0m [2mvllm_coldstart_operator::fleet_controller[0m[2m:[0m reconciling FleetService 'exp-fleet' in 'default': model=Qwen/Qwen2.5-7B-Instruct replicas=1
[2m2026-07-23T18:27:47.216468Z[0m [32m INFO[0m [2mvllm_coldstart_operator::fleet_controller[0m[2m:[0m FleetService 'exp-fleet': 1 slots placed (1 preserved, 0 newly planned) across 3 candidates
[2m2026-07-23T18:27:47.216662Z[0m [32m INFO[0m [2mvllm_coldstart_operator::fleet_controller[0m[2m:[0m reconciled FleetService exp-fleet
[2m2026-07-23T18:27:50.446848Z[0m [32m INFO[0m [2mvllm_coldstart_operator[0m[2m:[0m reconciling VllmService 'exp-fleet-0' in 'default': model=Qwen/Qwen2.5-7B-Instruct replicas=1 strategy=Eager
[2m2026-07-23T18:27:50.455809Z[0m [32m INFO[0m [2mvllm_coldstart_operator[0m[2m:[0m status of 'exp-fleet-0' -> Pending (0/1 ready)
[2m2026-07-23T18:27:50.455860Z[0m [32m INFO[0m [2mvllm_coldstart_operator[0m[2m:[0m reconciled exp-fleet-0
[2m2026-07-23T18:27:55.457010Z[0m [32m INFO[0m [2mvllm_coldstart_operator[0m[2m:[0m reconciling VllmService 'exp-fleet-0' in 'default': model=Qwen/Qwen2.5-7B-Instruct replicas=1 strategy=Eager
[2m2026-07-23T18:27:55.465830Z[0m [32m INFO[0m [2mvllm_coldstart_operator[0m[2m:[0m status of 'exp-fleet-0' -> Pending (0/1 ready)
[2m2026-07-23T18:27:55.465884Z[0m [32m INFO[0m [2mvllm_coldstart_operator[0m[2m:[0m reconciled exp-fleet-0
[2m2026-07-23T18:28:00.467180Z[0m [32m INFO[0m [2mvllm_coldstart_operator[0m[2m:[0m reconciling VllmService 'exp-fleet-0' in 'default': model=Qwen/Qwen2.5-7B-Instruct replicas=1 strategy=Eager
[2m2026-07-23T18:28:00.475967Z[0m [32m INFO[0m [2mvllm_coldstart_operator[0m[2m:[0m status of 'exp-fleet-0' -> Pending (0/1 ready)
[2m2026-07-23T18:28:00.476031Z[0m [32m INFO[0m [2mvllm_coldstart_operator[0m[2m:[0m reconciled exp-fleet-0
[2m2026-07-23T18:28:01.282684Z[0m [32m INFO[0m [2mvllm_coldstart_operator::fleet_controller[0m[2m:[0m reconciling FleetService 'exp-fleet' in 'default': model=Qwen/Qwen2.5-7B-Instruct replicas=1
[2m2026-07-23T18:28:01.571446Z[0m [32m INFO[0m [2mvllm_coldstart_operator::fleet_controller[0m[2m:[0m FleetService 'exp-fleet': 1 slots placed (1 preserved, 0 newly planned) across 3 candidates
[2m2026-07-23T18:28:01.571530Z[0m [32m INFO[0m [2mvllm_coldstart_operator::fleet_controller[0m[2m:[0m reconciled FleetService exp-fleet
[2m2026-07-23T18:28:01.571560Z[0m [32m INFO[0m [2mvllm_coldstart_operator::fleet_controller[0m[2m:[0m reconciling FleetService 'exp-fleet' in 'default': model=Qwen/Qwen2.5-7B-Instruct replicas=1
[2m2026-07-23T18:28:02.216406Z[0m [32m INFO[0m [2mvllm_coldstart_operator::fleet_controller[0m[2m:[0m FleetService 'exp-fleet': 1 slots placed (1 preserved, 0 newly planned) across 3 candidates
[2m2026-07-23T18:28:02.216499Z[0m [32m INFO[0m [2mvllm_coldstart_operator::fleet_controller[0m[2m:[0m reconciled FleetService exp-fleet
[2m2026-07-23T18:28:02.216646Z[0m [32m INFO[0m [2mvllm_coldstart_operator::fleet_controller[0m[2m:[0m reconciling FleetService 'exp-fleet' in 'default': model=Qwen/Qwen2.5-7B-Instruct replicas=1
[2m2026-07-23T18:28:02.224208Z[0m [32m INFO[0m [2mvllm_coldstart_operator::fleet_controller[0m[2m:[0m FleetService 'exp-fleet': 1 slots placed (1 preserved, 0 newly planned) across 3 candidates
[2m2026-07-23T18:28:02.224279Z[0m [32m INFO[0m [2mvllm_coldstart_operator::fleet_controller[0m[2m:[0m reconciled FleetService exp-fleet
[2m2026-07-23T18:28:05.476864Z[0m [32m INFO[0m [2mvllm_coldstart_operator[0m[2m:[0m reconciling VllmService 'exp-fleet-0' in 'default': model=Qwen/Qwen2.5-7B-Instruct replicas=1 strategy=Eager
[2m2026-07-23T18:28:05.485713Z[0m [32m INFO[0m [2mvllm_coldstart_operator[0m[2m:[0m status of 'exp-fleet-0' -> Pending (0/1 ready)
[2m2026-07-23T18:28:05.485770Z[0m [32m INFO[0m [2mvllm_coldstart_operator[0m[2m:[0m reconciled exp-fleet-0
[2m2026-07-23T18:28:10.487305Z[0m [32m INFO[0m [2mvllm_coldstart_operator[0m[2m:[0m reconciling VllmService 'exp-fleet-0' in 'default': model=Qwen/Qwen2.5-7B-Instruct replicas=1 strategy=Eager
[2m2026-07-23T18:28:10.496161Z[0m [32m INFO[0m [2mvllm_coldstart_operator[0m[2m:[0m status of 'exp-fleet-0' -> Pending (0/1 ready)
[2m2026-07-23T18:28:10.496215Z[0m [32m INFO[0m [2mvllm_coldstart_operator[0m[2m:[0m reconciled exp-fleet-0
[2m2026-07-23T18:28:15.498438Z[0m [32m INFO[0m [2mvllm_coldstart_operator[0m[2m:[0m reconciling VllmService 'exp-fleet-0' in 'default': model=Qwen/Qwen2.5-7B-Instruct replicas=1 strategy=Eager
[2m2026-07-23T18:28:15.507482Z[0m [32m INFO[0m [2mvllm_coldstart_operator[0m[2m:[0m status of 'exp-fleet-0' -> Pending (0/1 ready)
[2m2026-07-23T18:28:15.507552Z[0m [32m INFO[0m [2mvllm_coldstart_operator[0m[2m:[0m reconciled exp-fleet-0
[2m2026-07-23T18:28:16.301228Z[0m [32m INFO[0m [2mvllm_coldstart_operator::fleet_controller[0m[2m:[0m reconciling FleetService 'exp-fleet' in 'default': model=Qwen/Qwen2.5-7B-Instruct replicas=1
[2m2026-07-23T18:28:16.876262Z[0m [32m INFO[0m [2mvllm_coldstart_operator::fleet_controller[0m[2m:[0m FleetService 'exp-fleet': 1 slots placed (1 preserved, 0 newly planned) across 3 candidates
[2m2026-07-23T18:28:16.876344Z[0m [32m INFO[0m [2mvllm_coldstart_operator::fleet_controller[0m[2m:[0m reconciled FleetService exp-fleet
[2m2026-07-23T18:28:16.876385Z[0m [32m INFO[0m [2mvllm_coldstart_operator::fleet_controller[0m[2m:[0m reconciling FleetService 'exp-fleet' in 'default': model=Qwen/Qwen2.5-7B-Instruct replicas=1
[2m2026-07-23T18:28:17.064518Z[0m [32m INFO[0m [2mvllm_coldstart_operator::fleet_controller[0m[2m:[0m FleetService 'exp-fleet': 1 slots placed (1 preserved, 0 newly planned) across 3 candidates
[2m2026-07-23T18:28:17.064605Z[0m [32m INFO[0m [2mvllm_coldstart_operator::fleet_controller[0m[2m:[0m reconciled FleetService exp-fleet
[2m2026-07-23T18:28:20.509298Z[0m [32m INFO[0m [2mvllm_coldstart_operator[0m[2m:[0m reconciling VllmService 'exp-fleet-0' in 'default': model=Qwen/Qwen2.5-7B-Instruct replicas=1 strategy=Eager
[2m2026-07-23T18:28:20.518262Z[0m [32m INFO[0m [2mvllm_coldstart_operator[0m[2m:[0m status of 'exp-fleet-0' -> Pending (0/1 ready)
[2m2026-07-23T18:28:20.518328Z[0m [32m INFO[0m [2mvllm_coldstart_operator[0m[2m:[0m reconciled exp-fleet-0
[2m2026-07-23T18:28:25.520364Z[0m [32m INFO[0m [2mvllm_coldstart_operator[0m[2m:[0m reconciling VllmService 'exp-fleet-0' in 'default': model=Qwen/Qwen2.5-7B-Instruct replicas=1 strategy=Eager
[2m2026-07-23T18:28:25.529234Z[0m [32m INFO[0m [2mvllm_coldstart_operator[0m[2m:[0m status of 'exp-fleet-0' -> Pending (0/1 ready)
[2m2026-07-23T18:28:25.529391Z[0m [32m INFO[0m [2mvllm_coldstart_operator[0m[2m:[0m reconciled exp-fleet-0
[2m2026-07-23T18:28:30.531508Z[0m [32m INFO[0m [2mvllm_coldstart_operator[0m[2m:[0m reconciling VllmService 'exp-fleet-0' in 'default': model=Qwen/Qwen2.5-7B-Instruct replicas=1 strategy=Eager
[2m2026-07-23T18:28:30.540253Z[0m [32m INFO[0m [2mvllm_coldstart_operator[0m[2m:[0m status of 'exp-fleet-0' -> Pending (0/1 ready)
[2m2026-07-23T18:28:30.540367Z[0m [32m INFO[0m [2mvllm_coldstart_operator[0m[2m:[0m reconciled exp-fleet-0
[2m2026-07-23T18:28:31.320160Z[0m [32m INFO[0m [2mvllm_coldstart_operator::fleet_controller[0m[2m:[0m reconciling FleetService 'exp-fleet' in 'default': model=Qwen/Qwen2.5-7B-Instruct replicas=1
[2m2026-07-23T18:28:31.421575Z[0m [32m INFO[0m [2mvllm_coldstart_operator::fleet_controller[0m[2m:[0m FleetService 'exp-fleet': 1 slots placed (1 preserved, 0 newly planned) across 3 candidates
[2m2026-07-23T18:28:31.421761Z[0m [32m INFO[0m [2mvllm_coldstart_operator::fleet_controller[0m[2m:[0m reconciled FleetService exp-fleet
[2m2026-07-23T18:28:31.422941Z[0m [32m INFO[0m [2mvllm_coldstart_operator::fleet_controller[0m[2m:[0m reconciling FleetService 'exp-fleet' in 'default': model=Qwen/Qwen2.5-7B-Instruct replicas=1
[2m2026-07-23T18:28:31.959441Z[0m [32m INFO[0m [2mvllm_coldstart_operator::fleet_controller[0m[2m:[0m FleetService 'exp-fleet': 1 slots placed (1 preserved, 0 newly planned) across 3 candidates
[2m2026-07-23T18:28:31.959757Z[0m [32m INFO[0m [2mvllm_coldstart_operator::fleet_controller[0m[2m:[0m reconciled FleetService exp-fleet
[2m2026-07-23T18:28:31.959800Z[0m [32m INFO[0m [2mvllm_coldstart_operator::fleet_controller[0m[2m:[0m reconciling FleetService 'exp-fleet' in 'default': model=Qwen/Qwen2.5-7B-Instruct replicas=1
[2m2026-07-23T18:28:32.064911Z[0m [32m INFO[0m [2mvllm_coldstart_operator::fleet_controller[0m[2m:[0m FleetService 'exp-fleet': 1 slots placed (1 preserved, 0 newly planned) across 3 candidates
[2m2026-07-23T18:28:32.065066Z[0m [32m INFO[0m [2mvllm_coldstart_operator::fleet_controller[0m[2m:[0m reconciled FleetService exp-fleet
[2m2026-07-23T18:28:35.541683Z[0m [32m INFO[0m [2mvllm_coldstart_operator[0m[2m:[0m reconciling VllmService 'exp-fleet-0' in 'default': model=Qwen/Qwen2.5-7B-Instruct replicas=1 strategy=Eager
[2m2026-07-23T18:28:35.552337Z[0m [32m INFO[0m [2mvllm_coldstart_operator[0m[2m:[0m status of 'exp-fleet-0' -> Pending (0/1 ready)
[2m2026-07-23T18:28:35.552406Z[0m [32m INFO[0m [2mvllm_coldstart_operator[0m[2m:[0m reconciled exp-fleet-0
[2m2026-07-23T18:28:40.553622Z[0m [32m INFO[0m [2mvllm_coldstart_operator[0m[2m:[0m reconciling VllmService 'exp-fleet-0' in 'default': model=Qwen/Qwen2.5-7B-Instruct replicas=1 strategy=Eager
[2m2026-07-23T18:28:40.562408Z[0m [32m INFO[0m [2mvllm_coldstart_operator[0m[2m:[0m status of 'exp-fleet-0' -> Pending (0/1 ready)
[2m2026-07-23T18:28:40.562469Z[0m [32m INFO[0m [2mvllm_coldstart_operator[0m[2m:[0m reconciled exp-fleet-0
[2m2026-07-23T18:28:45.563748Z[0m [32m INFO[0m [2mvllm_coldstart_operator[0m[2m:[0m reconciling VllmService 'exp-fleet-0' in 'default': model=Qwen/Qwen2.5-7B-Instruct replicas=1 strategy=Eager
[2m2026-07-23T18:28:45.573875Z[0m [32m INFO[0m [2mvllm_coldstart_operator[0m[2m:[0m status of 'exp-fleet-0' -> Pending (0/1 ready)
[2m2026-07-23T18:28:45.573979Z[0m [32m INFO[0m [2mvllm_coldstart_operator[0m[2m:[0m reconciled exp-fleet-0
[2m2026-07-23T18:28:46.338669Z[0m [32m INFO[0m [2mvllm_coldstart_operator::fleet_controller[0m[2m:[0m reconciling FleetService 'exp-fleet' in 'default': model=Qwen/Qwen2.5-7B-Instruct replicas=1
[2m2026-07-23T18:28:46.977931Z[0m [32m INFO[0m [2mvllm_coldstart_operator::fleet_controller[0m[2m:[0m FleetService 'exp-fleet': 1 slots placed (1 preserved, 0 newly planned) across 3 candidates
[2m2026-07-23T18:28:46.978016Z[0m [32m INFO[0m [2mvllm_coldstart_operator::fleet_controller[0m[2m:[0m reconciled FleetService exp-fleet
[2m2026-07-23T18:28:46.978284Z[0m [32m INFO[0m [2mvllm_coldstart_operator::fleet_controller[0m[2m:[0m reconciling FleetService 'exp-fleet' in 'default': model=Qwen/Qwen2.5-7B-Instruct replicas=1
[2m2026-07-23T18:28:47.217372Z[0m [32m INFO[0m [2mvllm_coldstart_operator::fleet_controller[0m[2m:[0m FleetService 'exp-fleet': 1 slots placed (1 preserved, 0 newly planned) across 3 candidates
[2m2026-07-23T18:28:47.217483Z[0m [32m INFO[0m [2mvllm_coldstart_operator::fleet_controller[0m[2m:[0m reconciled FleetService exp-fleet
[2m2026-07-23T18:28:50.574936Z[0m [32m INFO[0m [2mvllm_coldstart_operator[0m[2m:[0m reconciling VllmService 'exp-fleet-0' in 'default': model=Qwen/Qwen2.5-7B-Instruct replicas=1 strategy=Eager
[2m2026-07-23T18:28:50.584081Z[0m [32m INFO[0m [2mvllm_coldstart_operator[0m[2m:[0m status of 'exp-fleet-0' -> Pending (0/1 ready)
[2m2026-07-23T18:28:50.584152Z[0m [32m INFO[0m [2mvllm_coldstart_operator[0m[2m:[0m reconciled exp-fleet-0
[2m2026-07-23T18:28:55.586401Z[0m [32m INFO[0m [2mvllm_coldstart_operator[0m[2m:[0m reconciling VllmService 'exp-fleet-0' in 'default': model=Qwen/Qwen2.5-7B-Instruct replicas=1 strategy=Eager
[2m2026-07-23T18:28:55.595047Z[0m [32m INFO[0m [2mvllm_coldstart_operator[0m[2m:[0m status of 'exp-fleet-0' -> Pending (0/1 ready)
[2m2026-07-23T18:28:55.595105Z[0m [32m INFO[0m [2mvllm_coldstart_operator[0m[2m:[0m reconciled exp-fleet-0
[2m2026-07-23T18:29:00.597409Z[0m [32m INFO[0m [2mvllm_coldstart_operator[0m[2m:[0m reconciling VllmService 'exp-fleet-0' in 'default': model=Qwen/Qwen2.5-7B-Instruct replicas=1 strategy=Eager
[2m2026-07-23T18:29:00.607003Z[0m [32m INFO[0m [2mvllm_coldstart_operator[0m[2m:[0m status of 'exp-fleet-0' -> Pending (0/1 ready)
[2m2026-07-23T18:29:00.607069Z[0m [32m INFO[0m [2mvllm_coldstart_operator[0m[2m:[0m reconciled exp-fleet-0
[2m2026-07-23T18:29:01.357642Z[0m [32m INFO[0m [2mvllm_coldstart_operator::fleet_controller[0m[2m:[0m reconciling FleetService 'exp-fleet' in 'default': model=Qwen/Qwen2.5-7B-Instruct replicas=1
[2m2026-07-23T18:29:01.456895Z[0m [32m INFO[0m [2mvllm_coldstart_operator::fleet_controller[0m[2m:[0m FleetService 'exp-fleet': 1 slots placed (1 preserved, 0 newly planned) across 3 candidates
[2m2026-07-23T18:29:01.457082Z[0m [32m INFO[0m [2mvllm_coldstart_operator::fleet_controller[0m[2m:[0m reconciled FleetService exp-fleet
[2m2026-07-23T18:29:01.457113Z[0m [32m INFO[0m [2mvllm_coldstart_operator::fleet_controller[0m[2m:[0m reconciling FleetService 'exp-fleet' in 'default': model=Qwen/Qwen2.5-7B-Instruct replicas=1
[2m2026-07-23T18:29:01.996386Z[0m [32m INFO[0m [2mvllm_coldstart_operator::fleet_controller[0m[2m:[0m FleetService 'exp-fleet': 1 slots placed (1 preserved, 0 newly planned) across 3 candidates
[2m2026-07-23T18:29:01.996470Z[0m [32m INFO[0m [2mvllm_coldstart_operator::fleet_controller[0m[2m:[0m reconciled FleetService exp-fleet
[2m2026-07-23T18:29:01.996513Z[0m [32m INFO[0m [2mvllm_coldstart_operator::fleet_controller[0m[2m:[0m reconciling FleetService 'exp-fleet' in 'default': model=Qwen/Qwen2.5-7B-Instruct replicas=1
[2m2026-07-23T18:29:02.216780Z[0m [32m INFO[0m [2mvllm_coldstart_operator::fleet_controller[0m[2m:[0m FleetService 'exp-fleet': 1 slots placed (1 preserved, 0 newly planned) across 3 candidates
[2m2026-07-23T18:29:02.216976Z[0m [32m INFO[0m [2mvllm_coldstart_operator::fleet_controller[0m[2m:[0m reconciled FleetService exp-fleet
[2m2026-07-23T18:29:05.608391Z[0m [32m INFO[0m [2mvllm_coldstart_operator[0m[2m:[0m reconciling VllmService 'exp-fleet-0' in 'default': model=Qwen/Qwen2.5-7B-Instruct replicas=1 strategy=Eager
[2m2026-07-23T18:29:05.617111Z[0m [32m INFO[0m [2mvllm_coldstart_operator[0m[2m:[0m status of 'exp-fleet-0' -> Pending (0/1 ready)
[2m2026-07-23T18:29:05.617211Z[0m [32m INFO[0m [2mvllm_coldstart_operator[0m[2m:[0m reconciled exp-fleet-0
[2m2026-07-23T18:29:10.619394Z[0m [32m INFO[0m [2mvllm_coldstart_operator[0m[2m:[0m reconciling VllmService 'exp-fleet-0' in 'default': model=Qwen/Qwen2.5-7B-Instruct replicas=1 strategy=Eager
[2m2026-07-23T18:29:10.628346Z[0m [32m INFO[0m [2mvllm_coldstart_operator[0m[2m:[0m status of 'exp-fleet-0' -> Pending (0/1 ready)
[2m2026-07-23T18:29:10.628401Z[0m [32m INFO[0m [2mvllm_coldstart_operator[0m[2m:[0m reconciled exp-fleet-0
[2m2026-07-23T18:29:15.629602Z[0m [32m INFO[0m [2mvllm_coldstart_operator[0m[2m:[0m reconciling VllmService 'exp-fleet-0' in 'default': model=Qwen/Qwen2.5-7B-Instruct replicas=1 strategy=Eager
[2m2026-07-23T18:29:15.638351Z[0m [32m INFO[0m [2mvllm_coldstart_operator[0m[2m:[0m status of 'exp-fleet-0' -> Pending (0/1 ready)
[2m2026-07-23T18:29:15.638419Z[0m [32m INFO[0m [2mvllm_coldstart_operator[0m[2m:[0m reconciled exp-fleet-0
[2m2026-07-23T18:29:16.376874Z[0m [32m INFO[0m [2mvllm_coldstart_operator::fleet_controller[0m[2m:[0m reconciling FleetService 'exp-fleet' in 'default': model=Qwen/Qwen2.5-7B-Instruct replicas=1
[2m2026-07-23T18:29:16.475147Z[0m [32m INFO[0m [2mvllm_coldstart_operator::fleet_controller[0m[2m:[0m FleetService 'exp-fleet': 1 slots placed (1 preserved, 0 newly planned) across 3 candidates
[2m2026-07-23T18:29:16.475231Z[0m [32m INFO[0m [2mvllm_coldstart_operator::fleet_controller[0m[2m:[0m reconciled FleetService exp-fleet
[2m2026-07-23T18:29:16.475379Z[0m [32m INFO[0m [2mvllm_coldstart_operator::fleet_controller[0m[2m:[0m reconciling FleetService 'exp-fleet' in 'default': model=Qwen/Qwen2.5-7B-Instruct replicas=1
[2m2026-07-23T18:29:16.538839Z[0m [32m INFO[0m [2mvllm_coldstart_operator::fleet_controller[0m[2m:[0m FleetService 'exp-fleet': 1 slots placed (1 preserved, 0 newly planned) across 3 candidates
[2m2026-07-23T18:29:16.538938Z[0m [32m INFO[0m [2mvllm_coldstart_operator::fleet_controller[0m[2m:[0m reconciled FleetService exp-fleet
[2m2026-07-23T18:29:17.010433Z[0m [32m INFO[0m [2mvllm_coldstart_operator::fleet_controller[0m[2m:[0m reconciling FleetService 'exp-fleet' in 'default': model=Qwen/Qwen2.5-7B-Instruct replicas=1
[2m2026-07-23T18:29:17.217301Z[0m [32m INFO[0m [2mvllm_coldstart_operator::fleet_controller[0m[2m:[0m FleetService 'exp-fleet': 1 slots placed (1 preserved, 0 newly planned) across 3 candidates
[2m2026-07-23T18:29:17.217408Z[0m [32m INFO[0m [2mvllm_coldstart_operator::fleet_controller[0m[2m:[0m reconciled FleetService exp-fleet
[2m2026-07-23T18:29:20.640004Z[0m [32m INFO[0m [2mvllm_coldstart_operator[0m[2m:[0m reconciling VllmService 'exp-fleet-0' in 'default': model=Qwen/Qwen2.5-7B-Instruct replicas=1 strategy=Eager
[2m2026-07-23T18:29:20.648992Z[0m [32m INFO[0m [2mvllm_coldstart_operator[0m[2m:[0m status of 'exp-fleet-0' -> Pending (0/1 ready)
[2m2026-07-23T18:29:20.649053Z[0m [32m INFO[0m [2mvllm_coldstart_operator[0m[2m:[0m reconciled exp-fleet-0
[2m2026-07-23T18:29:25.650428Z[0m [32m INFO[0m [2mvllm_coldstart_operator[0m[2m:[0m reconciling VllmService 'exp-fleet-0' in 'default': model=Qwen/Qwen2.5-7B-Instruct replicas=1 strategy=Eager
[2m2026-07-23T18:29:25.659312Z[0m [32m INFO[0m [2mvllm_coldstart_operator[0m[2m:[0m status of 'exp-fleet-0' -> Pending (0/1 ready)
[2m2026-07-23T18:29:25.659368Z[0m [32m INFO[0m [2mvllm_coldstart_operator[0m[2m:[0m reconciled exp-fleet-0
[2m2026-07-23T18:29:30.660736Z[0m [32m INFO[0m [2mvllm_coldstart_operator[0m[2m:[0m reconciling VllmService 'exp-fleet-0' in 'default': model=Qwen/Qwen2.5-7B-Instruct replicas=1 strategy=Eager
[2m2026-07-23T18:29:30.669414Z[0m [32m INFO[0m [2mvllm_coldstart_operator[0m[2m:[0m status of 'exp-fleet-0' -> Pending (0/1 ready)
[2m2026-07-23T18:29:30.669468Z[0m [32m INFO[0m [2mvllm_coldstart_operator[0m[2m:[0m reconciled exp-fleet-0
[2m2026-07-23T18:29:31.397529Z[0m [32m INFO[0m [2mvllm_coldstart_operator::fleet_controller[0m[2m:[0m reconciling FleetService 'exp-fleet' in 'default': model=Qwen/Qwen2.5-7B-Instruct replicas=1
[2m2026-07-23T18:29:31.492523Z[0m [32m INFO[0m [2mvllm_coldstart_operator::fleet_controller[0m[2m:[0m FleetService 'exp-fleet': 1 slots placed (1 preserved, 0 newly planned) across 3 candidates
[2m2026-07-23T18:29:31.492606Z[0m [32m INFO[0m [2mvllm_coldstart_operator::fleet_controller[0m[2m:[0m reconciled FleetService exp-fleet
[2m2026-07-23T18:29:31.492760Z[0m [32m INFO[0m [2mvllm_coldstart_operator::fleet_controller[0m[2m:[0m reconciling FleetService 'exp-fleet' in 'default': model=Qwen/Qwen2.5-7B-Instruct replicas=1
[2m2026-07-23T18:29:32.032819Z[0m [32m INFO[0m [2mvllm_coldstart_operator::fleet_controller[0m[2m:[0m FleetService 'exp-fleet': 1 slots placed (1 preserved, 0 newly planned) across 3 candidates
[2m2026-07-23T18:29:32.032896Z[0m [32m INFO[0m [2mvllm_coldstart_operator::fleet_controller[0m[2m:[0m reconciled FleetService exp-fleet
[2m2026-07-23T18:29:32.032938Z[0m [32m INFO[0m [2mvllm_coldstart_operator::fleet_controller[0m[2m:[0m reconciling FleetService 'exp-fleet' in 'default': model=Qwen/Qwen2.5-7B-Instruct replicas=1
[2m2026-07-23T18:29:32.217293Z[0m [32m INFO[0m [2mvllm_coldstart_operator::fleet_controller[0m[2m:[0m FleetService 'exp-fleet': 1 slots placed (1 preserved, 0 newly planned) across 3 candidates
[2m2026-07-23T18:29:32.217370Z[0m [32m INFO[0m [2mvllm_coldstart_operator::fleet_controller[0m[2m:[0m reconciled FleetService exp-fleet
[2m2026-07-23T18:29:35.671020Z[0m [32m INFO[0m [2mvllm_coldstart_operator[0m[2m:[0m reconciling VllmService 'exp-fleet-0' in 'default': model=Qwen/Qwen2.5-7B-Instruct replicas=1 strategy=Eager
[2m2026-07-23T18:29:35.679602Z[0m [32m INFO[0m [2mvllm_coldstart_operator[0m[2m:[0m status of 'exp-fleet-0' -> Pending (0/1 ready)
[2m2026-07-23T18:29:35.679665Z[0m [32m INFO[0m [2mvllm_coldstart_operator[0m[2m:[0m reconciled exp-fleet-0
[2m2026-07-23T18:29:40.680934Z[0m [32m INFO[0m [2mvllm_coldstart_operator[0m[2m:[0m reconciling VllmService 'exp-fleet-0' in 'default': model=Qwen/Qwen2.5-7B-Instruct replicas=1 strategy=Eager
[2m2026-07-23T18:29:40.689678Z[0m [32m INFO[0m [2mvllm_coldstart_operator[0m[2m:[0m status of 'exp-fleet-0' -> Pending (0/1 ready)
[2m2026-07-23T18:29:40.689742Z[0m [32m INFO[0m [2mvllm_coldstart_operator[0m[2m:[0m reconciled exp-fleet-0
[2m2026-07-23T18:29:45.690995Z[0m [32m INFO[0m [2mvllm_coldstart_operator[0m[2m:[0m reconciling VllmService 'exp-fleet-0' in 'default': model=Qwen/Qwen2.5-7B-Instruct replicas=1 strategy=Eager
[2m2026-07-23T18:29:45.700075Z[0m [32m INFO[0m [2mvllm_coldstart_operator[0m[2m:[0m status of 'exp-fleet-0' -> Pending (0/1 ready)
[2m2026-07-23T18:29:45.700138Z[0m [32m INFO[0m [2mvllm_coldstart_operator[0m[2m:[0m reconciled exp-fleet-0
[2m2026-07-23T18:29:46.415645Z[0m [32m INFO[0m [2mvllm_coldstart_operator::fleet_controller[0m[2m:[0m reconciling FleetService 'exp-fleet' in 'default': model=Qwen/Qwen2.5-7B-Instruct replicas=1
[2m2026-07-23T18:29:46.951817Z[0m [32m INFO[0m [2mvllm_coldstart_operator::fleet_controller[0m[2m:[0m FleetService 'exp-fleet': 1 slots placed (1 preserved, 0 newly planned) across 3 candidates
[2m2026-07-23T18:29:46.951921Z[0m [32m INFO[0m [2mvllm_coldstart_operator::fleet_controller[0m[2m:[0m reconciled FleetService exp-fleet
[2m2026-07-23T18:29:46.952193Z[0m [32m INFO[0m [2mvllm_coldstart_operator::fleet_controller[0m[2m:[0m reconciling FleetService 'exp-fleet' in 'default': model=Qwen/Qwen2.5-7B-Instruct replicas=1
[2m2026-07-23T18:29:47.216143Z[0m [32m INFO[0m [2mvllm_coldstart_operator::fleet_controller[0m[2m:[0m FleetService 'exp-fleet': 1 slots placed (1 preserved, 0 newly planned) across 3 candidates
[2m2026-07-23T18:29:47.216221Z[0m [32m INFO[0m [2mvllm_coldstart_operator::fleet_controller[0m[2m:[0m reconciled FleetService exp-fleet
[2m2026-07-23T18:29:47.216383Z[0m [32m INFO[0m [2mvllm_coldstart_operator::fleet_controller[0m[2m:[0m reconciling FleetService 'exp-fleet' in 'default': model=Qwen/Qwen2.5-7B-Instruct replicas=1
[2m2026-07-23T18:29:47.224047Z[0m [32m INFO[0m [2mvllm_coldstart_operator::fleet_controller[0m[2m:[0m FleetService 'exp-fleet': 1 slots placed (1 preserved, 0 newly planned) across 3 candidates
[2m2026-07-23T18:29:47.224127Z[0m [32m INFO[0m [2mvllm_coldstart_operator::fleet_controller[0m[2m:[0m reconciled FleetService exp-fleet
[2m2026-07-23T18:29:50.701830Z[0m [32m INFO[0m [2mvllm_coldstart_operator[0m[2m:[0m reconciling VllmService 'exp-fleet-0' in 'default': model=Qwen/Qwen2.5-7B-Instruct replicas=1 strategy=Eager
[2m2026-07-23T18:29:50.710687Z[0m [32m INFO[0m [2mvllm_coldstart_operator[0m[2m:[0m status of 'exp-fleet-0' -> Pending (0/1 ready)
[2m2026-07-23T18:29:50.710750Z[0m [32m INFO[0m [2mvllm_coldstart_operator[0m[2m:[0m reconciled exp-fleet-0
[2m2026-07-23T18:29:55.712164Z[0m [32m INFO[0m [2mvllm_coldstart_operator[0m[2m:[0m reconciling VllmService 'exp-fleet-0' in 'default': model=Qwen/Qwen2.5-7B-Instruct replicas=1 strategy=Eager
[2m2026-07-23T18:29:55.721032Z[0m [32m INFO[0m [2mvllm_coldstart_operator[0m[2m:[0m status of 'exp-fleet-0' -> Pending (0/1 ready)
[2m2026-07-23T18:29:55.721102Z[0m [32m INFO[0m [2mvllm_coldstart_operator[0m[2m:[0m reconciled exp-fleet-0
[2m2026-07-23T18:30:00.723331Z[0m [32m INFO[0m [2mvllm_coldstart_operator[0m[2m:[0m reconciling VllmService 'exp-fleet-0' in 'default': model=Qwen/Qwen2.5-7B-Instruct replicas=1 strategy=Eager
[2m2026-07-23T18:30:00.732076Z[0m [32m INFO[0m [2mvllm_coldstart_operator[0m[2m:[0m status of 'exp-fleet-0' -> Pending (0/1 ready)
[2m2026-07-23T18:30:00.732133Z[0m [32m INFO[0m [2mvllm_coldstart_operator[0m[2m:[0m reconciled exp-fleet-0
[2m2026-07-23T18:30:01.432723Z[0m [32m INFO[0m [2mvllm_coldstart_operator::fleet_controller[0m[2m:[0m reconciling FleetService 'exp-fleet' in 'default': model=Qwen/Qwen2.5-7B-Instruct replicas=1
[2m2026-07-23T18:30:02.014438Z[0m [32m INFO[0m [2mvllm_coldstart_operator::fleet_controller[0m[2m:[0m FleetService 'exp-fleet': 1 slots placed (1 preserved, 0 newly planned) across 3 candidates
[2m2026-07-23T18:30:02.014564Z[0m [32m INFO[0m [2mvllm_coldstart_operator::fleet_controller[0m[2m:[0m reconciled FleetService exp-fleet
[2m2026-07-23T18:30:02.014834Z[0m [32m INFO[0m [2mvllm_coldstart_operator::fleet_controller[0m[2m:[0m reconciling FleetService 'exp-fleet' in 'default': model=Qwen/Qwen2.5-7B-Instruct replicas=1
[2m2026-07-23T18:30:02.217186Z[0m [32m INFO[0m [2mvllm_coldstart_operator::fleet_controller[0m[2m:[0m FleetService 'exp-fleet': 1 slots placed (1 preserved, 0 newly planned) across 3 candidates
[2m2026-07-23T18:30:02.217389Z[0m [32m INFO[0m [2mvllm_coldstart_operator::fleet_controller[0m[2m:[0m reconciled FleetService exp-fleet
[2m2026-07-23T18:30:02.217440Z[0m [32m INFO[0m [2mvllm_coldstart_operator::fleet_controller[0m[2m:[0m reconciling FleetService 'exp-fleet' in 'default': model=Qwen/Qwen2.5-7B-Instruct replicas=1
[2m2026-07-23T18:30:02.225523Z[0m [32m INFO[0m [2mvllm_coldstart_operator::fleet_controller[0m[2m:[0m FleetService 'exp-fleet': 1 slots placed (1 preserved, 0 newly planned) across 3 candidates
[2m2026-07-23T18:30:02.225701Z[0m [32m INFO[0m [2mvllm_coldstart_operator::fleet_controller[0m[2m:[0m reconciled FleetService exp-fleet
[2m2026-07-23T18:30:05.734246Z[0m [32m INFO[0m [2mvllm_coldstart_operator[0m[2m:[0m reconciling VllmService 'exp-fleet-0' in 'default': model=Qwen/Qwen2.5-7B-Instruct replicas=1 strategy=Eager
[2m2026-07-23T18:30:05.742832Z[0m [32m INFO[0m [2mvllm_coldstart_operator[0m[2m:[0m status of 'exp-fleet-0' -> Pending (0/1 ready)
[2m2026-07-23T18:30:05.742881Z[0m [32m INFO[0m [2mvllm_coldstart_operator[0m[2m:[0m reconciled exp-fleet-0
[2m2026-07-23T18:30:10.743885Z[0m [32m INFO[0m [2mvllm_coldstart_operator[0m[2m:[0m reconciling VllmService 'exp-fleet-0' in 'default': model=Qwen/Qwen2.5-7B-Instruct replicas=1 strategy=Eager
[2m2026-07-23T18:30:10.752829Z[0m [32m INFO[0m [2mvllm_coldstart_operator[0m[2m:[0m status of 'exp-fleet-0' -> Pending (0/1 ready)
[2m2026-07-23T18:30:10.752891Z[0m [32m INFO[0m [2mvllm_coldstart_operator[0m[2m:[0m reconciled exp-fleet-0
[2m2026-07-23T18:30:15.754242Z[0m [32m INFO[0m [2mvllm_coldstart_operator[0m[2m:[0m reconciling VllmService 'exp-fleet-0' in 'default': model=Qwen/Qwen2.5-7B-Instruct replicas=1 strategy=Eager
[2m2026-07-23T18:30:15.762889Z[0m [32m INFO[0m [2mvllm_coldstart_operator[0m[2m:[0m status of 'exp-fleet-0' -> Pending (0/1 ready)
[2m2026-07-23T18:30:15.762965Z[0m [32m INFO[0m [2mvllm_coldstart_operator[0m[2m:[0m reconciled exp-fleet-0
[2m2026-07-23T18:30:16.451084Z[0m [32m INFO[0m [2mvllm_coldstart_operator::fleet_controller[0m[2m:[0m reconciling FleetService 'exp-fleet' in 'default': model=Qwen/Qwen2.5-7B-Instruct replicas=1
[2m2026-07-23T18:30:16.546278Z[0m [32m INFO[0m [2mvllm_coldstart_operator::fleet_controller[0m[2m:[0m FleetService 'exp-fleet': 1 slots placed (1 preserved, 0 newly planned) across 3 candidates
[2m2026-07-23T18:30:16.546358Z[0m [32m INFO[0m [2mvllm_coldstart_operator::fleet_controller[0m[2m:[0m reconciled FleetService exp-fleet
[2m2026-07-23T18:30:16.546507Z[0m [32m INFO[0m [2mvllm_coldstart_operator::fleet_controller[0m[2m:[0m reconciling FleetService 'exp-fleet' in 'default': model=Qwen/Qwen2.5-7B-Instruct replicas=1
[2m2026-07-23T18:30:17.091827Z[0m [32m INFO[0m [2mvllm_coldstart_operator::fleet_controller[0m[2m:[0m FleetService 'exp-fleet': 1 slots placed (1 preserved, 0 newly planned) across 3 candidates
[2m2026-07-23T18:30:17.091931Z[0m [32m INFO[0m [2mvllm_coldstart_operator::fleet_controller[0m[2m:[0m reconciled FleetService exp-fleet
[2m2026-07-23T18:30:17.092279Z[0m [32m INFO[0m [2mvllm_coldstart_operator::fleet_controller[0m[2m:[0m reconciling FleetService 'exp-fleet' in 'default': model=Qwen/Qwen2.5-7B-Instruct replicas=1
[2m2026-07-23T18:30:17.218094Z[0m [32m INFO[0m [2mvllm_coldstart_operator::fleet_controller[0m[2m:[0m FleetService 'exp-fleet': 1 slots placed (1 preserved, 0 newly planned) across 3 candidates
[2m2026-07-23T18:30:17.218221Z[0m [32m INFO[0m [2mvllm_coldstart_operator::fleet_controller[0m[2m:[0m reconciled FleetService exp-fleet
[2m2026-07-23T18:30:20.763969Z[0m [32m INFO[0m [2mvllm_coldstart_operator[0m[2m:[0m reconciling VllmService 'exp-fleet-0' in 'default': model=Qwen/Qwen2.5-7B-Instruct replicas=1 strategy=Eager
[2m2026-07-23T18:30:20.772878Z[0m [32m INFO[0m [2mvllm_coldstart_operator[0m[2m:[0m status of 'exp-fleet-0' -> Pending (0/1 ready)
[2m2026-07-23T18:30:20.772949Z[0m [32m INFO[0m [2mvllm_coldstart_operator[0m[2m:[0m reconciled exp-fleet-0
[2m2026-07-23T18:30:25.774231Z[0m [32m INFO[0m [2mvllm_coldstart_operator[0m[2m:[0m reconciling VllmService 'exp-fleet-0' in 'default': model=Qwen/Qwen2.5-7B-Instruct replicas=1 strategy=Eager
[2m2026-07-23T18:30:25.783277Z[0m [32m INFO[0m [2mvllm_coldstart_operator[0m[2m:[0m status of 'exp-fleet-0' -> Pending (0/1 ready)
[2m2026-07-23T18:30:25.783359Z[0m [32m INFO[0m [2mvllm_coldstart_operator[0m[2m:[0m reconciled exp-fleet-0
[2m2026-07-23T18:30:30.788547Z[0m [32m INFO[0m [2mvllm_coldstart_operator[0m[2m:[0m reconciling VllmService 'exp-fleet-0' in 'default': model=Qwen/Qwen2.5-7B-Instruct replicas=1 strategy=Eager
[2m2026-07-23T18:30:30.797621Z[0m [32m INFO[0m [2mvllm_coldstart_operator[0m[2m:[0m status of 'exp-fleet-0' -> Pending (0/1 ready)
[2m2026-07-23T18:30:30.797689Z[0m [32m INFO[0m [2mvllm_coldstart_operator[0m[2m:[0m reconciled exp-fleet-0
[2m2026-07-23T18:30:31.468775Z[0m [32m INFO[0m [2mvllm_coldstart_operator::fleet_controller[0m[2m:[0m reconciling FleetService 'exp-fleet' in 'default': model=Qwen/Qwen2.5-7B-Instruct replicas=1
[2m2026-07-23T18:30:32.106752Z[0m [32m INFO[0m [2mvllm_coldstart_operator::fleet_controller[0m[2m:[0m FleetService 'exp-fleet': 1 slots placed (1 preserved, 0 newly planned) across 3 candidates
[2m2026-07-23T18:30:32.107127Z[0m [32m INFO[0m [2mvllm_coldstart_operator::fleet_controller[0m[2m:[0m reconciled FleetService exp-fleet
[2m2026-07-23T18:30:32.107211Z[0m [32m INFO[0m [2mvllm_coldstart_operator::fleet_controller[0m[2m:[0m reconciling FleetService 'exp-fleet' in 'default': model=Qwen/Qwen2.5-7B-Instruct replicas=1
[2m2026-07-23T18:30:32.217319Z[0m [32m INFO[0m [2mvllm_coldstart_operator::fleet_controller[0m[2m:[0m FleetService 'exp-fleet': 1 slots placed (1 preserved, 0 newly planned) across 3 candidates
[2m2026-07-23T18:30:32.217406Z[0m [32m INFO[0m [2mvllm_coldstart_operator::fleet_controller[0m[2m:[0m reconciled FleetService exp-fleet
[2m2026-07-23T18:30:35.799114Z[0m [32m INFO[0m [2mvllm_coldstart_operator[0m[2m:[0m reconciling VllmService 'exp-fleet-0' in 'default': model=Qwen/Qwen2.5-7B-Instruct replicas=1 strategy=Eager
[2m2026-07-23T18:30:35.808387Z[0m [32m INFO[0m [2mvllm_coldstart_operator[0m[2m:[0m status of 'exp-fleet-0' -> Pending (0/1 ready)
[2m2026-07-23T18:30:35.808456Z[0m [32m INFO[0m [2mvllm_coldstart_operator[0m[2m:[0m reconciled exp-fleet-0
[2m2026-07-23T18:30:40.809793Z[0m [32m INFO[0m [2mvllm_coldstart_operator[0m[2m:[0m reconciling VllmService 'exp-fleet-0' in 'default': model=Qwen/Qwen2.5-7B-Instruct replicas=1 strategy=Eager
[2m2026-07-23T18:30:40.818713Z[0m [32m INFO[0m [2mvllm_coldstart_operator[0m[2m:[0m status of 'exp-fleet-0' -> Pending (0/1 ready)
[2m2026-07-23T18:30:40.818771Z[0m [32m INFO[0m [2mvllm_coldstart_operator[0m[2m:[0m reconciled exp-fleet-0
[2m2026-07-23T18:30:45.820094Z[0m [32m INFO[0m [2mvllm_coldstart_operator[0m[2m:[0m reconciling VllmService 'exp-fleet-0' in 'default': model=Qwen/Qwen2.5-7B-Instruct replicas=1 strategy=Eager
[2m2026-07-23T18:30:45.829152Z[0m [32m INFO[0m [2mvllm_coldstart_operator[0m[2m:[0m status of 'exp-fleet-0' -> Pending (0/1 ready)
[2m2026-07-23T18:30:45.829212Z[0m [32m INFO[0m [2mvllm_coldstart_operator[0m[2m:[0m reconciled exp-fleet-0
[2m2026-07-23T18:30:46.486848Z[0m [32m INFO[0m [2mvllm_coldstart_operator::fleet_controller[0m[2m:[0m reconciling FleetService 'exp-fleet' in 'default': model=Qwen/Qwen2.5-7B-Instruct replicas=1
[2m2026-07-23T18:30:47.122386Z[0m [32m INFO[0m [2mvllm_coldstart_operator::fleet_controller[0m[2m:[0m FleetService 'exp-fleet': 1 slots placed (1 preserved, 0 newly planned) across 3 candidates
[2m2026-07-23T18:30:47.122495Z[0m [32m INFO[0m [2mvllm_coldstart_operator::fleet_controller[0m[2m:[0m reconciled FleetService exp-fleet
[2m2026-07-23T18:30:47.122840Z[0m [32m INFO[0m [2mvllm_coldstart_operator::fleet_controller[0m[2m:[0m reconciling FleetService 'exp-fleet' in 'default': model=Qwen/Qwen2.5-7B-Instruct replicas=1
[2m2026-07-23T18:30:47.222625Z[0m [32m INFO[0m [2mvllm_coldstart_operator::fleet_controller[0m[2m:[0m FleetService 'exp-fleet': 1 slots placed (1 preserved, 0 newly planned) across 3 candidates
[2m2026-07-23T18:30:47.222748Z[0m [32m INFO[0m [2mvllm_coldstart_operator::fleet_controller[0m[2m:[0m reconciled FleetService exp-fleet
[2m2026-07-23T18:30:50.830569Z[0m [32m INFO[0m [2mvllm_coldstart_operator[0m[2m:[0m reconciling VllmService 'exp-fleet-0' in 'default': model=Qwen/Qwen2.5-7B-Instruct replicas=1 strategy=Eager
[2m2026-07-23T18:30:50.850854Z[0m [32m INFO[0m [2mvllm_coldstart_operator[0m[2m:[0m status of 'exp-fleet-0' -> Pending (0/1 ready)
[2m2026-07-23T18:30:50.850963Z[0m [32m INFO[0m [2mvllm_coldstart_operator[0m[2m:[0m reconciled exp-fleet-0
[2m2026-07-23T18:30:55.852223Z[0m [32m INFO[0m [2mvllm_coldstart_operator[0m[2m:[0m reconciling VllmService 'exp-fleet-0' in 'default': model=Qwen/Qwen2.5-7B-Instruct replicas=1 strategy=Eager
[2m2026-07-23T18:30:55.860901Z[0m [32m INFO[0m [2mvllm_coldstart_operator[0m[2m:[0m status of 'exp-fleet-0' -> Pending (0/1 ready)
[2m2026-07-23T18:30:55.860965Z[0m [32m INFO[0m [2mvllm_coldstart_operator[0m[2m:[0m reconciled exp-fleet-0
[2m2026-07-23T18:31:00.862318Z[0m [32m INFO[0m [2mvllm_coldstart_operator[0m[2m:[0m reconciling VllmService 'exp-fleet-0' in 'default': model=Qwen/Qwen2.5-7B-Instruct replicas=1 strategy=Eager
[2m2026-07-23T18:31:00.871245Z[0m [32m INFO[0m [2mvllm_coldstart_operator[0m[2m:[0m status of 'exp-fleet-0' -> Pending (0/1 ready)
[2m2026-07-23T18:31:00.871307Z[0m [32m INFO[0m [2mvllm_coldstart_operator[0m[2m:[0m reconciled exp-fleet-0
[2m2026-07-23T18:31:01.505696Z[0m [32m INFO[0m [2mvllm_coldstart_operator::fleet_controller[0m[2m:[0m reconciling FleetService 'exp-fleet' in 'default': model=Qwen/Qwen2.5-7B-Instruct replicas=1
[2m2026-07-23T18:31:01.607683Z[0m [32m INFO[0m [2mvllm_coldstart_operator::fleet_controller[0m[2m:[0m FleetService 'exp-fleet': 1 slots placed (1 preserved, 0 newly planned) across 3 candidates
[2m2026-07-23T18:31:01.607761Z[0m [32m INFO[0m [2mvllm_coldstart_operator::fleet_controller[0m[2m:[0m reconciled FleetService exp-fleet
[2m2026-07-23T18:31:01.607798Z[0m [32m INFO[0m [2mvllm_coldstart_operator::fleet_controller[0m[2m:[0m reconciling FleetService 'exp-fleet' in 'default': model=Qwen/Qwen2.5-7B-Instruct replicas=1
[2m2026-07-23T18:31:02.138137Z[0m [32m INFO[0m [2mvllm_coldstart_operator::fleet_controller[0m[2m:[0m FleetService 'exp-fleet': 1 slots placed (1 preserved, 0 newly planned) across 3 candidates
[2m2026-07-23T18:31:02.138233Z[0m [32m INFO[0m [2mvllm_coldstart_operator::fleet_controller[0m[2m:[0m reconciled FleetService exp-fleet
[2m2026-07-23T18:31:02.138601Z[0m [32m INFO[0m [2mvllm_coldstart_operator::fleet_controller[0m[2m:[0m reconciling FleetService 'exp-fleet' in 'default': model=Qwen/Qwen2.5-7B-Instruct replicas=1
[2m2026-07-23T18:31:02.238961Z[0m [32m INFO[0m [2mvllm_coldstart_operator::fleet_controller[0m[2m:[0m FleetService 'exp-fleet': 1 slots placed (1 preserved, 0 newly planned) across 3 candidates
[2m2026-07-23T18:31:02.239074Z[0m [32m INFO[0m [2mvllm_coldstart_operator::fleet_controller[0m[2m:[0m reconciled FleetService exp-fleet
[2m2026-07-23T18:31:05.872761Z[0m [32m INFO[0m [2mvllm_coldstart_operator[0m[2m:[0m reconciling VllmService 'exp-fleet-0' in 'default': model=Qwen/Qwen2.5-7B-Instruct replicas=1 strategy=Eager
[2m2026-07-23T18:31:05.881992Z[0m [32m INFO[0m [2mvllm_coldstart_operator[0m[2m:[0m status of 'exp-fleet-0' -> Pending (0/1 ready)
[2m2026-07-23T18:31:05.882057Z[0m [32m INFO[0m [2mvllm_coldstart_operator[0m[2m:[0m reconciled exp-fleet-0
[2m2026-07-23T18:31:10.883156Z[0m [32m INFO[0m [2mvllm_coldstart_operator[0m[2m:[0m reconciling VllmService 'exp-fleet-0' in 'default': model=Qwen/Qwen2.5-7B-Instruct replicas=1 strategy=Eager
[2m2026-07-23T18:31:10.892233Z[0m [32m INFO[0m [2mvllm_coldstart_operator[0m[2m:[0m status of 'exp-fleet-0' -> Pending (0/1 ready)
[2m2026-07-23T18:31:10.892307Z[0m [32m INFO[0m [2mvllm_coldstart_operator[0m[2m:[0m reconciled exp-fleet-0
[2m2026-07-23T18:31:15.893693Z[0m [32m INFO[0m [2mvllm_coldstart_operator[0m[2m:[0m reconciling VllmService 'exp-fleet-0' in 'default': model=Qwen/Qwen2.5-7B-Instruct replicas=1 strategy=Eager
[2m2026-07-23T18:31:15.902733Z[0m [32m INFO[0m [2mvllm_coldstart_operator[0m[2m:[0m status of 'exp-fleet-0' -> Pending (0/1 ready)
[2m2026-07-23T18:31:15.902890Z[0m [32m INFO[0m [2mvllm_coldstart_operator[0m[2m:[0m reconciled exp-fleet-0
[2m2026-07-23T18:31:16.523594Z[0m [32m INFO[0m [2mvllm_coldstart_operator::fleet_controller[0m[2m:[0m reconciling FleetService 'exp-fleet' in 'default': model=Qwen/Qwen2.5-7B-Instruct replicas=1
[2m2026-07-23T18:31:16.627906Z[0m [32m INFO[0m [2mvllm_coldstart_operator::fleet_controller[0m[2m:[0m FleetService 'exp-fleet': 1 slots placed (1 preserved, 0 newly planned) across 3 candidates
[2m2026-07-23T18:31:16.627981Z[0m [32m INFO[0m [2mvllm_coldstart_operator::fleet_controller[0m[2m:[0m reconciled FleetService exp-fleet
[2m2026-07-23T18:31:16.628005Z[0m [32m INFO[0m [2mvllm_coldstart_operator::fleet_controller[0m[2m:[0m reconciling FleetService 'exp-fleet' in 'default': model=Qwen/Qwen2.5-7B-Instruct replicas=1
[2m2026-07-23T18:31:16.859595Z[0m [32m INFO[0m [2mvllm_coldstart_operator::fleet_controller[0m[2m:[0m FleetService 'exp-fleet': 1 slots placed (1 preserved, 0 newly planned) across 3 candidates
[2m2026-07-23T18:31:16.859796Z[0m [32m INFO[0m [2mvllm_coldstart_operator::fleet_controller[0m[2m:[0m reconciled FleetService exp-fleet
[2m2026-07-23T18:31:17.150706Z[0m [32m INFO[0m [2mvllm_coldstart_operator::fleet_controller[0m[2m:[0m reconciling FleetService 'exp-fleet' in 'default': model=Qwen/Qwen2.5-7B-Instruct replicas=1
[2m2026-07-23T18:31:17.216943Z[0m [32m INFO[0m [2mvllm_coldstart_operator::fleet_controller[0m[2m:[0m FleetService 'exp-fleet': 1 slots placed (1 preserved, 0 newly planned) across 3 candidates
[2m2026-07-23T18:31:17.217050Z[0m [32m INFO[0m [2mvllm_coldstart_operator::fleet_controller[0m[2m:[0m reconciled FleetService exp-fleet
[2m2026-07-23T18:31:20.903869Z[0m [32m INFO[0m [2mvllm_coldstart_operator[0m[2m:[0m reconciling VllmService 'exp-fleet-0' in 'default': model=Qwen/Qwen2.5-7B-Instruct replicas=1 strategy=Eager
[2m2026-07-23T18:31:20.912874Z[0m [32m INFO[0m [2mvllm_coldstart_operator[0m[2m:[0m status of 'exp-fleet-0' -> Pending (0/1 ready)
[2m2026-07-23T18:31:20.912953Z[0m [32m INFO[0m [2mvllm_coldstart_operator[0m[2m:[0m reconciled exp-fleet-0
[2m2026-07-23T18:31:25.914311Z[0m [32m INFO[0m [2mvllm_coldstart_operator[0m[2m:[0m reconciling VllmService 'exp-fleet-0' in 'default': model=Qwen/Qwen2.5-7B-Instruct replicas=1 strategy=Eager
[2m2026-07-23T18:31:25.923272Z[0m [32m INFO[0m [2mvllm_coldstart_operator[0m[2m:[0m status of 'exp-fleet-0' -> Pending (0/1 ready)
[2m2026-07-23T18:31:25.923330Z[0m [32m INFO[0m [2mvllm_coldstart_operator[0m[2m:[0m reconciled exp-fleet-0
[2m2026-07-23T18:31:30.924534Z[0m [32m INFO[0m [2mvllm_coldstart_operator[0m[2m:[0m reconciling VllmService 'exp-fleet-0' in 'default': model=Qwen/Qwen2.5-7B-Instruct replicas=1 strategy=Eager
[2m2026-07-23T18:31:30.933361Z[0m [32m INFO[0m [2mvllm_coldstart_operator[0m[2m:[0m status of 'exp-fleet-0' -> Pending (0/1 ready)
[2m2026-07-23T18:31:30.933438Z[0m [32m INFO[0m [2mvllm_coldstart_operator[0m[2m:[0m reconciled exp-fleet-0
[2m2026-07-23T18:31:31.541564Z[0m [32m INFO[0m [2mvllm_coldstart_operator::fleet_controller[0m[2m:[0m reconciling FleetService 'exp-fleet' in 'default': model=Qwen/Qwen2.5-7B-Instruct replicas=1
[2m2026-07-23T18:31:31.648705Z[0m [32m INFO[0m [2mvllm_coldstart_operator::fleet_controller[0m[2m:[0m FleetService 'exp-fleet': 1 slots placed (1 preserved, 0 newly planned) across 3 candidates
[2m2026-07-23T18:31:31.648870Z[0m [32m INFO[0m [2mvllm_coldstart_operator::fleet_controller[0m[2m:[0m reconciled FleetService exp-fleet
[2m2026-07-23T18:31:31.648900Z[0m [32m INFO[0m [2mvllm_coldstart_operator::fleet_controller[0m[2m:[0m reconciling FleetService 'exp-fleet' in 'default': model=Qwen/Qwen2.5-7B-Instruct replicas=1
[2m2026-07-23T18:31:32.169217Z[0m [32m INFO[0m [2mvllm_coldstart_operator::fleet_controller[0m[2m:[0m FleetService 'exp-fleet': 1 slots placed (1 preserved, 0 newly planned) across 3 candidates
[2m2026-07-23T18:31:32.169301Z[0m [32m INFO[0m [2mvllm_coldstart_operator::fleet_controller[0m[2m:[0m reconciled FleetService exp-fleet
[2m2026-07-23T18:31:32.169519Z[0m [32m INFO[0m [2mvllm_coldstart_operator::fleet_controller[0m[2m:[0m reconciling FleetService 'exp-fleet' in 'default': model=Qwen/Qwen2.5-7B-Instruct replicas=1
[2m2026-07-23T18:31:32.269269Z[0m [32m INFO[0m [2mvllm_coldstart_operator::fleet_controller[0m[2m:[0m FleetService 'exp-fleet': 1 slots placed (1 preserved, 0 newly planned) across 3 candidates
[2m2026-07-23T18:31:32.269357Z[0m [32m INFO[0m [2mvllm_coldstart_operator::fleet_controller[0m[2m:[0m reconciled FleetService exp-fleet
[2m2026-07-23T18:31:35.935130Z[0m [32m INFO[0m [2mvllm_coldstart_operator[0m[2m:[0m reconciling VllmService 'exp-fleet-0' in 'default': model=Qwen/Qwen2.5-7B-Instruct replicas=1 strategy=Eager
[2m2026-07-23T18:31:35.943744Z[0m [32m INFO[0m [2mvllm_coldstart_operator[0m[2m:[0m status of 'exp-fleet-0' -> Pending (0/1 ready)
[2m2026-07-23T18:31:35.943803Z[0m [32m INFO[0m [2mvllm_coldstart_operator[0m[2m:[0m reconciled exp-fleet-0
[2m2026-07-23T18:31:40.945172Z[0m [32m INFO[0m [2mvllm_coldstart_operator[0m[2m:[0m reconciling VllmService 'exp-fleet-0' in 'default': model=Qwen/Qwen2.5-7B-Instruct replicas=1 strategy=Eager
[2m2026-07-23T18:31:40.953747Z[0m [32m INFO[0m [2mvllm_coldstart_operator[0m[2m:[0m status of 'exp-fleet-0' -> Pending (0/1 ready)
[2m2026-07-23T18:31:40.953802Z[0m [32m INFO[0m [2mvllm_coldstart_operator[0m[2m:[0m reconciled exp-fleet-0
[2m2026-07-23T18:31:45.955021Z[0m [32m INFO[0m [2mvllm_coldstart_operator[0m[2m:[0m reconciling VllmService 'exp-fleet-0' in 'default': model=Qwen/Qwen2.5-7B-Instruct replicas=1 strategy=Eager
[2m2026-07-23T18:31:45.963839Z[0m [32m INFO[0m [2mvllm_coldstart_operator[0m[2m:[0m status of 'exp-fleet-0' -> Pending (0/1 ready)
[2m2026-07-23T18:31:45.963901Z[0m [32m INFO[0m [2mvllm_coldstart_operator[0m[2m:[0m reconciled exp-fleet-0
[2m2026-07-23T18:31:46.558843Z[0m [32m INFO[0m [2mvllm_coldstart_operator::fleet_controller[0m[2m:[0m reconciling FleetService 'exp-fleet' in 'default': model=Qwen/Qwen2.5-7B-Instruct replicas=1
[2m2026-07-23T18:31:46.667579Z[0m [32m INFO[0m [2mvllm_coldstart_operator::fleet_controller[0m[2m:[0m FleetService 'exp-fleet': 1 slots placed (1 preserved, 0 newly planned) across 3 candidates
[2m2026-07-23T18:31:46.667651Z[0m [32m INFO[0m [2mvllm_coldstart_operator::fleet_controller[0m[2m:[0m reconciled FleetService exp-fleet
[2m2026-07-23T18:31:46.667669Z[0m [32m INFO[0m [2mvllm_coldstart_operator::fleet_controller[0m[2m:[0m reconciling FleetService 'exp-fleet' in 'default': model=Qwen/Qwen2.5-7B-Instruct replicas=1
[2m2026-07-23T18:31:47.188476Z[0m [32m INFO[0m [2mvllm_coldstart_operator::fleet_controller[0m[2m:[0m FleetService 'exp-fleet': 1 slots placed (1 preserved, 0 newly planned) across 3 candidates
[2m2026-07-23T18:31:47.188549Z[0m [32m INFO[0m [2mvllm_coldstart_operator::fleet_controller[0m[2m:[0m reconciled FleetService exp-fleet
[2m2026-07-23T18:31:47.188566Z[0m [32m INFO[0m [2mvllm_coldstart_operator::fleet_controller[0m[2m:[0m reconciling FleetService 'exp-fleet' in 'default': model=Qwen/Qwen2.5-7B-Instruct replicas=1
[2m2026-07-23T18:31:47.289807Z[0m [32m INFO[0m [2mvllm_coldstart_operator::fleet_controller[0m[2m:[0m FleetService 'exp-fleet': 1 slots placed (1 preserved, 0 newly planned) across 3 candidates
[2m2026-07-23T18:31:47.289893Z[0m [32m INFO[0m [2mvllm_coldstart_operator::fleet_controller[0m[2m:[0m reconciled FleetService exp-fleet
[2m2026-07-23T18:31:50.964764Z[0m [32m INFO[0m [2mvllm_coldstart_operator[0m[2m:[0m reconciling VllmService 'exp-fleet-0' in 'default': model=Qwen/Qwen2.5-7B-Instruct replicas=1 strategy=Eager
[2m2026-07-23T18:31:50.985294Z[0m [32m INFO[0m [2mvllm_coldstart_operator[0m[2m:[0m status of 'exp-fleet-0' -> Pending (0/1 ready)
[2m2026-07-23T18:31:50.985356Z[0m [32m INFO[0m [2mvllm_coldstart_operator[0m[2m:[0m reconciled exp-fleet-0
[2m2026-07-23T18:31:55.986558Z[0m [32m INFO[0m [2mvllm_coldstart_operator[0m[2m:[0m reconciling VllmService 'exp-fleet-0' in 'default': model=Qwen/Qwen2.5-7B-Instruct replicas=1 strategy=Eager
[2m2026-07-23T18:31:55.995174Z[0m [32m INFO[0m [2mvllm_coldstart_operator[0m[2m:[0m status of 'exp-fleet-0' -> Pending (0/1 ready)
[2m2026-07-23T18:31:55.995223Z[0m [32m INFO[0m [2mvllm_coldstart_operator[0m[2m:[0m reconciled exp-fleet-0
[2m2026-07-23T18:32:00.996908Z[0m [32m INFO[0m [2mvllm_coldstart_operator[0m[2m:[0m reconciling VllmService 'exp-fleet-0' in 'default': model=Qwen/Qwen2.5-7B-Instruct replicas=1 strategy=Eager
[2m2026-07-23T18:32:01.005780Z[0m [32m INFO[0m [2mvllm_coldstart_operator[0m[2m:[0m status of 'exp-fleet-0' -> Pending (0/1 ready)
[2m2026-07-23T18:32:01.005834Z[0m [32m INFO[0m [2mvllm_coldstart_operator[0m[2m:[0m reconciled exp-fleet-0
[2m2026-07-23T18:32:01.578801Z[0m [32m INFO[0m [2mvllm_coldstart_operator::fleet_controller[0m[2m:[0m reconciling FleetService 'exp-fleet' in 'default': model=Qwen/Qwen2.5-7B-Instruct replicas=1
[2m2026-07-23T18:32:01.695387Z[0m [32m INFO[0m [2mvllm_coldstart_operator::fleet_controller[0m[2m:[0m FleetService 'exp-fleet': 1 slots placed (1 preserved, 0 newly planned) across 3 candidates
[2m2026-07-23T18:32:01.695540Z[0m [32m INFO[0m [2mvllm_coldstart_operator::fleet_controller[0m[2m:[0m reconciled FleetService exp-fleet
[2m2026-07-23T18:32:01.695580Z[0m [32m INFO[0m [2mvllm_coldstart_operator::fleet_controller[0m[2m:[0m reconciling FleetService 'exp-fleet' in 'default': model=Qwen/Qwen2.5-7B-Instruct replicas=1
[2m2026-07-23T18:32:02.204528Z[0m [32m INFO[0m [2mvllm_coldstart_operator::fleet_controller[0m[2m:[0m FleetService 'exp-fleet': 1 slots placed (1 preserved, 0 newly planned) across 3 candidates
[2m2026-07-23T18:32:02.205047Z[0m [32m INFO[0m [2mvllm_coldstart_operator::fleet_controller[0m[2m:[0m reconciled FleetService exp-fleet
[2m2026-07-23T18:32:02.205096Z[0m [32m INFO[0m [2mvllm_coldstart_operator::fleet_controller[0m[2m:[0m reconciling FleetService 'exp-fleet' in 'default': model=Qwen/Qwen2.5-7B-Instruct replicas=1
[2m2026-07-23T18:32:02.305930Z[0m [32m INFO[0m [2mvllm_coldstart_operator::fleet_controller[0m[2m:[0m FleetService 'exp-fleet': 1 slots placed (1 preserved, 0 newly planned) across 3 candidates
[2m2026-07-23T18:32:02.306145Z[0m [32m INFO[0m [2mvllm_coldstart_operator::fleet_controller[0m[2m:[0m reconciled FleetService exp-fleet
[2m2026-07-23T18:32:06.006900Z[0m [32m INFO[0m [2mvllm_coldstart_operator[0m[2m:[0m reconciling VllmService 'exp-fleet-0' in 'default': model=Qwen/Qwen2.5-7B-Instruct replicas=1 strategy=Eager
[2m2026-07-23T18:32:06.015740Z[0m [32m INFO[0m [2mvllm_coldstart_operator[0m[2m:[0m status of 'exp-fleet-0' -> Pending (0/1 ready)
[2m2026-07-23T18:32:06.015806Z[0m [32m INFO[0m [2mvllm_coldstart_operator[0m[2m:[0m reconciled exp-fleet-0
[2m2026-07-23T18:32:09.671413Z[0m [32m INFO[0m [2mvllm_coldstart_operator::fleet_controller[0m[2m:[0m reconciling FleetService 'exp-fleet' in 'default': model=Qwen/Qwen2.5-7B-Instruct replicas=1
[2m2026-07-23T18:32:09.987528Z[0m [32m INFO[0m [2mvllm_coldstart_operator::fleet_controller[0m[2m:[0m FleetService 'exp-fleet': preemption notice on '129-213-131-210' — rescheduling slot 0 to '157-151-148-27'
[2m2026-07-23T18:32:09.993118Z[0m [32m INFO[0m [2mvllm_coldstart_operator[0m[2m:[0m reconciling VllmService 'exp-fleet-0' in 'default': model=Qwen/Qwen2.5-7B-Instruct replicas=1 strategy=Eager
[2m2026-07-23T18:32:09.993910Z[0m [32m INFO[0m [2mvllm_coldstart_operator::fleet_controller[0m[2m:[0m FleetService 'exp-fleet': 1 slots placed (1 preserved, 0 newly planned) across 3 candidates
[2m2026-07-23T18:32:09.994168Z[0m [32m INFO[0m [2mvllm_coldstart_operator::fleet_controller[0m[2m:[0m reconciled FleetService exp-fleet
[2m2026-07-23T18:32:09.994212Z[0m [32m INFO[0m [2mvllm_coldstart_operator::fleet_controller[0m[2m:[0m reconciling FleetService 'exp-fleet' in 'default': model=Qwen/Qwen2.5-7B-Instruct replicas=1
[2m2026-07-23T18:32:10.002090Z[0m [32m INFO[0m [2mvllm_coldstart_operator[0m[2m:[0m status of 'exp-fleet-0' -> Pending (0/1 ready)
[2m2026-07-23T18:32:10.002140Z[0m [32m INFO[0m [2mvllm_coldstart_operator[0m[2m:[0m reconciled exp-fleet-0
[2m2026-07-23T18:32:10.002221Z[0m [32m INFO[0m [2mvllm_coldstart_operator[0m[2m:[0m reconciling VllmService 'exp-fleet-0' in 'default': model=Qwen/Qwen2.5-7B-Instruct replicas=1 strategy=Eager
[2m2026-07-23T18:32:10.011536Z[0m [32m INFO[0m [2mvllm_coldstart_operator[0m[2m:[0m status of 'exp-fleet-0' -> Pending (0/1 ready)
[2m2026-07-23T18:32:10.011582Z[0m [32m INFO[0m [2mvllm_coldstart_operator[0m[2m:[0m reconciled exp-fleet-0
[2m2026-07-23T18:32:10.011669Z[0m [32m INFO[0m [2mvllm_coldstart_operator[0m[2m:[0m reconciling VllmService 'exp-fleet-0' in 'default': model=Qwen/Qwen2.5-7B-Instruct replicas=1 strategy=Eager
[2m2026-07-23T18:32:10.018928Z[0m [32m INFO[0m [2mvllm_coldstart_operator[0m[2m:[0m status of 'exp-fleet-0' -> Pending (0/1 ready)
[2m2026-07-23T18:32:10.019031Z[0m [32m INFO[0m [2mvllm_coldstart_operator[0m[2m:[0m reconciled exp-fleet-0
[2m2026-07-23T18:32:10.157753Z[0m [32m INFO[0m [2mvllm_coldstart_operator[0m[2m:[0m reconciling VllmService 'exp-fleet-0' in 'default': model=Qwen/Qwen2.5-7B-Instruct replicas=1 strategy=Eager
[2m2026-07-23T18:32:10.165688Z[0m [32m INFO[0m [2mvllm_coldstart_operator[0m[2m:[0m status of 'exp-fleet-0' -> Pending (0/1 ready)
[2m2026-07-23T18:32:10.165753Z[0m [32m INFO[0m [2mvllm_coldstart_operator[0m[2m:[0m reconciled exp-fleet-0
[2m2026-07-23T18:32:10.216658Z[0m [32m INFO[0m [2mvllm_coldstart_operator::fleet_controller[0m[2m:[0m FleetService 'exp-fleet': 1 slots placed (1 preserved, 0 newly planned) across 3 candidates
[2m2026-07-23T18:32:10.216722Z[0m [32m INFO[0m [2mvllm_coldstart_operator::fleet_controller[0m[2m:[0m reconciled FleetService exp-fleet
[2m2026-07-23T18:32:10.218080Z[0m [32m INFO[0m [2mvllm_coldstart_operator::fleet_controller[0m[2m:[0m reconciling FleetService 'exp-fleet' in 'default': model=Qwen/Qwen2.5-7B-Instruct replicas=1
[2m2026-07-23T18:32:10.476757Z[0m [32m INFO[0m [2mvllm_coldstart_operator[0m[2m:[0m reconciling VllmService 'exp-fleet-0' in 'default': model=Qwen/Qwen2.5-7B-Instruct replicas=1 strategy=Eager
[2m2026-07-23T18:32:10.476842Z[0m [33m WARN[0m [2mvllm_coldstart_operator::fleet_controller[0m[2m:[0m FleetService 'exp-fleet' reconcile failed: Kube(Api(ErrorResponse { status: "Failure", message: "fleetservices.inference.michelecampi.dev \"exp-fleet\" not found", reason: "NotFound", code: 404 }))
[2m2026-07-23T18:32:10.476865Z[0m [33m WARN[0m [2mvllm_coldstart_operator::fleet_controller[0m[2m:[0m fleet reconcile loop error: ReconcilerFailed(Kube(Api(ErrorResponse { status: "Failure", message: "fleetservices.inference.michelecampi.dev \"exp-fleet\" not found", reason: "NotFound", code: 404 })), ObjectRef { dyntype: ApiResource { group: "inference.michelecampi.dev", version: "v1alpha1", api_version: "inference.michelecampi.dev/v1alpha1", kind: "FleetService", plural: "fleetservices" }, name: "exp-fleet", namespace: Some("default"), extra: Extra { resource_version: Some("5395"), uid: Some("581bd4f8-2f9f-434d-9a66-fda05a8225ce") } })
[2m2026-07-23T18:32:10.476886Z[0m [33m WARN[0m [2mvllm_coldstart_operator::fleet_controller[0m[2m:[0m fleet reconcile loop error: ObjectNotFound(ObjectRef { dyntype: ApiResource { group: "inference.michelecampi.dev", version: "v1alpha1", api_version: "inference.michelecampi.dev/v1alpha1", kind: "FleetService", plural: "fleetservices" }, name: "exp-fleet", namespace: Some("default"), extra: Extra { resource_version: None, uid: Some("581bd4f8-2f9f-434d-9a66-fda05a8225ce") } })
[2m2026-07-23T18:32:10.483856Z[0m [33m WARN[0m [2mvllm_coldstart_operator::fleet_controller[0m[2m:[0m fleet reconcile loop error: ObjectNotFound(ObjectRef { dyntype: ApiResource { group: "inference.michelecampi.dev", version: "v1alpha1", api_version: "inference.michelecampi.dev/v1alpha1", kind: "FleetService", plural: "fleetservices" }, name: "exp-fleet", namespace: Some("default"), extra: Extra { resource_version: None, uid: Some("581bd4f8-2f9f-434d-9a66-fda05a8225ce") } })
[2m2026-07-23T18:32:10.486657Z[0m [33m WARN[0m [2mvllm_coldstart_operator[0m[2m:[0m reconcile failed: Kube API error: ApiError: vllmservices.inference.michelecampi.dev "exp-fleet-0" not found: NotFound (ErrorResponse { status: "Failure", message: "vllmservices.inference.michelecampi.dev \"exp-fleet-0\" not found", reason: "NotFound", code: 404 })
[2m2026-07-23T18:32:10.486696Z[0m [33m WARN[0m [2mvllm_coldstart_operator[0m[2m:[0m reconcile loop error: ReconcilerFailed(Kube(Api(ErrorResponse { status: "Failure", message: "vllmservices.inference.michelecampi.dev \"exp-fleet-0\" not found", reason: "NotFound", code: 404 })), ObjectRef { dyntype: ApiResource { group: "inference.michelecampi.dev", version: "v1alpha1", api_version: "inference.michelecampi.dev/v1alpha1", kind: "VllmService", plural: "vllmservices" }, name: "exp-fleet-0", namespace: Some("default"), extra: Extra { resource_version: Some("5398"), uid: Some("1b270918-bc44-4b45-8260-dcc213392dfb") } })
[2m2026-07-23T18:32:10.486716Z[0m [33m WARN[0m [2mvllm_coldstart_operator[0m[2m:[0m reconcile loop error: ObjectNotFound(ObjectRef { dyntype: ApiResource { group: "inference.michelecampi.dev", version: "v1alpha1", api_version: "inference.michelecampi.dev/v1alpha1", kind: "VllmService", plural: "vllmservices" }, name: "exp-fleet-0", namespace: Some("default"), extra: Extra { resource_version: None, uid: Some("1b270918-bc44-4b45-8260-dcc213392dfb") } })
[2m2026-07-23T18:32:10.488459Z[0m [33m WARN[0m [2mvllm_coldstart_operator[0m[2m:[0m reconcile loop error: ObjectNotFound(ObjectRef { dyntype: ApiResource { group: "inference.michelecampi.dev", version: "v1alpha1", api_version: "inference.michelecampi.dev/v1alpha1", kind: "VllmService", plural: "vllmservices" }, name: "exp-fleet-0", namespace: Some("default"), extra: Extra { resource_version: None, uid: Some("1b270918-bc44-4b45-8260-dcc213392dfb") } })
[2m2026-07-23T18:32:10.494185Z[0m [33m WARN[0m [2mvllm_coldstart_operator[0m[2m:[0m reconcile loop error: ObjectNotFound(ObjectRef { dyntype: ApiResource { group: "inference.michelecampi.dev", version: "v1alpha1", api_version: "inference.michelecampi.dev/v1alpha1", kind: "VllmService", plural: "vllmservices" }, name: "exp-fleet-0", namespace: Some("default"), extra: Extra { resource_version: None, uid: Some("1b270918-bc44-4b45-8260-dcc213392dfb") } })
[2m2026-07-23T18:32:10.498966Z[0m [33m WARN[0m [2mvllm_coldstart_operator[0m[2m:[0m reconcile loop error: ObjectNotFound(ObjectRef { dyntype: ApiResource { group: "inference.michelecampi.dev", version: "v1alpha1", api_version: "inference.michelecampi.dev/v1alpha1", kind: "VllmService", plural: "vllmservices" }, name: "exp-fleet-0", namespace: Some("default"), extra: Extra { resource_version: None, uid: Some("1b270918-bc44-4b45-8260-dcc213392dfb") } })
[2m2026-07-23T18:32:10.499946Z[0m [33m WARN[0m [2mvllm_coldstart_operator[0m[2m:[0m reconcile loop error: ObjectNotFound(ObjectRef { dyntype: ApiResource { group: "inference.michelecampi.dev", version: "v1alpha1", api_version: "inference.michelecampi.dev/v1alpha1", kind: "VllmService", plural: "vllmservices" }, name: "exp-fleet-0", namespace: Some("default"), extra: Extra { resource_version: None, uid: Some("1b270918-bc44-4b45-8260-dcc213392dfb") } })
[2m2026-07-23T18:36:09.550610Z[0m [32m INFO[0m [2mvllm_coldstart_operator::fleet_controller[0m[2m:[0m reconciling FleetService 'exp-fleet' in 'default': model=Qwen/Qwen2.5-7B-Instruct replicas=1
[2m2026-07-23T18:36:10.218606Z[0m [32m INFO[0m [2mvllm_coldstart_operator[0m[2m:[0m reconciling VllmService 'exp-fleet-0' in 'default': model=Qwen/Qwen2.5-7B-Instruct replicas=1 strategy=Eager
[2m2026-07-23T18:36:10.220018Z[0m [32m INFO[0m [2mvllm_coldstart_operator::fleet_controller[0m[2m:[0m FleetService 'exp-fleet': 1 slots placed (0 preserved, 1 newly planned) across 3 candidates
[2m2026-07-23T18:36:10.220063Z[0m [32m INFO[0m [2mvllm_coldstart_operator::fleet_controller[0m[2m:[0m reconciled FleetService exp-fleet
[2m2026-07-23T18:36:10.220090Z[0m [32m INFO[0m [2mvllm_coldstart_operator::fleet_controller[0m[2m:[0m reconciling FleetService 'exp-fleet' in 'default': model=Qwen/Qwen2.5-7B-Instruct replicas=1
[2m2026-07-23T18:36:10.269493Z[0m [32m INFO[0m [2mvllm_coldstart_operator[0m[2m:[0m status of 'exp-fleet-0' -> Pending (0/1 ready)
[2m2026-07-23T18:36:10.269545Z[0m [32m INFO[0m [2mvllm_coldstart_operator[0m[2m:[0m reconciled exp-fleet-0
[2m2026-07-23T18:36:10.269586Z[0m [32m INFO[0m [2mvllm_coldstart_operator[0m[2m:[0m reconciling VllmService 'exp-fleet-0' in 'default': model=Qwen/Qwen2.5-7B-Instruct replicas=1 strategy=Eager
[2m2026-07-23T18:36:10.276813Z[0m [32m INFO[0m [2mvllm_coldstart_operator[0m[2m:[0m status of 'exp-fleet-0' -> Pending (0/1 ready)
[2m2026-07-23T18:36:10.276883Z[0m [32m INFO[0m [2mvllm_coldstart_operator[0m[2m:[0m reconciled exp-fleet-0
[2m2026-07-23T18:36:10.276925Z[0m [32m INFO[0m [2mvllm_coldstart_operator[0m[2m:[0m reconciling VllmService 'exp-fleet-0' in 'default': model=Qwen/Qwen2.5-7B-Instruct replicas=1 strategy=Eager
[2m2026-07-23T18:36:10.283912Z[0m [32m INFO[0m [2mvllm_coldstart_operator[0m[2m:[0m status of 'exp-fleet-0' -> Pending (0/1 ready)
[2m2026-07-23T18:36:10.283963Z[0m [32m INFO[0m [2mvllm_coldstart_operator[0m[2m:[0m reconciled exp-fleet-0
[2m2026-07-23T18:36:11.220492Z[0m [32m INFO[0m [2mvllm_coldstart_operator[0m[2m:[0m reconciling VllmService 'exp-fleet-0' in 'default': model=Qwen/Qwen2.5-7B-Instruct replicas=1 strategy=Eager
[2m2026-07-23T18:36:11.224520Z[0m [32m INFO[0m [2mvllm_coldstart_operator::fleet_controller[0m[2m:[0m FleetService 'exp-fleet': 1 slots placed (1 preserved, 0 newly planned) across 3 candidates
[2m2026-07-23T18:36:11.224594Z[0m [32m INFO[0m [2mvllm_coldstart_operator::fleet_controller[0m[2m:[0m reconciled FleetService exp-fleet
[2m2026-07-23T18:36:11.224639Z[0m [32m INFO[0m [2mvllm_coldstart_operator::fleet_controller[0m[2m:[0m reconciling FleetService 'exp-fleet' in 'default': model=Qwen/Qwen2.5-7B-Instruct replicas=1
[2m2026-07-23T18:36:11.227991Z[0m [32m INFO[0m [2mvllm_coldstart_operator[0m[2m:[0m status of 'exp-fleet-0' -> Pending (0/1 ready)
[2m2026-07-23T18:36:11.228057Z[0m [32m INFO[0m [2mvllm_coldstart_operator[0m[2m:[0m reconciled exp-fleet-0
[2m2026-07-23T18:36:11.627549Z[0m [32m INFO[0m [2mvllm_coldstart_operator::fleet_controller[0m[2m:[0m FleetService 'exp-fleet': 1 slots placed (1 preserved, 0 newly planned) across 3 candidates
[2m2026-07-23T18:36:11.627621Z[0m [32m INFO[0m [2mvllm_coldstart_operator::fleet_controller[0m[2m:[0m reconciled FleetService exp-fleet
[2m2026-07-23T18:36:16.229422Z[0m [32m INFO[0m [2mvllm_coldstart_operator[0m[2m:[0m reconciling VllmService 'exp-fleet-0' in 'default': model=Qwen/Qwen2.5-7B-Instruct replicas=1 strategy=Eager
[2m2026-07-23T18:36:16.238226Z[0m [32m INFO[0m [2mvllm_coldstart_operator[0m[2m:[0m status of 'exp-fleet-0' -> Pending (0/1 ready)
[2m2026-07-23T18:36:16.238289Z[0m [32m INFO[0m [2mvllm_coldstart_operator[0m[2m:[0m reconciled exp-fleet-0
[2m2026-07-23T18:36:16.908382Z[0m [32m INFO[0m [2mvllm_coldstart_operator::fleet_controller[0m[2m:[0m reconciling FleetService 'exp-fleet' in 'default': model=Qwen/Qwen2.5-7B-Instruct replicas=1
[2m2026-07-23T18:36:17.015458Z[0m [32m INFO[0m [2mvllm_coldstart_operator::fleet_controller[0m[2m:[0m FleetService 'exp-fleet': 1 slots placed (1 preserved, 0 newly planned) across 3 candidates
[2m2026-07-23T18:36:17.015550Z[0m [32m INFO[0m [2mvllm_coldstart_operator::fleet_controller[0m[2m:[0m reconciled FleetService exp-fleet
[2m2026-07-23T18:36:17.015661Z[0m [32m INFO[0m [2mvllm_coldstart_operator::fleet_controller[0m[2m:[0m reconciling FleetService 'exp-fleet' in 'default': model=Qwen/Qwen2.5-7B-Instruct replicas=1
[2m2026-07-23T18:36:17.154040Z[0m [32m INFO[0m [2mvllm_coldstart_operator::fleet_controller[0m[2m:[0m FleetService 'exp-fleet': 1 slots placed (1 preserved, 0 newly planned) across 3 candidates
[2m2026-07-23T18:36:17.154273Z[0m [32m INFO[0m [2mvllm_coldstart_operator::fleet_controller[0m[2m:[0m reconciled FleetService exp-fleet
[2m2026-07-23T18:36:17.555669Z[0m [32m INFO[0m [2mvllm_coldstart_operator::fleet_controller[0m[2m:[0m reconciling FleetService 'exp-fleet' in 'default': model=Qwen/Qwen2.5-7B-Instruct replicas=1
[2m2026-07-23T18:36:18.217429Z[0m [32m INFO[0m [2mvllm_coldstart_operator::fleet_controller[0m[2m:[0m FleetService 'exp-fleet': 1 slots placed (1 preserved, 0 newly planned) across 3 candidates
[2m2026-07-23T18:36:18.217594Z[0m [32m INFO[0m [2mvllm_coldstart_operator::fleet_controller[0m[2m:[0m reconciled FleetService exp-fleet
[2m2026-07-23T18:36:21.239806Z[0m [32m INFO[0m [2mvllm_coldstart_operator[0m[2m:[0m reconciling VllmService 'exp-fleet-0' in 'default': model=Qwen/Qwen2.5-7B-Instruct replicas=1 strategy=Eager
[2m2026-07-23T18:36:21.248593Z[0m [32m INFO[0m [2mvllm_coldstart_operator[0m[2m:[0m status of 'exp-fleet-0' -> Pending (0/1 ready)
[2m2026-07-23T18:36:21.248658Z[0m [32m INFO[0m [2mvllm_coldstart_operator[0m[2m:[0m reconciled exp-fleet-0
[2m2026-07-23T18:36:26.249872Z[0m [32m INFO[0m [2mvllm_coldstart_operator[0m[2m:[0m reconciling VllmService 'exp-fleet-0' in 'default': model=Qwen/Qwen2.5-7B-Instruct replicas=1 strategy=Eager
[2m2026-07-23T18:36:26.258673Z[0m [32m INFO[0m [2mvllm_coldstart_operator[0m[2m:[0m status of 'exp-fleet-0' -> Pending (0/1 ready)
[2m2026-07-23T18:36:26.258737Z[0m [32m INFO[0m [2mvllm_coldstart_operator[0m[2m:[0m reconciled exp-fleet-0
[2m2026-07-23T18:36:31.260052Z[0m [32m INFO[0m [2mvllm_coldstart_operator[0m[2m:[0m reconciling VllmService 'exp-fleet-0' in 'default': model=Qwen/Qwen2.5-7B-Instruct replicas=1 strategy=Eager
[2m2026-07-23T18:36:31.268730Z[0m [32m INFO[0m [2mvllm_coldstart_operator[0m[2m:[0m status of 'exp-fleet-0' -> Pending (0/1 ready)
[2m2026-07-23T18:36:31.268790Z[0m [32m INFO[0m [2mvllm_coldstart_operator[0m[2m:[0m reconciled exp-fleet-0
[2m2026-07-23T18:36:31.926848Z[0m [32m INFO[0m [2mvllm_coldstart_operator::fleet_controller[0m[2m:[0m reconciling FleetService 'exp-fleet' in 'default': model=Qwen/Qwen2.5-7B-Instruct replicas=1
[2m2026-07-23T18:36:32.034176Z[0m [32m INFO[0m [2mvllm_coldstart_operator::fleet_controller[0m[2m:[0m FleetService 'exp-fleet': 1 slots placed (1 preserved, 0 newly planned) across 3 candidates
[2m2026-07-23T18:36:32.034265Z[0m [32m INFO[0m [2mvllm_coldstart_operator::fleet_controller[0m[2m:[0m reconciled FleetService exp-fleet
[2m2026-07-23T18:36:32.034368Z[0m [32m INFO[0m [2mvllm_coldstart_operator::fleet_controller[0m[2m:[0m reconciling FleetService 'exp-fleet' in 'default': model=Qwen/Qwen2.5-7B-Instruct replicas=1
[2m2026-07-23T18:36:32.154605Z[0m [32m INFO[0m [2mvllm_coldstart_operator::fleet_controller[0m[2m:[0m FleetService 'exp-fleet': 1 slots placed (1 preserved, 0 newly planned) across 3 candidates
[2m2026-07-23T18:36:32.154715Z[0m [32m INFO[0m [2mvllm_coldstart_operator::fleet_controller[0m[2m:[0m reconciled FleetService exp-fleet
[2m2026-07-23T18:36:32.573646Z[0m [32m INFO[0m [2mvllm_coldstart_operator::fleet_controller[0m[2m:[0m reconciling FleetService 'exp-fleet' in 'default': model=Qwen/Qwen2.5-7B-Instruct replicas=1
[2m2026-07-23T18:36:33.217003Z[0m [32m INFO[0m [2mvllm_coldstart_operator::fleet_controller[0m[2m:[0m FleetService 'exp-fleet': 1 slots placed (1 preserved, 0 newly planned) across 3 candidates
[2m2026-07-23T18:36:33.217120Z[0m [32m INFO[0m [2mvllm_coldstart_operator::fleet_controller[0m[2m:[0m reconciled FleetService exp-fleet
[2m2026-07-23T18:36:36.270337Z[0m [32m INFO[0m [2mvllm_coldstart_operator[0m[2m:[0m reconciling VllmService 'exp-fleet-0' in 'default': model=Qwen/Qwen2.5-7B-Instruct replicas=1 strategy=Eager
[2m2026-07-23T18:36:36.279020Z[0m [32m INFO[0m [2mvllm_coldstart_operator[0m[2m:[0m status of 'exp-fleet-0' -> Pending (0/1 ready)
[2m2026-07-23T18:36:36.279087Z[0m [32m INFO[0m [2mvllm_coldstart_operator[0m[2m:[0m reconciled exp-fleet-0
[2m2026-07-23T18:36:41.280309Z[0m [32m INFO[0m [2mvllm_coldstart_operator[0m[2m:[0m reconciling VllmService 'exp-fleet-0' in 'default': model=Qwen/Qwen2.5-7B-Instruct replicas=1 strategy=Eager
[2m2026-07-23T18:36:41.289517Z[0m [32m INFO[0m [2mvllm_coldstart_operator[0m[2m:[0m status of 'exp-fleet-0' -> Pending (0/1 ready)
[2m2026-07-23T18:36:41.289576Z[0m [32m INFO[0m [2mvllm_coldstart_operator[0m[2m:[0m reconciled exp-fleet-0
[2m2026-07-23T18:36:46.290905Z[0m [32m INFO[0m [2mvllm_coldstart_operator[0m[2m:[0m reconciling VllmService 'exp-fleet-0' in 'default': model=Qwen/Qwen2.5-7B-Instruct replicas=1 strategy=Eager
[2m2026-07-23T18:36:46.299547Z[0m [32m INFO[0m [2mvllm_coldstart_operator[0m[2m:[0m status of 'exp-fleet-0' -> Pending (0/1 ready)
[2m2026-07-23T18:36:46.299596Z[0m [32m INFO[0m [2mvllm_coldstart_operator[0m[2m:[0m reconciled exp-fleet-0
[2m2026-07-23T18:36:46.946103Z[0m [32m INFO[0m [2mvllm_coldstart_operator::fleet_controller[0m[2m:[0m reconciling FleetService 'exp-fleet' in 'default': model=Qwen/Qwen2.5-7B-Instruct replicas=1
[2m2026-07-23T18:36:47.052444Z[0m [32m INFO[0m [2mvllm_coldstart_operator::fleet_controller[0m[2m:[0m FleetService 'exp-fleet': 1 slots placed (1 preserved, 0 newly planned) across 3 candidates
[2m2026-07-23T18:36:47.052518Z[0m [32m INFO[0m [2mvllm_coldstart_operator::fleet_controller[0m[2m:[0m reconciled FleetService exp-fleet
[2m2026-07-23T18:36:47.052661Z[0m [32m INFO[0m [2mvllm_coldstart_operator::fleet_controller[0m[2m:[0m reconciling FleetService 'exp-fleet' in 'default': model=Qwen/Qwen2.5-7B-Instruct replicas=1
[2m2026-07-23T18:36:47.154351Z[0m [32m INFO[0m [2mvllm_coldstart_operator::fleet_controller[0m[2m:[0m FleetService 'exp-fleet': 1 slots placed (1 preserved, 0 newly planned) across 3 candidates
[2m2026-07-23T18:36:47.154524Z[0m [32m INFO[0m [2mvllm_coldstart_operator::fleet_controller[0m[2m:[0m reconciled FleetService exp-fleet
[2m2026-07-23T18:36:47.591740Z[0m [32m INFO[0m [2mvllm_coldstart_operator::fleet_controller[0m[2m:[0m reconciling FleetService 'exp-fleet' in 'default': model=Qwen/Qwen2.5-7B-Instruct replicas=1
[2m2026-07-23T18:36:48.217639Z[0m [32m INFO[0m [2mvllm_coldstart_operator::fleet_controller[0m[2m:[0m FleetService 'exp-fleet': 1 slots placed (1 preserved, 0 newly planned) across 3 candidates
[2m2026-07-23T18:36:48.217842Z[0m [32m INFO[0m [2mvllm_coldstart_operator::fleet_controller[0m[2m:[0m reconciled FleetService exp-fleet
[2m2026-07-23T18:36:51.300963Z[0m [32m INFO[0m [2mvllm_coldstart_operator[0m[2m:[0m reconciling VllmService 'exp-fleet-0' in 'default': model=Qwen/Qwen2.5-7B-Instruct replicas=1 strategy=Eager
[2m2026-07-23T18:36:51.309682Z[0m [32m INFO[0m [2mvllm_coldstart_operator[0m[2m:[0m status of 'exp-fleet-0' -> Pending (0/1 ready)
[2m2026-07-23T18:36:51.309733Z[0m [32m INFO[0m [2mvllm_coldstart_operator[0m[2m:[0m reconciled exp-fleet-0
[2m2026-07-23T18:36:56.310953Z[0m [32m INFO[0m [2mvllm_coldstart_operator[0m[2m:[0m reconciling VllmService 'exp-fleet-0' in 'default': model=Qwen/Qwen2.5-7B-Instruct replicas=1 strategy=Eager
[2m2026-07-23T18:36:56.321064Z[0m [32m INFO[0m [2mvllm_coldstart_operator[0m[2m:[0m status of 'exp-fleet-0' -> Pending (0/1 ready)
[2m2026-07-23T18:36:56.321122Z[0m [32m INFO[0m [2mvllm_coldstart_operator[0m[2m:[0m reconciled exp-fleet-0
[2m2026-07-23T18:37:01.323346Z[0m [32m INFO[0m [2mvllm_coldstart_operator[0m[2m:[0m reconciling VllmService 'exp-fleet-0' in 'default': model=Qwen/Qwen2.5-7B-Instruct replicas=1 strategy=Eager
[2m2026-07-23T18:37:01.332823Z[0m [32m INFO[0m [2mvllm_coldstart_operator[0m[2m:[0m status of 'exp-fleet-0' -> Pending (0/1 ready)
[2m2026-07-23T18:37:01.333001Z[0m [32m INFO[0m [2mvllm_coldstart_operator[0m[2m:[0m reconciled exp-fleet-0
[2m2026-07-23T18:37:01.965359Z[0m [32m INFO[0m [2mvllm_coldstart_operator::fleet_controller[0m[2m:[0m reconciling FleetService 'exp-fleet' in 'default': model=Qwen/Qwen2.5-7B-Instruct replicas=1
[2m2026-07-23T18:37:02.070738Z[0m [32m INFO[0m [2mvllm_coldstart_operator::fleet_controller[0m[2m:[0m FleetService 'exp-fleet': 1 slots placed (1 preserved, 0 newly planned) across 3 candidates
[2m2026-07-23T18:37:02.070814Z[0m [32m INFO[0m [2mvllm_coldstart_operator::fleet_controller[0m[2m:[0m reconciled FleetService exp-fleet
[2m2026-07-23T18:37:02.070852Z[0m [32m INFO[0m [2mvllm_coldstart_operator::fleet_controller[0m[2m:[0m reconciling FleetService 'exp-fleet' in 'default': model=Qwen/Qwen2.5-7B-Instruct replicas=1
[2m2026-07-23T18:37:02.154682Z[0m [32m INFO[0m [2mvllm_coldstart_operator::fleet_controller[0m[2m:[0m FleetService 'exp-fleet': 1 slots placed (1 preserved, 0 newly planned) across 3 candidates
[2m2026-07-23T18:37:02.154781Z[0m [32m INFO[0m [2mvllm_coldstart_operator::fleet_controller[0m[2m:[0m reconciled FleetService exp-fleet
[2m2026-07-23T18:37:02.693512Z[0m [32m INFO[0m [2mvllm_coldstart_operator::fleet_controller[0m[2m:[0m reconciling FleetService 'exp-fleet' in 'default': model=Qwen/Qwen2.5-7B-Instruct replicas=1
[2m2026-07-23T18:37:03.132357Z[0m [32m INFO[0m [2mvllm_coldstart_operator::fleet_controller[0m[2m:[0m FleetService 'exp-fleet': 1 slots placed (1 preserved, 0 newly planned) across 3 candidates
[2m2026-07-23T18:37:03.132475Z[0m [32m INFO[0m [2mvllm_coldstart_operator::fleet_controller[0m[2m:[0m reconciled FleetService exp-fleet
[2m2026-07-23T18:37:06.334045Z[0m [32m INFO[0m [2mvllm_coldstart_operator[0m[2m:[0m reconciling VllmService 'exp-fleet-0' in 'default': model=Qwen/Qwen2.5-7B-Instruct replicas=1 strategy=Eager
[2m2026-07-23T18:37:06.342731Z[0m [32m INFO[0m [2mvllm_coldstart_operator[0m[2m:[0m status of 'exp-fleet-0' -> Pending (0/1 ready)
[2m2026-07-23T18:37:06.342817Z[0m [32m INFO[0m [2mvllm_coldstart_operator[0m[2m:[0m reconciled exp-fleet-0
[2m2026-07-23T18:37:11.344269Z[0m [32m INFO[0m [2mvllm_coldstart_operator[0m[2m:[0m reconciling VllmService 'exp-fleet-0' in 'default': model=Qwen/Qwen2.5-7B-Instruct replicas=1 strategy=Eager
[2m2026-07-23T18:37:11.352943Z[0m [32m INFO[0m [2mvllm_coldstart_operator[0m[2m:[0m status of 'exp-fleet-0' -> Pending (0/1 ready)
[2m2026-07-23T18:37:11.353009Z[0m [32m INFO[0m [2mvllm_coldstart_operator[0m[2m:[0m reconciled exp-fleet-0
[2m2026-07-23T18:37:16.358166Z[0m [32m INFO[0m [2mvllm_coldstart_operator[0m[2m:[0m reconciling VllmService 'exp-fleet-0' in 'default': model=Qwen/Qwen2.5-7B-Instruct replicas=1 strategy=Eager
[2m2026-07-23T18:37:16.366391Z[0m [32m INFO[0m [2mvllm_coldstart_operator[0m[2m:[0m status of 'exp-fleet-0' -> Pending (0/1 ready)
[2m2026-07-23T18:37:16.366453Z[0m [32m INFO[0m [2mvllm_coldstart_operator[0m[2m:[0m reconciled exp-fleet-0
[2m2026-07-23T18:37:16.982674Z[0m [32m INFO[0m [2mvllm_coldstart_operator::fleet_controller[0m[2m:[0m reconciling FleetService 'exp-fleet' in 'default': model=Qwen/Qwen2.5-7B-Instruct replicas=1
[2m2026-07-23T18:37:17.090157Z[0m [32m INFO[0m [2mvllm_coldstart_operator::fleet_controller[0m[2m:[0m FleetService 'exp-fleet': 1 slots placed (1 preserved, 0 newly planned) across 3 candidates
[2m2026-07-23T18:37:17.090249Z[0m [32m INFO[0m [2mvllm_coldstart_operator::fleet_controller[0m[2m:[0m reconciled FleetService exp-fleet
[2m2026-07-23T18:37:17.090288Z[0m [32m INFO[0m [2mvllm_coldstart_operator::fleet_controller[0m[2m:[0m reconciling FleetService 'exp-fleet' in 'default': model=Qwen/Qwen2.5-7B-Instruct replicas=1
[2m2026-07-23T18:37:17.155455Z[0m [32m INFO[0m [2mvllm_coldstart_operator::fleet_controller[0m[2m:[0m FleetService 'exp-fleet': 1 slots placed (1 preserved, 0 newly planned) across 3 candidates
[2m2026-07-23T18:37:17.155565Z[0m [32m INFO[0m [2mvllm_coldstart_operator::fleet_controller[0m[2m:[0m reconciled FleetService exp-fleet
[2m2026-07-23T18:37:17.710708Z[0m [32m INFO[0m [2mvllm_coldstart_operator::fleet_controller[0m[2m:[0m reconciling FleetService 'exp-fleet' in 'default': model=Qwen/Qwen2.5-7B-Instruct replicas=1
[2m2026-07-23T18:37:18.217146Z[0m [32m INFO[0m [2mvllm_coldstart_operator::fleet_controller[0m[2m:[0m FleetService 'exp-fleet': 1 slots placed (1 preserved, 0 newly planned) across 3 candidates
[2m2026-07-23T18:37:18.217264Z[0m [32m INFO[0m [2mvllm_coldstart_operator::fleet_controller[0m[2m:[0m reconciled FleetService exp-fleet
[2m2026-07-23T18:37:21.367644Z[0m [32m INFO[0m [2mvllm_coldstart_operator[0m[2m:[0m reconciling VllmService 'exp-fleet-0' in 'default': model=Qwen/Qwen2.5-7B-Instruct replicas=1 strategy=Eager
[2m2026-07-23T18:37:21.376478Z[0m [32m INFO[0m [2mvllm_coldstart_operator[0m[2m:[0m status of 'exp-fleet-0' -> Pending (0/1 ready)
[2m2026-07-23T18:37:21.376537Z[0m [32m INFO[0m [2mvllm_coldstart_operator[0m[2m:[0m reconciled exp-fleet-0
[2m2026-07-23T18:37:26.377788Z[0m [32m INFO[0m [2mvllm_coldstart_operator[0m[2m:[0m reconciling VllmService 'exp-fleet-0' in 'default': model=Qwen/Qwen2.5-7B-Instruct replicas=1 strategy=Eager
[2m2026-07-23T18:37:26.386631Z[0m [32m INFO[0m [2mvllm_coldstart_operator[0m[2m:[0m status of 'exp-fleet-0' -> Pending (0/1 ready)
[2m2026-07-23T18:37:26.386700Z[0m [32m INFO[0m [2mvllm_coldstart_operator[0m[2m:[0m reconciled exp-fleet-0
[2m2026-07-23T18:37:31.387877Z[0m [32m INFO[0m [2mvllm_coldstart_operator[0m[2m:[0m reconciling VllmService 'exp-fleet-0' in 'default': model=Qwen/Qwen2.5-7B-Instruct replicas=1 strategy=Eager
[2m2026-07-23T18:37:31.396539Z[0m [32m INFO[0m [2mvllm_coldstart_operator[0m[2m:[0m status of 'exp-fleet-0' -> Pending (0/1 ready)
[2m2026-07-23T18:37:31.396603Z[0m [32m INFO[0m [2mvllm_coldstart_operator[0m[2m:[0m reconciled exp-fleet-0
[2m2026-07-23T18:37:32.003390Z[0m [32m INFO[0m [2mvllm_coldstart_operator::fleet_controller[0m[2m:[0m reconciling FleetService 'exp-fleet' in 'default': model=Qwen/Qwen2.5-7B-Instruct replicas=1
[2m2026-07-23T18:37:32.107492Z[0m [32m INFO[0m [2mvllm_coldstart_operator::fleet_controller[0m[2m:[0m FleetService 'exp-fleet': 1 slots placed (1 preserved, 0 newly planned) across 3 candidates
[2m2026-07-23T18:37:32.107571Z[0m [32m INFO[0m [2mvllm_coldstart_operator::fleet_controller[0m[2m:[0m reconciled FleetService exp-fleet
[2m2026-07-23T18:37:32.107710Z[0m [32m INFO[0m [2mvllm_coldstart_operator::fleet_controller[0m[2m:[0m reconciling FleetService 'exp-fleet' in 'default': model=Qwen/Qwen2.5-7B-Instruct replicas=1
[2m2026-07-23T18:37:32.216878Z[0m [32m INFO[0m [2mvllm_coldstart_operator::fleet_controller[0m[2m:[0m FleetService 'exp-fleet': 1 slots placed (1 preserved, 0 newly planned) across 3 candidates
[2m2026-07-23T18:37:32.217012Z[0m [32m INFO[0m [2mvllm_coldstart_operator::fleet_controller[0m[2m:[0m reconciled FleetService exp-fleet
[2m2026-07-23T18:37:32.727266Z[0m [32m INFO[0m [2mvllm_coldstart_operator::fleet_controller[0m[2m:[0m reconciling FleetService 'exp-fleet' in 'default': model=Qwen/Qwen2.5-7B-Instruct replicas=1
[2m2026-07-23T18:37:33.216910Z[0m [32m INFO[0m [2mvllm_coldstart_operator::fleet_controller[0m[2m:[0m FleetService 'exp-fleet': 1 slots placed (1 preserved, 0 newly planned) across 3 candidates
[2m2026-07-23T18:37:33.217038Z[0m [32m INFO[0m [2mvllm_coldstart_operator::fleet_controller[0m[2m:[0m reconciled FleetService exp-fleet
[2m2026-07-23T18:37:36.397527Z[0m [32m INFO[0m [2mvllm_coldstart_operator[0m[2m:[0m reconciling VllmService 'exp-fleet-0' in 'default': model=Qwen/Qwen2.5-7B-Instruct replicas=1 strategy=Eager
[2m2026-07-23T18:37:36.406168Z[0m [32m INFO[0m [2mvllm_coldstart_operator[0m[2m:[0m status of 'exp-fleet-0' -> Pending (0/1 ready)
[2m2026-07-23T18:37:36.406226Z[0m [32m INFO[0m [2mvllm_coldstart_operator[0m[2m:[0m reconciled exp-fleet-0
[2m2026-07-23T18:37:41.408062Z[0m [32m INFO[0m [2mvllm_coldstart_operator[0m[2m:[0m reconciling VllmService 'exp-fleet-0' in 'default': model=Qwen/Qwen2.5-7B-Instruct replicas=1 strategy=Eager
[2m2026-07-23T18:37:41.416821Z[0m [32m INFO[0m [2mvllm_coldstart_operator[0m[2m:[0m status of 'exp-fleet-0' -> Pending (0/1 ready)
[2m2026-07-23T18:37:41.416882Z[0m [32m INFO[0m [2mvllm_coldstart_operator[0m[2m:[0m reconciled exp-fleet-0
[2m2026-07-23T18:37:46.417908Z[0m [32m INFO[0m [2mvllm_coldstart_operator[0m[2m:[0m reconciling VllmService 'exp-fleet-0' in 'default': model=Qwen/Qwen2.5-7B-Instruct replicas=1 strategy=Eager
[2m2026-07-23T18:37:46.426792Z[0m [32m INFO[0m [2mvllm_coldstart_operator[0m[2m:[0m status of 'exp-fleet-0' -> Pending (0/1 ready)
[2m2026-07-23T18:37:46.426933Z[0m [32m INFO[0m [2mvllm_coldstart_operator[0m[2m:[0m reconciled exp-fleet-0
[2m2026-07-23T18:37:47.020627Z[0m [32m INFO[0m [2mvllm_coldstart_operator::fleet_controller[0m[2m:[0m reconciling FleetService 'exp-fleet' in 'default': model=Qwen/Qwen2.5-7B-Instruct replicas=1
[2m2026-07-23T18:37:47.125850Z[0m [32m INFO[0m [2mvllm_coldstart_operator::fleet_controller[0m[2m:[0m FleetService 'exp-fleet': 1 slots placed (1 preserved, 0 newly planned) across 3 candidates
[2m2026-07-23T18:37:47.125933Z[0m [32m INFO[0m [2mvllm_coldstart_operator::fleet_controller[0m[2m:[0m reconciled FleetService exp-fleet
[2m2026-07-23T18:37:47.126070Z[0m [32m INFO[0m [2mvllm_coldstart_operator::fleet_controller[0m[2m:[0m reconciling FleetService 'exp-fleet' in 'default': model=Qwen/Qwen2.5-7B-Instruct replicas=1
[2m2026-07-23T18:37:47.216432Z[0m [32m INFO[0m [2mvllm_coldstart_operator::fleet_controller[0m[2m:[0m FleetService 'exp-fleet': 1 slots placed (1 preserved, 0 newly planned) across 3 candidates
[2m2026-07-23T18:37:47.216596Z[0m [32m INFO[0m [2mvllm_coldstart_operator::fleet_controller[0m[2m:[0m reconciled FleetService exp-fleet
[2m2026-07-23T18:37:47.742964Z[0m [32m INFO[0m [2mvllm_coldstart_operator::fleet_controller[0m[2m:[0m reconciling FleetService 'exp-fleet' in 'default': model=Qwen/Qwen2.5-7B-Instruct replicas=1
[2m2026-07-23T18:37:48.217063Z[0m [32m INFO[0m [2mvllm_coldstart_operator::fleet_controller[0m[2m:[0m FleetService 'exp-fleet': 1 slots placed (1 preserved, 0 newly planned) across 3 candidates
[2m2026-07-23T18:37:48.217298Z[0m [32m INFO[0m [2mvllm_coldstart_operator::fleet_controller[0m[2m:[0m reconciled FleetService exp-fleet
[2m2026-07-23T18:37:51.427692Z[0m [32m INFO[0m [2mvllm_coldstart_operator[0m[2m:[0m reconciling VllmService 'exp-fleet-0' in 'default': model=Qwen/Qwen2.5-7B-Instruct replicas=1 strategy=Eager
[2m2026-07-23T18:37:51.436463Z[0m [32m INFO[0m [2mvllm_coldstart_operator[0m[2m:[0m status of 'exp-fleet-0' -> Pending (0/1 ready)
[2m2026-07-23T18:37:51.436516Z[0m [32m INFO[0m [2mvllm_coldstart_operator[0m[2m:[0m reconciled exp-fleet-0
[2m2026-07-23T18:37:56.437716Z[0m [32m INFO[0m [2mvllm_coldstart_operator[0m[2m:[0m reconciling VllmService 'exp-fleet-0' in 'default': model=Qwen/Qwen2.5-7B-Instruct replicas=1 strategy=Eager
[2m2026-07-23T18:37:56.446514Z[0m [32m INFO[0m [2mvllm_coldstart_operator[0m[2m:[0m status of 'exp-fleet-0' -> Pending (0/1 ready)
[2m2026-07-23T18:37:56.446563Z[0m [32m INFO[0m [2mvllm_coldstart_operator[0m[2m:[0m reconciled exp-fleet-0
[2m2026-07-23T18:38:01.447736Z[0m [32m INFO[0m [2mvllm_coldstart_operator[0m[2m:[0m reconciling VllmService 'exp-fleet-0' in 'default': model=Qwen/Qwen2.5-7B-Instruct replicas=1 strategy=Eager
[2m2026-07-23T18:38:01.458163Z[0m [32m INFO[0m [2mvllm_coldstart_operator[0m[2m:[0m status of 'exp-fleet-0' -> Pending (0/1 ready)
[2m2026-07-23T18:38:01.458221Z[0m [32m INFO[0m [2mvllm_coldstart_operator[0m[2m:[0m reconciled exp-fleet-0
[2m2026-07-23T18:38:02.039174Z[0m [32m INFO[0m [2mvllm_coldstart_operator::fleet_controller[0m[2m:[0m reconciling FleetService 'exp-fleet' in 'default': model=Qwen/Qwen2.5-7B-Instruct replicas=1
[2m2026-07-23T18:38:02.144289Z[0m [32m INFO[0m [2mvllm_coldstart_operator::fleet_controller[0m[2m:[0m FleetService 'exp-fleet': 1 slots placed (1 preserved, 0 newly planned) across 3 candidates
[2m2026-07-23T18:38:02.144514Z[0m [32m INFO[0m [2mvllm_coldstart_operator::fleet_controller[0m[2m:[0m reconciled FleetService exp-fleet
[2m2026-07-23T18:38:02.144590Z[0m [32m INFO[0m [2mvllm_coldstart_operator::fleet_controller[0m[2m:[0m reconciling FleetService 'exp-fleet' in 'default': model=Qwen/Qwen2.5-7B-Instruct replicas=1
[2m2026-07-23T18:38:02.216077Z[0m [32m INFO[0m [2mvllm_coldstart_operator::fleet_controller[0m[2m:[0m FleetService 'exp-fleet': 1 slots placed (1 preserved, 0 newly planned) across 3 candidates
[2m2026-07-23T18:38:02.216294Z[0m [32m INFO[0m [2mvllm_coldstart_operator::fleet_controller[0m[2m:[0m reconciled FleetService exp-fleet
[2m2026-07-23T18:38:02.759179Z[0m [32m INFO[0m [2mvllm_coldstart_operator::fleet_controller[0m[2m:[0m reconciling FleetService 'exp-fleet' in 'default': model=Qwen/Qwen2.5-7B-Instruct replicas=1
[2m2026-07-23T18:38:02.860297Z[0m [32m INFO[0m [2mvllm_coldstart_operator::fleet_controller[0m[2m:[0m FleetService 'exp-fleet': 1 slots placed (1 preserved, 0 newly planned) across 3 candidates
[2m2026-07-23T18:38:02.860464Z[0m [32m INFO[0m [2mvllm_coldstart_operator::fleet_controller[0m[2m:[0m reconciled FleetService exp-fleet
[2m2026-07-23T18:38:06.460132Z[0m [32m INFO[0m [2mvllm_coldstart_operator[0m[2m:[0m reconciling VllmService 'exp-fleet-0' in 'default': model=Qwen/Qwen2.5-7B-Instruct replicas=1 strategy=Eager
[2m2026-07-23T18:38:06.468988Z[0m [32m INFO[0m [2mvllm_coldstart_operator[0m[2m:[0m status of 'exp-fleet-0' -> Pending (0/1 ready)
[2m2026-07-23T18:38:06.469127Z[0m [32m INFO[0m [2mvllm_coldstart_operator[0m[2m:[0m reconciled exp-fleet-0
[2m2026-07-23T18:38:11.471401Z[0m [32m INFO[0m [2mvllm_coldstart_operator[0m[2m:[0m reconciling VllmService 'exp-fleet-0' in 'default': model=Qwen/Qwen2.5-7B-Instruct replicas=1 strategy=Eager
[2m2026-07-23T18:38:11.480753Z[0m [32m INFO[0m [2mvllm_coldstart_operator[0m[2m:[0m status of 'exp-fleet-0' -> Pending (0/1 ready)
[2m2026-07-23T18:38:11.480885Z[0m [32m INFO[0m [2mvllm_coldstart_operator[0m[2m:[0m reconciled exp-fleet-0
[2m2026-07-23T18:38:16.482052Z[0m [32m INFO[0m [2mvllm_coldstart_operator[0m[2m:[0m reconciling VllmService 'exp-fleet-0' in 'default': model=Qwen/Qwen2.5-7B-Instruct replicas=1 strategy=Eager
[2m2026-07-23T18:38:16.490450Z[0m [32m INFO[0m [2mvllm_coldstart_operator[0m[2m:[0m status of 'exp-fleet-0' -> Pending (0/1 ready)
[2m2026-07-23T18:38:16.490502Z[0m [32m INFO[0m [2mvllm_coldstart_operator[0m[2m:[0m reconciled exp-fleet-0
[2m2026-07-23T18:38:17.058507Z[0m [32m INFO[0m [2mvllm_coldstart_operator::fleet_controller[0m[2m:[0m reconciling FleetService 'exp-fleet' in 'default': model=Qwen/Qwen2.5-7B-Instruct replicas=1
[2m2026-07-23T18:38:17.162544Z[0m [32m INFO[0m [2mvllm_coldstart_operator::fleet_controller[0m[2m:[0m FleetService 'exp-fleet': 1 slots placed (1 preserved, 0 newly planned) across 3 candidates
[2m2026-07-23T18:38:17.162618Z[0m [32m INFO[0m [2mvllm_coldstart_operator::fleet_controller[0m[2m:[0m reconciled FleetService exp-fleet
[2m2026-07-23T18:38:17.162759Z[0m [32m INFO[0m [2mvllm_coldstart_operator::fleet_controller[0m[2m:[0m reconciling FleetService 'exp-fleet' in 'default': model=Qwen/Qwen2.5-7B-Instruct replicas=1
[2m2026-07-23T18:38:17.216546Z[0m [32m INFO[0m [2mvllm_coldstart_operator::fleet_controller[0m[2m:[0m FleetService 'exp-fleet': 1 slots placed (1 preserved, 0 newly planned) across 3 candidates
[2m2026-07-23T18:38:17.216691Z[0m [32m INFO[0m [2mvllm_coldstart_operator::fleet_controller[0m[2m:[0m reconciled FleetService exp-fleet
[2m2026-07-23T18:38:17.775801Z[0m [32m INFO[0m [2mvllm_coldstart_operator::fleet_controller[0m[2m:[0m reconciling FleetService 'exp-fleet' in 'default': model=Qwen/Qwen2.5-7B-Instruct replicas=1
[2m2026-07-23T18:38:18.098588Z[0m [32m INFO[0m [2mvllm_coldstart_operator::fleet_controller[0m[2m:[0m FleetService 'exp-fleet': 1 slots placed (1 preserved, 0 newly planned) across 3 candidates
[2m2026-07-23T18:38:18.098667Z[0m [32m INFO[0m [2mvllm_coldstart_operator::fleet_controller[0m[2m:[0m reconciled FleetService exp-fleet
[2m2026-07-23T18:38:21.492122Z[0m [32m INFO[0m [2mvllm_coldstart_operator[0m[2m:[0m reconciling VllmService 'exp-fleet-0' in 'default': model=Qwen/Qwen2.5-7B-Instruct replicas=1 strategy=Eager
[2m2026-07-23T18:38:21.501396Z[0m [32m INFO[0m [2mvllm_coldstart_operator[0m[2m:[0m status of 'exp-fleet-0' -> Pending (0/1 ready)
[2m2026-07-23T18:38:21.501460Z[0m [32m INFO[0m [2mvllm_coldstart_operator[0m[2m:[0m reconciled exp-fleet-0
[2m2026-07-23T18:38:26.502640Z[0m [32m INFO[0m [2mvllm_coldstart_operator[0m[2m:[0m reconciling VllmService 'exp-fleet-0' in 'default': model=Qwen/Qwen2.5-7B-Instruct replicas=1 strategy=Eager
[2m2026-07-23T18:38:26.511379Z[0m [32m INFO[0m [2mvllm_coldstart_operator[0m[2m:[0m status of 'exp-fleet-0' -> Pending (0/1 ready)
[2m2026-07-23T18:38:26.511433Z[0m [32m INFO[0m [2mvllm_coldstart_operator[0m[2m:[0m reconciled exp-fleet-0
[2m2026-07-23T18:38:31.512688Z[0m [32m INFO[0m [2mvllm_coldstart_operator[0m[2m:[0m reconciling VllmService 'exp-fleet-0' in 'default': model=Qwen/Qwen2.5-7B-Instruct replicas=1 strategy=Eager
[2m2026-07-23T18:38:31.521768Z[0m [32m INFO[0m [2mvllm_coldstart_operator[0m[2m:[0m status of 'exp-fleet-0' -> Pending (0/1 ready)
[2m2026-07-23T18:38:31.521848Z[0m [32m INFO[0m [2mvllm_coldstart_operator[0m[2m:[0m reconciled exp-fleet-0
[2m2026-07-23T18:38:32.078382Z[0m [32m INFO[0m [2mvllm_coldstart_operator::fleet_controller[0m[2m:[0m reconciling FleetService 'exp-fleet' in 'default': model=Qwen/Qwen2.5-7B-Instruct replicas=1
[2m2026-07-23T18:38:32.216699Z[0m [32m INFO[0m [2mvllm_coldstart_operator::fleet_controller[0m[2m:[0m FleetService 'exp-fleet': 1 slots placed (1 preserved, 0 newly planned) across 3 candidates
[2m2026-07-23T18:38:32.216777Z[0m [32m INFO[0m [2mvllm_coldstart_operator::fleet_controller[0m[2m:[0m reconciled FleetService exp-fleet
[2m2026-07-23T18:38:32.216937Z[0m [32m INFO[0m [2mvllm_coldstart_operator::fleet_controller[0m[2m:[0m reconciling FleetService 'exp-fleet' in 'default': model=Qwen/Qwen2.5-7B-Instruct replicas=1
[2m2026-07-23T18:38:32.224597Z[0m [32m INFO[0m [2mvllm_coldstart_operator::fleet_controller[0m[2m:[0m FleetService 'exp-fleet': 1 slots placed (1 preserved, 0 newly planned) across 3 candidates
[2m2026-07-23T18:38:32.224773Z[0m [32m INFO[0m [2mvllm_coldstart_operator::fleet_controller[0m[2m:[0m reconciled FleetService exp-fleet
[2m2026-07-23T18:38:32.792301Z[0m [32m INFO[0m [2mvllm_coldstart_operator::fleet_controller[0m[2m:[0m reconciling FleetService 'exp-fleet' in 'default': model=Qwen/Qwen2.5-7B-Instruct replicas=1
[2m2026-07-23T18:38:33.216811Z[0m [32m INFO[0m [2mvllm_coldstart_operator::fleet_controller[0m[2m:[0m FleetService 'exp-fleet': 1 slots placed (1 preserved, 0 newly planned) across 3 candidates
[2m2026-07-23T18:38:33.217012Z[0m [32m INFO[0m [2mvllm_coldstart_operator::fleet_controller[0m[2m:[0m reconciled FleetService exp-fleet
[2m2026-07-23T18:38:36.523405Z[0m [32m INFO[0m [2mvllm_coldstart_operator[0m[2m:[0m reconciling VllmService 'exp-fleet-0' in 'default': model=Qwen/Qwen2.5-7B-Instruct replicas=1 strategy=Eager
[2m2026-07-23T18:38:36.532291Z[0m [32m INFO[0m [2mvllm_coldstart_operator[0m[2m:[0m status of 'exp-fleet-0' -> Pending (0/1 ready)
[2m2026-07-23T18:38:36.532357Z[0m [32m INFO[0m [2mvllm_coldstart_operator[0m[2m:[0m reconciled exp-fleet-0
[2m2026-07-23T18:38:41.533517Z[0m [32m INFO[0m [2mvllm_coldstart_operator[0m[2m:[0m reconciling VllmService 'exp-fleet-0' in 'default': model=Qwen/Qwen2.5-7B-Instruct replicas=1 strategy=Eager
[2m2026-07-23T18:38:41.542225Z[0m [32m INFO[0m [2mvllm_coldstart_operator[0m[2m:[0m status of 'exp-fleet-0' -> Pending (0/1 ready)
[2m2026-07-23T18:38:41.542279Z[0m [32m INFO[0m [2mvllm_coldstart_operator[0m[2m:[0m reconciled exp-fleet-0
[2m2026-07-23T18:38:46.543468Z[0m [32m INFO[0m [2mvllm_coldstart_operator[0m[2m:[0m reconciling VllmService 'exp-fleet-0' in 'default': model=Qwen/Qwen2.5-7B-Instruct replicas=1 strategy=Eager
[2m2026-07-23T18:38:46.553676Z[0m [32m INFO[0m [2mvllm_coldstart_operator[0m[2m:[0m status of 'exp-fleet-0' -> Pending (0/1 ready)
[2m2026-07-23T18:38:46.553738Z[0m [32m INFO[0m [2mvllm_coldstart_operator[0m[2m:[0m reconciled exp-fleet-0
[2m2026-07-23T18:38:47.096472Z[0m [32m INFO[0m [2mvllm_coldstart_operator::fleet_controller[0m[2m:[0m reconciling FleetService 'exp-fleet' in 'default': model=Qwen/Qwen2.5-7B-Instruct replicas=1
[2m2026-07-23T18:38:47.197836Z[0m [32m INFO[0m [2mvllm_coldstart_operator::fleet_controller[0m[2m:[0m FleetService 'exp-fleet': 1 slots placed (1 preserved, 0 newly planned) across 3 candidates
[2m2026-07-23T18:38:47.197912Z[0m [32m INFO[0m [2mvllm_coldstart_operator::fleet_controller[0m[2m:[0m reconciled FleetService exp-fleet
[2m2026-07-23T18:38:47.197947Z[0m [32m INFO[0m [2mvllm_coldstart_operator::fleet_controller[0m[2m:[0m reconciling FleetService 'exp-fleet' in 'default': model=Qwen/Qwen2.5-7B-Instruct replicas=1
[2m2026-07-23T18:38:47.295938Z[0m [32m INFO[0m [2mvllm_coldstart_operator::fleet_controller[0m[2m:[0m FleetService 'exp-fleet': 1 slots placed (1 preserved, 0 newly planned) across 3 candidates
[2m2026-07-23T18:38:47.296023Z[0m [32m INFO[0m [2mvllm_coldstart_operator::fleet_controller[0m[2m:[0m reconciled FleetService exp-fleet
[2m2026-07-23T18:38:47.807368Z[0m [32m INFO[0m [2mvllm_coldstart_operator::fleet_controller[0m[2m:[0m reconciling FleetService 'exp-fleet' in 'default': model=Qwen/Qwen2.5-7B-Instruct replicas=1
[2m2026-07-23T18:38:48.216369Z[0m [32m INFO[0m [2mvllm_coldstart_operator::fleet_controller[0m[2m:[0m FleetService 'exp-fleet': 1 slots placed (1 preserved, 0 newly planned) across 3 candidates
[2m2026-07-23T18:38:48.216616Z[0m [32m INFO[0m [2mvllm_coldstart_operator::fleet_controller[0m[2m:[0m reconciled FleetService exp-fleet
[2m2026-07-23T18:38:51.555301Z[0m [32m INFO[0m [2mvllm_coldstart_operator[0m[2m:[0m reconciling VllmService 'exp-fleet-0' in 'default': model=Qwen/Qwen2.5-7B-Instruct replicas=1 strategy=Eager
[2m2026-07-23T18:38:51.563964Z[0m [32m INFO[0m [2mvllm_coldstart_operator[0m[2m:[0m status of 'exp-fleet-0' -> Pending (0/1 ready)
[2m2026-07-23T18:38:51.564016Z[0m [32m INFO[0m [2mvllm_coldstart_operator[0m[2m:[0m reconciled exp-fleet-0
[2m2026-07-23T18:38:56.565225Z[0m [32m INFO[0m [2mvllm_coldstart_operator[0m[2m:[0m reconciling VllmService 'exp-fleet-0' in 'default': model=Qwen/Qwen2.5-7B-Instruct replicas=1 strategy=Eager
[2m2026-07-23T18:38:56.576153Z[0m [32m INFO[0m [2mvllm_coldstart_operator[0m[2m:[0m status of 'exp-fleet-0' -> Pending (0/1 ready)
[2m2026-07-23T18:38:56.576228Z[0m [32m INFO[0m [2mvllm_coldstart_operator[0m[2m:[0m reconciled exp-fleet-0
[2m2026-07-23T18:39:01.577453Z[0m [32m INFO[0m [2mvllm_coldstart_operator[0m[2m:[0m reconciling VllmService 'exp-fleet-0' in 'default': model=Qwen/Qwen2.5-7B-Instruct replicas=1 strategy=Eager
[2m2026-07-23T18:39:01.586038Z[0m [32m INFO[0m [2mvllm_coldstart_operator[0m[2m:[0m status of 'exp-fleet-0' -> Pending (0/1 ready)
[2m2026-07-23T18:39:01.586089Z[0m [32m INFO[0m [2mvllm_coldstart_operator[0m[2m:[0m reconciled exp-fleet-0
[2m2026-07-23T18:39:02.115908Z[0m [32m INFO[0m [2mvllm_coldstart_operator::fleet_controller[0m[2m:[0m reconciling FleetService 'exp-fleet' in 'default': model=Qwen/Qwen2.5-7B-Instruct replicas=1
[2m2026-07-23T18:39:02.216955Z[0m [32m INFO[0m [2mvllm_coldstart_operator::fleet_controller[0m[2m:[0m FleetService 'exp-fleet': 1 slots placed (1 preserved, 0 newly planned) across 3 candidates
[2m2026-07-23T18:39:02.217028Z[0m [32m INFO[0m [2mvllm_coldstart_operator::fleet_controller[0m[2m:[0m reconciled FleetService exp-fleet
[2m2026-07-23T18:39:02.217045Z[0m [32m INFO[0m [2mvllm_coldstart_operator::fleet_controller[0m[2m:[0m reconciling FleetService 'exp-fleet' in 'default': model=Qwen/Qwen2.5-7B-Instruct replicas=1
[2m2026-07-23T18:39:02.829718Z[0m [32m INFO[0m [2mvllm_coldstart_operator::fleet_controller[0m[2m:[0m FleetService 'exp-fleet': 1 slots placed (1 preserved, 0 newly planned) across 3 candidates
[2m2026-07-23T18:39:02.830094Z[0m [32m INFO[0m [2mvllm_coldstart_operator::fleet_controller[0m[2m:[0m reconciled FleetService exp-fleet
[2m2026-07-23T18:39:02.830117Z[0m [32m INFO[0m [2mvllm_coldstart_operator::fleet_controller[0m[2m:[0m reconciling FleetService 'exp-fleet' in 'default': model=Qwen/Qwen2.5-7B-Instruct replicas=1
[2m2026-07-23T18:39:03.216520Z[0m [32m INFO[0m [2mvllm_coldstart_operator::fleet_controller[0m[2m:[0m FleetService 'exp-fleet': 1 slots placed (1 preserved, 0 newly planned) across 3 candidates
[2m2026-07-23T18:39:03.216753Z[0m [32m INFO[0m [2mvllm_coldstart_operator::fleet_controller[0m[2m:[0m reconciled FleetService exp-fleet
[2m2026-07-23T18:39:06.587044Z[0m [32m INFO[0m [2mvllm_coldstart_operator[0m[2m:[0m reconciling VllmService 'exp-fleet-0' in 'default': model=Qwen/Qwen2.5-7B-Instruct replicas=1 strategy=Eager
[2m2026-07-23T18:39:06.595701Z[0m [32m INFO[0m [2mvllm_coldstart_operator[0m[2m:[0m status of 'exp-fleet-0' -> Pending (0/1 ready)
[2m2026-07-23T18:39:06.595743Z[0m [32m INFO[0m [2mvllm_coldstart_operator[0m[2m:[0m reconciled exp-fleet-0
[2m2026-07-23T18:39:11.597001Z[0m [32m INFO[0m [2mvllm_coldstart_operator[0m[2m:[0m reconciling VllmService 'exp-fleet-0' in 'default': model=Qwen/Qwen2.5-7B-Instruct replicas=1 strategy=Eager
[2m2026-07-23T18:39:11.607176Z[0m [32m INFO[0m [2mvllm_coldstart_operator[0m[2m:[0m status of 'exp-fleet-0' -> Pending (0/1 ready)
[2m2026-07-23T18:39:11.607228Z[0m [32m INFO[0m [2mvllm_coldstart_operator[0m[2m:[0m reconciled exp-fleet-0
[2m2026-07-23T18:39:16.610435Z[0m [32m INFO[0m [2mvllm_coldstart_operator[0m[2m:[0m reconciling VllmService 'exp-fleet-0' in 'default': model=Qwen/Qwen2.5-7B-Instruct replicas=1 strategy=Eager
[2m2026-07-23T18:39:16.620057Z[0m [32m INFO[0m [2mvllm_coldstart_operator[0m[2m:[0m status of 'exp-fleet-0' -> Pending (0/1 ready)
[2m2026-07-23T18:39:16.620116Z[0m [32m INFO[0m [2mvllm_coldstart_operator[0m[2m:[0m reconciled exp-fleet-0
[2m2026-07-23T18:39:17.135654Z[0m [32m INFO[0m [2mvllm_coldstart_operator::fleet_controller[0m[2m:[0m reconciling FleetService 'exp-fleet' in 'default': model=Qwen/Qwen2.5-7B-Instruct replicas=1
[2m2026-07-23T18:39:17.216430Z[0m [32m INFO[0m [2mvllm_coldstart_operator::fleet_controller[0m[2m:[0m FleetService 'exp-fleet': 1 slots placed (1 preserved, 0 newly planned) across 3 candidates
[2m2026-07-23T18:39:17.216514Z[0m [32m INFO[0m [2mvllm_coldstart_operator::fleet_controller[0m[2m:[0m reconciled FleetService exp-fleet
[2m2026-07-23T18:39:17.236350Z[0m [32m INFO[0m [2mvllm_coldstart_operator::fleet_controller[0m[2m:[0m reconciling FleetService 'exp-fleet' in 'default': model=Qwen/Qwen2.5-7B-Instruct replicas=1
[2m2026-07-23T18:39:17.846677Z[0m [32m INFO[0m [2mvllm_coldstart_operator::fleet_controller[0m[2m:[0m FleetService 'exp-fleet': 1 slots placed (1 preserved, 0 newly planned) across 3 candidates
[2m2026-07-23T18:39:17.847042Z[0m [32m INFO[0m [2mvllm_coldstart_operator::fleet_controller[0m[2m:[0m reconciled FleetService exp-fleet
[2m2026-07-23T18:39:17.847065Z[0m [32m INFO[0m [2mvllm_coldstart_operator::fleet_controller[0m[2m:[0m reconciling FleetService 'exp-fleet' in 'default': model=Qwen/Qwen2.5-7B-Instruct replicas=1
[2m2026-07-23T18:39:18.216963Z[0m [32m INFO[0m [2mvllm_coldstart_operator::fleet_controller[0m[2m:[0m FleetService 'exp-fleet': 1 slots placed (1 preserved, 0 newly planned) across 3 candidates
[2m2026-07-23T18:39:18.217115Z[0m [32m INFO[0m [2mvllm_coldstart_operator::fleet_controller[0m[2m:[0m reconciled FleetService exp-fleet
[2m2026-07-23T18:39:21.621968Z[0m [32m INFO[0m [2mvllm_coldstart_operator[0m[2m:[0m reconciling VllmService 'exp-fleet-0' in 'default': model=Qwen/Qwen2.5-7B-Instruct replicas=1 strategy=Eager
[2m2026-07-23T18:39:21.630462Z[0m [32m INFO[0m [2mvllm_coldstart_operator[0m[2m:[0m status of 'exp-fleet-0' -> Pending (0/1 ready)
[2m2026-07-23T18:39:21.630507Z[0m [32m INFO[0m [2mvllm_coldstart_operator[0m[2m:[0m reconciled exp-fleet-0
[2m2026-07-23T18:39:26.632244Z[0m [32m INFO[0m [2mvllm_coldstart_operator[0m[2m:[0m reconciling VllmService 'exp-fleet-0' in 'default': model=Qwen/Qwen2.5-7B-Instruct replicas=1 strategy=Eager
[2m2026-07-23T18:39:26.640771Z[0m [32m INFO[0m [2mvllm_coldstart_operator[0m[2m:[0m status of 'exp-fleet-0' -> Pending (0/1 ready)
[2m2026-07-23T18:39:26.640836Z[0m [32m INFO[0m [2mvllm_coldstart_operator[0m[2m:[0m reconciled exp-fleet-0
[2m2026-07-23T18:39:31.642141Z[0m [32m INFO[0m [2mvllm_coldstart_operator[0m[2m:[0m reconciling VllmService 'exp-fleet-0' in 'default': model=Qwen/Qwen2.5-7B-Instruct replicas=1 strategy=Eager
[2m2026-07-23T18:39:31.651023Z[0m [32m INFO[0m [2mvllm_coldstart_operator[0m[2m:[0m status of 'exp-fleet-0' -> Pending (0/1 ready)
[2m2026-07-23T18:39:31.651189Z[0m [32m INFO[0m [2mvllm_coldstart_operator[0m[2m:[0m reconciled exp-fleet-0
[2m2026-07-23T18:39:32.154094Z[0m [32m INFO[0m [2mvllm_coldstart_operator::fleet_controller[0m[2m:[0m reconciling FleetService 'exp-fleet' in 'default': model=Qwen/Qwen2.5-7B-Instruct replicas=1
[2m2026-07-23T18:39:32.216576Z[0m [32m INFO[0m [2mvllm_coldstart_operator::fleet_controller[0m[2m:[0m FleetService 'exp-fleet': 1 slots placed (1 preserved, 0 newly planned) across 3 candidates
[2m2026-07-23T18:39:32.216655Z[0m [32m INFO[0m [2mvllm_coldstart_operator::fleet_controller[0m[2m:[0m reconciled FleetService exp-fleet
[2m2026-07-23T18:39:32.254307Z[0m [32m INFO[0m [2mvllm_coldstart_operator::fleet_controller[0m[2m:[0m reconciling FleetService 'exp-fleet' in 'default': model=Qwen/Qwen2.5-7B-Instruct replicas=1
[2m2026-07-23T18:39:32.864503Z[0m [32m INFO[0m [2mvllm_coldstart_operator::fleet_controller[0m[2m:[0m FleetService 'exp-fleet': 1 slots placed (1 preserved, 0 newly planned) across 3 candidates
[2m2026-07-23T18:39:32.864865Z[0m [32m INFO[0m [2mvllm_coldstart_operator::fleet_controller[0m[2m:[0m reconciled FleetService exp-fleet
[2m2026-07-23T18:39:32.864899Z[0m [32m INFO[0m [2mvllm_coldstart_operator::fleet_controller[0m[2m:[0m reconciling FleetService 'exp-fleet' in 'default': model=Qwen/Qwen2.5-7B-Instruct replicas=1
[2m2026-07-23T18:39:33.217025Z[0m [32m INFO[0m [2mvllm_coldstart_operator::fleet_controller[0m[2m:[0m FleetService 'exp-fleet': 1 slots placed (1 preserved, 0 newly planned) across 3 candidates
[2m2026-07-23T18:39:33.217295Z[0m [32m INFO[0m [2mvllm_coldstart_operator::fleet_controller[0m[2m:[0m reconciled FleetService exp-fleet
[2m2026-07-23T18:39:36.652898Z[0m [32m INFO[0m [2mvllm_coldstart_operator[0m[2m:[0m reconciling VllmService 'exp-fleet-0' in 'default': model=Qwen/Qwen2.5-7B-Instruct replicas=1 strategy=Eager
[2m2026-07-23T18:39:36.661411Z[0m [32m INFO[0m [2mvllm_coldstart_operator[0m[2m:[0m status of 'exp-fleet-0' -> Pending (0/1 ready)
[2m2026-07-23T18:39:36.661567Z[0m [32m INFO[0m [2mvllm_coldstart_operator[0m[2m:[0m reconciled exp-fleet-0
[2m2026-07-23T18:39:41.662790Z[0m [32m INFO[0m [2mvllm_coldstart_operator[0m[2m:[0m reconciling VllmService 'exp-fleet-0' in 'default': model=Qwen/Qwen2.5-7B-Instruct replicas=1 strategy=Eager
[2m2026-07-23T18:39:41.671717Z[0m [32m INFO[0m [2mvllm_coldstart_operator[0m[2m:[0m status of 'exp-fleet-0' -> Pending (0/1 ready)
[2m2026-07-23T18:39:41.671888Z[0m [32m INFO[0m [2mvllm_coldstart_operator[0m[2m:[0m reconciled exp-fleet-0
[2m2026-07-23T18:39:46.673196Z[0m [32m INFO[0m [2mvllm_coldstart_operator[0m[2m:[0m reconciling VllmService 'exp-fleet-0' in 'default': model=Qwen/Qwen2.5-7B-Instruct replicas=1 strategy=Eager
[2m2026-07-23T18:39:46.682405Z[0m [32m INFO[0m [2mvllm_coldstart_operator[0m[2m:[0m status of 'exp-fleet-0' -> Pending (0/1 ready)
[2m2026-07-23T18:39:46.682459Z[0m [32m INFO[0m [2mvllm_coldstart_operator[0m[2m:[0m reconciled exp-fleet-0
[2m2026-07-23T18:39:47.173547Z[0m [32m INFO[0m [2mvllm_coldstart_operator::fleet_controller[0m[2m:[0m reconciling FleetService 'exp-fleet' in 'default': model=Qwen/Qwen2.5-7B-Instruct replicas=1
[2m2026-07-23T18:39:47.216714Z[0m [32m INFO[0m [2mvllm_coldstart_operator::fleet_controller[0m[2m:[0m FleetService 'exp-fleet': 1 slots placed (1 preserved, 0 newly planned) across 3 candidates
[2m2026-07-23T18:39:47.216813Z[0m [32m INFO[0m [2mvllm_coldstart_operator::fleet_controller[0m[2m:[0m reconciled FleetService exp-fleet
[2m2026-07-23T18:39:47.271637Z[0m [32m INFO[0m [2mvllm_coldstart_operator::fleet_controller[0m[2m:[0m reconciling FleetService 'exp-fleet' in 'default': model=Qwen/Qwen2.5-7B-Instruct replicas=1
[2m2026-07-23T18:39:47.645033Z[0m [32m INFO[0m [2mvllm_coldstart_operator::fleet_controller[0m[2m:[0m FleetService 'exp-fleet': 1 slots placed (1 preserved, 0 newly planned) across 3 candidates
[2m2026-07-23T18:39:47.645120Z[0m [32m INFO[0m [2mvllm_coldstart_operator::fleet_controller[0m[2m:[0m reconciled FleetService exp-fleet
[2m2026-07-23T18:39:47.955983Z[0m [32m INFO[0m [2mvllm_coldstart_operator::fleet_controller[0m[2m:[0m reconciling FleetService 'exp-fleet' in 'default': model=Qwen/Qwen2.5-7B-Instruct replicas=1
[2m2026-07-23T18:39:48.217101Z[0m [32m INFO[0m [2mvllm_coldstart_operator::fleet_controller[0m[2m:[0m FleetService 'exp-fleet': 1 slots placed (1 preserved, 0 newly planned) across 3 candidates
[2m2026-07-23T18:39:48.217187Z[0m [32m INFO[0m [2mvllm_coldstart_operator::fleet_controller[0m[2m:[0m reconciled FleetService exp-fleet
[2m2026-07-23T18:39:51.684087Z[0m [32m INFO[0m [2mvllm_coldstart_operator[0m[2m:[0m reconciling VllmService 'exp-fleet-0' in 'default': model=Qwen/Qwen2.5-7B-Instruct replicas=1 strategy=Eager
[2m2026-07-23T18:39:51.692740Z[0m [32m INFO[0m [2mvllm_coldstart_operator[0m[2m:[0m status of 'exp-fleet-0' -> Pending (0/1 ready)
[2m2026-07-23T18:39:51.692788Z[0m [32m INFO[0m [2mvllm_coldstart_operator[0m[2m:[0m reconciled exp-fleet-0
[2m2026-07-23T18:39:56.693998Z[0m [32m INFO[0m [2mvllm_coldstart_operator[0m[2m:[0m reconciling VllmService 'exp-fleet-0' in 'default': model=Qwen/Qwen2.5-7B-Instruct replicas=1 strategy=Eager
[2m2026-07-23T18:39:56.702097Z[0m [32m INFO[0m [2mvllm_coldstart_operator[0m[2m:[0m status of 'exp-fleet-0' -> Pending (0/1 ready)
[2m2026-07-23T18:39:56.702145Z[0m [32m INFO[0m [2mvllm_coldstart_operator[0m[2m:[0m reconciled exp-fleet-0
[2m2026-07-23T18:40:01.704390Z[0m [32m INFO[0m [2mvllm_coldstart_operator[0m[2m:[0m reconciling VllmService 'exp-fleet-0' in 'default': model=Qwen/Qwen2.5-7B-Instruct replicas=1 strategy=Eager
[2m2026-07-23T18:40:01.713220Z[0m [32m INFO[0m [2mvllm_coldstart_operator[0m[2m:[0m status of 'exp-fleet-0' -> Pending (0/1 ready)
[2m2026-07-23T18:40:01.713276Z[0m [32m INFO[0m [2mvllm_coldstart_operator[0m[2m:[0m reconciled exp-fleet-0
[2m2026-07-23T18:40:02.193975Z[0m [32m INFO[0m [2mvllm_coldstart_operator::fleet_controller[0m[2m:[0m reconciling FleetService 'exp-fleet' in 'default': model=Qwen/Qwen2.5-7B-Instruct replicas=1
[2m2026-07-23T18:40:02.293602Z[0m [32m INFO[0m [2mvllm_coldstart_operator::fleet_controller[0m[2m:[0m FleetService 'exp-fleet': 1 slots placed (1 preserved, 0 newly planned) across 3 candidates
[2m2026-07-23T18:40:02.293672Z[0m [32m INFO[0m [2mvllm_coldstart_operator::fleet_controller[0m[2m:[0m reconciled FleetService exp-fleet
[2m2026-07-23T18:40:02.293812Z[0m [32m INFO[0m [2mvllm_coldstart_operator::fleet_controller[0m[2m:[0m reconciling FleetService 'exp-fleet' in 'default': model=Qwen/Qwen2.5-7B-Instruct replicas=1
[2m2026-07-23T18:40:02.976947Z[0m [32m INFO[0m [2mvllm_coldstart_operator::fleet_controller[0m[2m:[0m FleetService 'exp-fleet': 1 slots placed (1 preserved, 0 newly planned) across 3 candidates
[2m2026-07-23T18:40:02.977029Z[0m [32m INFO[0m [2mvllm_coldstart_operator::fleet_controller[0m[2m:[0m reconciled FleetService exp-fleet
[2m2026-07-23T18:40:02.977048Z[0m [32m INFO[0m [2mvllm_coldstart_operator::fleet_controller[0m[2m:[0m reconciling FleetService 'exp-fleet' in 'default': model=Qwen/Qwen2.5-7B-Instruct replicas=1
[2m2026-07-23T18:40:03.216645Z[0m [32m INFO[0m [2mvllm_coldstart_operator::fleet_controller[0m[2m:[0m FleetService 'exp-fleet': 1 slots placed (1 preserved, 0 newly planned) across 3 candidates
[2m2026-07-23T18:40:03.216729Z[0m [32m INFO[0m [2mvllm_coldstart_operator::fleet_controller[0m[2m:[0m reconciled FleetService exp-fleet
[2m2026-07-23T18:40:06.715407Z[0m [32m INFO[0m [2mvllm_coldstart_operator[0m[2m:[0m reconciling VllmService 'exp-fleet-0' in 'default': model=Qwen/Qwen2.5-7B-Instruct replicas=1 strategy=Eager
[2m2026-07-23T18:40:06.724134Z[0m [32m INFO[0m [2mvllm_coldstart_operator[0m[2m:[0m status of 'exp-fleet-0' -> Pending (0/1 ready)
[2m2026-07-23T18:40:06.724181Z[0m [32m INFO[0m [2mvllm_coldstart_operator[0m[2m:[0m reconciled exp-fleet-0
[2m2026-07-23T18:40:11.726459Z[0m [32m INFO[0m [2mvllm_coldstart_operator[0m[2m:[0m reconciling VllmService 'exp-fleet-0' in 'default': model=Qwen/Qwen2.5-7B-Instruct replicas=1 strategy=Eager
[2m2026-07-23T18:40:11.735657Z[0m [32m INFO[0m [2mvllm_coldstart_operator[0m[2m:[0m status of 'exp-fleet-0' -> Pending (0/1 ready)
[2m2026-07-23T18:40:11.735863Z[0m [32m INFO[0m [2mvllm_coldstart_operator[0m[2m:[0m reconciled exp-fleet-0
[2m2026-07-23T18:40:16.736985Z[0m [32m INFO[0m [2mvllm_coldstart_operator[0m[2m:[0m reconciling VllmService 'exp-fleet-0' in 'default': model=Qwen/Qwen2.5-7B-Instruct replicas=1 strategy=Eager
[2m2026-07-23T18:40:16.746055Z[0m [32m INFO[0m [2mvllm_coldstart_operator[0m[2m:[0m status of 'exp-fleet-0' -> Pending (0/1 ready)
[2m2026-07-23T18:40:16.746103Z[0m [32m INFO[0m [2mvllm_coldstart_operator[0m[2m:[0m reconciled exp-fleet-0
[2m2026-07-23T18:40:17.214365Z[0m [32m INFO[0m [2mvllm_coldstart_operator::fleet_controller[0m[2m:[0m reconciling FleetService 'exp-fleet' in 'default': model=Qwen/Qwen2.5-7B-Instruct replicas=1
[2m2026-07-23T18:40:17.288290Z[0m [32m INFO[0m [2mvllm_coldstart_operator::fleet_controller[0m[2m:[0m FleetService 'exp-fleet': 1 slots placed (1 preserved, 0 newly planned) across 3 candidates
[2m2026-07-23T18:40:17.288377Z[0m [32m INFO[0m [2mvllm_coldstart_operator::fleet_controller[0m[2m:[0m reconciled FleetService exp-fleet
[2m2026-07-23T18:40:17.309898Z[0m [32m INFO[0m [2mvllm_coldstart_operator::fleet_controller[0m[2m:[0m reconciling FleetService 'exp-fleet' in 'default': model=Qwen/Qwen2.5-7B-Instruct replicas=1
[2m2026-07-23T18:40:17.940028Z[0m [32m INFO[0m [2mvllm_coldstart_operator::fleet_controller[0m[2m:[0m FleetService 'exp-fleet': 1 slots placed (1 preserved, 0 newly planned) across 3 candidates
[2m2026-07-23T18:40:17.940389Z[0m [32m INFO[0m [2mvllm_coldstart_operator::fleet_controller[0m[2m:[0m reconciled FleetService exp-fleet
[2m2026-07-23T18:40:17.994949Z[0m [32m INFO[0m [2mvllm_coldstart_operator::fleet_controller[0m[2m:[0m reconciling FleetService 'exp-fleet' in 'default': model=Qwen/Qwen2.5-7B-Instruct replicas=1
[2m2026-07-23T18:40:18.218068Z[0m [32m INFO[0m [2mvllm_coldstart_operator::fleet_controller[0m[2m:[0m FleetService 'exp-fleet': 1 slots placed (1 preserved, 0 newly planned) across 3 candidates
[2m2026-07-23T18:40:18.218300Z[0m [32m INFO[0m [2mvllm_coldstart_operator::fleet_controller[0m[2m:[0m reconciled FleetService exp-fleet
[2m2026-07-23T18:40:21.747849Z[0m [32m INFO[0m [2mvllm_coldstart_operator[0m[2m:[0m reconciling VllmService 'exp-fleet-0' in 'default': model=Qwen/Qwen2.5-7B-Instruct replicas=1 strategy=Eager
[2m2026-07-23T18:40:21.756878Z[0m [32m INFO[0m [2mvllm_coldstart_operator[0m[2m:[0m status of 'exp-fleet-0' -> Pending (0/1 ready)
[2m2026-07-23T18:40:21.756934Z[0m [32m INFO[0m [2mvllm_coldstart_operator[0m[2m:[0m reconciled exp-fleet-0
[2m2026-07-23T18:40:26.758142Z[0m [32m INFO[0m [2mvllm_coldstart_operator[0m[2m:[0m reconciling VllmService 'exp-fleet-0' in 'default': model=Qwen/Qwen2.5-7B-Instruct replicas=1 strategy=Eager
[2m2026-07-23T18:40:26.766953Z[0m [32m INFO[0m [2mvllm_coldstart_operator[0m[2m:[0m status of 'exp-fleet-0' -> Pending (0/1 ready)
[2m2026-07-23T18:40:26.767005Z[0m [32m INFO[0m [2mvllm_coldstart_operator[0m[2m:[0m reconciled exp-fleet-0
[2m2026-07-23T18:40:31.768216Z[0m [32m INFO[0m [2mvllm_coldstart_operator[0m[2m:[0m reconciling VllmService 'exp-fleet-0' in 'default': model=Qwen/Qwen2.5-7B-Instruct replicas=1 strategy=Eager
[2m2026-07-23T18:40:31.778309Z[0m [32m INFO[0m [2mvllm_coldstart_operator[0m[2m:[0m status of 'exp-fleet-0' -> Pending (0/1 ready)
[2m2026-07-23T18:40:31.778372Z[0m [32m INFO[0m [2mvllm_coldstart_operator[0m[2m:[0m reconciled exp-fleet-0
[2m2026-07-23T18:40:32.231869Z[0m [32m INFO[0m [2mvllm_coldstart_operator::fleet_controller[0m[2m:[0m reconciling FleetService 'exp-fleet' in 'default': model=Qwen/Qwen2.5-7B-Instruct replicas=1
[2m2026-07-23T18:40:32.330197Z[0m [32m INFO[0m [2mvllm_coldstart_operator::fleet_controller[0m[2m:[0m FleetService 'exp-fleet': 1 slots placed (1 preserved, 0 newly planned) across 3 candidates
[2m2026-07-23T18:40:32.330266Z[0m [32m INFO[0m [2mvllm_coldstart_operator::fleet_controller[0m[2m:[0m reconciled FleetService exp-fleet
[2m2026-07-23T18:40:32.330404Z[0m [32m INFO[0m [2mvllm_coldstart_operator::fleet_controller[0m[2m:[0m reconciling FleetService 'exp-fleet' in 'default': model=Qwen/Qwen2.5-7B-Instruct replicas=1
[2m2026-07-23T18:40:33.017201Z[0m [32m INFO[0m [2mvllm_coldstart_operator::fleet_controller[0m[2m:[0m FleetService 'exp-fleet': 1 slots placed (1 preserved, 0 newly planned) across 3 candidates
[2m2026-07-23T18:40:33.017550Z[0m [32m INFO[0m [2mvllm_coldstart_operator::fleet_controller[0m[2m:[0m reconciled FleetService exp-fleet
[2m2026-07-23T18:40:33.017572Z[0m [32m INFO[0m [2mvllm_coldstart_operator::fleet_controller[0m[2m:[0m reconciling FleetService 'exp-fleet' in 'default': model=Qwen/Qwen2.5-7B-Instruct replicas=1
[2m2026-07-23T18:40:33.216617Z[0m [32m INFO[0m [2mvllm_coldstart_operator::fleet_controller[0m[2m:[0m FleetService 'exp-fleet': 1 slots placed (1 preserved, 0 newly planned) across 3 candidates
[2m2026-07-23T18:40:33.216714Z[0m [32m INFO[0m [2mvllm_coldstart_operator::fleet_controller[0m[2m:[0m reconciled FleetService exp-fleet
[2m2026-07-23T18:40:36.780355Z[0m [32m INFO[0m [2mvllm_coldstart_operator[0m[2m:[0m reconciling VllmService 'exp-fleet-0' in 'default': model=Qwen/Qwen2.5-7B-Instruct replicas=1 strategy=Eager
[2m2026-07-23T18:40:36.789438Z[0m [32m INFO[0m [2mvllm_coldstart_operator[0m[2m:[0m status of 'exp-fleet-0' -> Pending (0/1 ready)
[2m2026-07-23T18:40:36.789603Z[0m [32m INFO[0m [2mvllm_coldstart_operator[0m[2m:[0m reconciled exp-fleet-0
[2m2026-07-23T18:40:41.790665Z[0m [32m INFO[0m [2mvllm_coldstart_operator[0m[2m:[0m reconciling VllmService 'exp-fleet-0' in 'default': model=Qwen/Qwen2.5-7B-Instruct replicas=1 strategy=Eager
[2m2026-07-23T18:40:41.799198Z[0m [32m INFO[0m [2mvllm_coldstart_operator[0m[2m:[0m status of 'exp-fleet-0' -> Pending (0/1 ready)
[2m2026-07-23T18:40:41.799248Z[0m [32m INFO[0m [2mvllm_coldstart_operator[0m[2m:[0m reconciled exp-fleet-0
[2m2026-07-23T18:40:46.800494Z[0m [32m INFO[0m [2mvllm_coldstart_operator[0m[2m:[0m reconciling VllmService 'exp-fleet-0' in 'default': model=Qwen/Qwen2.5-7B-Instruct replicas=1 strategy=Eager
[2m2026-07-23T18:40:46.809407Z[0m [32m INFO[0m [2mvllm_coldstart_operator[0m[2m:[0m status of 'exp-fleet-0' -> Pending (0/1 ready)
[2m2026-07-23T18:40:46.809459Z[0m [32m INFO[0m [2mvllm_coldstart_operator[0m[2m:[0m reconciled exp-fleet-0
[2m2026-07-23T18:40:47.249647Z[0m [32m INFO[0m [2mvllm_coldstart_operator::fleet_controller[0m[2m:[0m reconciling FleetService 'exp-fleet' in 'default': model=Qwen/Qwen2.5-7B-Instruct replicas=1
[2m2026-07-23T18:40:47.347212Z[0m [32m INFO[0m [2mvllm_coldstart_operator::fleet_controller[0m[2m:[0m FleetService 'exp-fleet': 1 slots placed (1 preserved, 0 newly planned) across 3 candidates
[2m2026-07-23T18:40:47.347365Z[0m [32m INFO[0m [2mvllm_coldstart_operator::fleet_controller[0m[2m:[0m reconciled FleetService exp-fleet
[2m2026-07-23T18:40:47.347404Z[0m [32m INFO[0m [2mvllm_coldstart_operator::fleet_controller[0m[2m:[0m reconciling FleetService 'exp-fleet' in 'default': model=Qwen/Qwen2.5-7B-Instruct replicas=1
[2m2026-07-23T18:40:47.864607Z[0m [32m INFO[0m [2mvllm_coldstart_operator::fleet_controller[0m[2m:[0m FleetService 'exp-fleet': 1 slots placed (1 preserved, 0 newly planned) across 3 candidates
[2m2026-07-23T18:40:47.864983Z[0m [32m INFO[0m [2mvllm_coldstart_operator::fleet_controller[0m[2m:[0m reconciled FleetService exp-fleet
[2m2026-07-23T18:40:48.031889Z[0m [32m INFO[0m [2mvllm_coldstart_operator::fleet_controller[0m[2m:[0m reconciling FleetService 'exp-fleet' in 'default': model=Qwen/Qwen2.5-7B-Instruct replicas=1
[2m2026-07-23T18:40:48.216827Z[0m [32m INFO[0m [2mvllm_coldstart_operator::fleet_controller[0m[2m:[0m FleetService 'exp-fleet': 1 slots placed (1 preserved, 0 newly planned) across 3 candidates
[2m2026-07-23T18:40:48.217000Z[0m [32m INFO[0m [2mvllm_coldstart_operator::fleet_controller[0m[2m:[0m reconciled FleetService exp-fleet
[2m2026-07-23T18:40:51.811157Z[0m [32m INFO[0m [2mvllm_coldstart_operator[0m[2m:[0m reconciling VllmService 'exp-fleet-0' in 'default': model=Qwen/Qwen2.5-7B-Instruct replicas=1 strategy=Eager
[2m2026-07-23T18:40:51.819694Z[0m [32m INFO[0m [2mvllm_coldstart_operator[0m[2m:[0m status of 'exp-fleet-0' -> Pending (0/1 ready)
[2m2026-07-23T18:40:51.819746Z[0m [32m INFO[0m [2mvllm_coldstart_operator[0m[2m:[0m reconciled exp-fleet-0
[2m2026-07-23T18:40:56.821130Z[0m [32m INFO[0m [2mvllm_coldstart_operator[0m[2m:[0m reconciling VllmService 'exp-fleet-0' in 'default': model=Qwen/Qwen2.5-7B-Instruct replicas=1 strategy=Eager
[2m2026-07-23T18:40:56.829820Z[0m [32m INFO[0m [2mvllm_coldstart_operator[0m[2m:[0m status of 'exp-fleet-0' -> Pending (0/1 ready)
[2m2026-07-23T18:40:56.829877Z[0m [32m INFO[0m [2mvllm_coldstart_operator[0m[2m:[0m reconciled exp-fleet-0
[2m2026-07-23T18:41:01.831108Z[0m [32m INFO[0m [2mvllm_coldstart_operator[0m[2m:[0m reconciling VllmService 'exp-fleet-0' in 'default': model=Qwen/Qwen2.5-7B-Instruct replicas=1 strategy=Eager
[2m2026-07-23T18:41:01.839924Z[0m [32m INFO[0m [2mvllm_coldstart_operator[0m[2m:[0m status of 'exp-fleet-0' -> Pending (0/1 ready)
[2m2026-07-23T18:41:01.839976Z[0m [32m INFO[0m [2mvllm_coldstart_operator[0m[2m:[0m reconciled exp-fleet-0
[2m2026-07-23T18:41:02.268294Z[0m [32m INFO[0m [2mvllm_coldstart_operator::fleet_controller[0m[2m:[0m reconciling FleetService 'exp-fleet' in 'default': model=Qwen/Qwen2.5-7B-Instruct replicas=1
[2m2026-07-23T18:41:02.367672Z[0m [32m INFO[0m [2mvllm_coldstart_operator::fleet_controller[0m[2m:[0m FleetService 'exp-fleet': 1 slots placed (1 preserved, 0 newly planned) across 3 candidates
[2m2026-07-23T18:41:02.367745Z[0m [32m INFO[0m [2mvllm_coldstart_operator::fleet_controller[0m[2m:[0m reconciled FleetService exp-fleet
[2m2026-07-23T18:41:02.367763Z[0m [32m INFO[0m [2mvllm_coldstart_operator::fleet_controller[0m[2m:[0m reconciling FleetService 'exp-fleet' in 'default': model=Qwen/Qwen2.5-7B-Instruct replicas=1
[2m2026-07-23T18:41:03.055220Z[0m [32m INFO[0m [2mvllm_coldstart_operator::fleet_controller[0m[2m:[0m FleetService 'exp-fleet': 1 slots placed (1 preserved, 0 newly planned) across 3 candidates
[2m2026-07-23T18:41:03.055295Z[0m [32m INFO[0m [2mvllm_coldstart_operator::fleet_controller[0m[2m:[0m reconciled FleetService exp-fleet
[2m2026-07-23T18:41:03.055315Z[0m [32m INFO[0m [2mvllm_coldstart_operator::fleet_controller[0m[2m:[0m reconciling FleetService 'exp-fleet' in 'default': model=Qwen/Qwen2.5-7B-Instruct replicas=1
[2m2026-07-23T18:41:03.217255Z[0m [32m INFO[0m [2mvllm_coldstart_operator::fleet_controller[0m[2m:[0m FleetService 'exp-fleet': 1 slots placed (1 preserved, 0 newly planned) across 3 candidates
[2m2026-07-23T18:41:03.217343Z[0m [32m INFO[0m [2mvllm_coldstart_operator::fleet_controller[0m[2m:[0m reconciled FleetService exp-fleet
[2m2026-07-23T18:41:06.841255Z[0m [32m INFO[0m [2mvllm_coldstart_operator[0m[2m:[0m reconciling VllmService 'exp-fleet-0' in 'default': model=Qwen/Qwen2.5-7B-Instruct replicas=1 strategy=Eager
[2m2026-07-23T18:41:06.850101Z[0m [32m INFO[0m [2mvllm_coldstart_operator[0m[2m:[0m status of 'exp-fleet-0' -> Pending (0/1 ready)
[2m2026-07-23T18:41:06.850160Z[0m [32m INFO[0m [2mvllm_coldstart_operator[0m[2m:[0m reconciled exp-fleet-0
[2m2026-07-23T18:41:11.852360Z[0m [32m INFO[0m [2mvllm_coldstart_operator[0m[2m:[0m reconciling VllmService 'exp-fleet-0' in 'default': model=Qwen/Qwen2.5-7B-Instruct replicas=1 strategy=Eager
[2m2026-07-23T18:41:11.861169Z[0m [32m INFO[0m [2mvllm_coldstart_operator[0m[2m:[0m status of 'exp-fleet-0' -> Pending (0/1 ready)
[2m2026-07-23T18:41:11.861221Z[0m [32m INFO[0m [2mvllm_coldstart_operator[0m[2m:[0m reconciled exp-fleet-0
[2m2026-07-23T18:41:14.366115Z[0m [32m INFO[0m [2mvllm_coldstart_operator::fleet_controller[0m[2m:[0m reconciling FleetService 'exp-fleet' in 'default': model=Qwen/Qwen2.5-7B-Instruct replicas=1
[2m2026-07-23T18:41:14.881283Z[0m [32m INFO[0m [2mvllm_coldstart_operator::fleet_controller[0m[2m:[0m FleetService 'exp-fleet': preemption notice on '157-151-148-27' — rescheduling slot 0 to '129-159-182-206'
[2m2026-07-23T18:41:14.886100Z[0m [32m INFO[0m [2mvllm_coldstart_operator[0m[2m:[0m reconciling VllmService 'exp-fleet-0' in 'default': model=Qwen/Qwen2.5-7B-Instruct replicas=1 strategy=Eager
[2m2026-07-23T18:41:14.888683Z[0m [32m INFO[0m [2mvllm_coldstart_operator::fleet_controller[0m[2m:[0m FleetService 'exp-fleet': 1 slots placed (1 preserved, 0 newly planned) across 3 candidates
[2m2026-07-23T18:41:14.888841Z[0m [32m INFO[0m [2mvllm_coldstart_operator::fleet_controller[0m[2m:[0m reconciled FleetService exp-fleet
[2m2026-07-23T18:41:14.888860Z[0m [32m INFO[0m [2mvllm_coldstart_operator::fleet_controller[0m[2m:[0m reconciling FleetService 'exp-fleet' in 'default': model=Qwen/Qwen2.5-7B-Instruct replicas=1
[2m2026-07-23T18:41:14.936560Z[0m [32m INFO[0m [2mvllm_coldstart_operator[0m[2m:[0m status of 'exp-fleet-0' -> Pending (0/1 ready)
[2m2026-07-23T18:41:14.936771Z[0m [32m INFO[0m [2mvllm_coldstart_operator[0m[2m:[0m reconciled exp-fleet-0
[2m2026-07-23T18:41:14.936949Z[0m [32m INFO[0m [2mvllm_coldstart_operator[0m[2m:[0m reconciling VllmService 'exp-fleet-0' in 'default': model=Qwen/Qwen2.5-7B-Instruct replicas=1 strategy=Eager
[2m2026-07-23T18:41:14.945301Z[0m [32m INFO[0m [2mvllm_coldstart_operator[0m[2m:[0m status of 'exp-fleet-0' -> Pending (0/1 ready)
[2m2026-07-23T18:41:14.945364Z[0m [32m INFO[0m [2mvllm_coldstart_operator[0m[2m:[0m reconciled exp-fleet-0
[2m2026-07-23T18:41:14.945500Z[0m [32m INFO[0m [2mvllm_coldstart_operator[0m[2m:[0m reconciling VllmService 'exp-fleet-0' in 'default': model=Qwen/Qwen2.5-7B-Instruct replicas=1 strategy=Eager
[2m2026-07-23T18:41:14.953099Z[0m [32m INFO[0m [2mvllm_coldstart_operator[0m[2m:[0m status of 'exp-fleet-0' -> Pending (0/1 ready)
[2m2026-07-23T18:41:14.953230Z[0m [32m INFO[0m [2mvllm_coldstart_operator[0m[2m:[0m reconciled exp-fleet-0
[2m2026-07-23T18:41:15.216246Z[0m [32m INFO[0m [2mvllm_coldstart_operator::fleet_controller[0m[2m:[0m FleetService 'exp-fleet': 1 slots placed (1 preserved, 0 newly planned) across 3 candidates
[2m2026-07-23T18:41:15.216347Z[0m [32m INFO[0m [2mvllm_coldstart_operator::fleet_controller[0m[2m:[0m reconciled FleetService exp-fleet
[2m2026-07-23T18:41:15.216370Z[0m [32m INFO[0m [2mvllm_coldstart_operator::fleet_controller[0m[2m:[0m reconciling FleetService 'exp-fleet' in 'default': model=Qwen/Qwen2.5-7B-Instruct replicas=1
[2m2026-07-23T18:41:15.222341Z[0m [32m INFO[0m [2mvllm_coldstart_operator[0m[2m:[0m reconciling VllmService 'exp-fleet-0' in 'default': model=Qwen/Qwen2.5-7B-Instruct replicas=1 strategy=Eager
[2m2026-07-23T18:41:15.229977Z[0m [32m INFO[0m [2mvllm_coldstart_operator[0m[2m:[0m status of 'exp-fleet-0' -> Pending (0/1 ready)
[2m2026-07-23T18:41:15.230037Z[0m [32m INFO[0m [2mvllm_coldstart_operator[0m[2m:[0m reconciled exp-fleet-0
[2m2026-07-23T18:41:15.924900Z[0m [32m INFO[0m [2mvllm_coldstart_operator::fleet_controller[0m[2m:[0m FleetService 'exp-fleet': 1 slots placed (1 preserved, 0 newly planned) across 3 candidates
[2m2026-07-23T18:41:15.925043Z[0m [32m INFO[0m [2mvllm_coldstart_operator::fleet_controller[0m[2m:[0m reconciled FleetService exp-fleet
[2m2026-07-23T18:41:15.925086Z[0m [32m INFO[0m [2mvllm_coldstart_operator::fleet_controller[0m[2m:[0m reconciling FleetService 'exp-fleet' in 'default': model=Qwen/Qwen2.5-7B-Instruct replicas=1
[2m2026-07-23T18:41:16.217319Z[0m [32m INFO[0m [2mvllm_coldstart_operator::fleet_controller[0m[2m:[0m FleetService 'exp-fleet': 1 slots placed (1 preserved, 0 newly planned) across 3 candidates
[2m2026-07-23T18:41:16.217426Z[0m [32m INFO[0m [2mvllm_coldstart_operator::fleet_controller[0m[2m:[0m reconciled FleetService exp-fleet
[2m2026-07-23T18:41:16.217470Z[0m [32m INFO[0m [2mvllm_coldstart_operator::fleet_controller[0m[2m:[0m reconciling FleetService 'exp-fleet' in 'default': model=Qwen/Qwen2.5-7B-Instruct replicas=1
[2m2026-07-23T18:41:17.216529Z[0m [32m INFO[0m [2mvllm_coldstart_operator::fleet_controller[0m[2m:[0m FleetService 'exp-fleet': 1 slots placed (1 preserved, 0 newly planned) across 3 candidates
[2m2026-07-23T18:41:17.216664Z[0m [32m INFO[0m [2mvllm_coldstart_operator::fleet_controller[0m[2m:[0m reconciled FleetService exp-fleet
[2m2026-07-23T18:41:17.216706Z[0m [32m INFO[0m [2mvllm_coldstart_operator::fleet_controller[0m[2m:[0m reconciling FleetService 'exp-fleet' in 'default': model=Qwen/Qwen2.5-7B-Instruct replicas=1
[2m2026-07-23T18:41:17.269458Z[0m [32m INFO[0m [2mvllm_coldstart_operator::fleet_controller[0m[2m:[0m FleetService 'exp-fleet': 1 slots placed (1 preserved, 0 newly planned) across 3 candidates
[2m2026-07-23T18:41:17.269568Z[0m [32m INFO[0m [2mvllm_coldstart_operator::fleet_controller[0m[2m:[0m reconciled FleetService exp-fleet
[2m2026-07-23T18:41:17.285088Z[0m [32m INFO[0m [2mvllm_coldstart_operator::fleet_controller[0m[2m:[0m reconciling FleetService 'exp-fleet' in 'default': model=Qwen/Qwen2.5-7B-Instruct replicas=1
[2m2026-07-23T18:41:17.385832Z[0m [32m INFO[0m [2mvllm_coldstart_operator::fleet_controller[0m[2m:[0m FleetService 'exp-fleet': 1 slots placed (1 preserved, 0 newly planned) across 3 candidates
[2m2026-07-23T18:41:17.385927Z[0m [32m INFO[0m [2mvllm_coldstart_operator::fleet_controller[0m[2m:[0m reconciled FleetService exp-fleet
[2m2026-07-23T18:41:17.386046Z[0m [32m INFO[0m [2mvllm_coldstart_operator::fleet_controller[0m[2m:[0m reconciling FleetService 'exp-fleet' in 'default': model=Qwen/Qwen2.5-7B-Instruct replicas=1
[2m2026-07-23T18:41:17.559840Z[0m [33m WARN[0m [2mvllm_coldstart_operator::fleet_controller[0m[2m:[0m FleetService 'exp-fleet' reconcile failed: Kube(Api(ErrorResponse { status: "Failure", message: "fleetservices.inference.michelecampi.dev \"exp-fleet\" not found", reason: "NotFound", code: 404 }))
[2m2026-07-23T18:41:17.559874Z[0m [33m WARN[0m [2mvllm_coldstart_operator::fleet_controller[0m[2m:[0m fleet reconcile loop error: ReconcilerFailed(Kube(Api(ErrorResponse { status: "Failure", message: "fleetservices.inference.michelecampi.dev \"exp-fleet\" not found", reason: "NotFound", code: 404 })), ObjectRef { dyntype: ApiResource { group: "inference.michelecampi.dev", version: "v1alpha1", api_version: "inference.michelecampi.dev/v1alpha1", kind: "FleetService", plural: "fleetservices" }, name: "exp-fleet", namespace: Some("default"), extra: Extra { resource_version: Some("6129"), uid: Some("a4ff9270-942f-462e-9cd9-585329ede1bd") } })
[2m2026-07-23T18:41:17.564335Z[0m [33m WARN[0m [2mvllm_coldstart_operator::fleet_controller[0m[2m:[0m fleet reconcile loop error: ObjectNotFound(ObjectRef { dyntype: ApiResource { group: "inference.michelecampi.dev", version: "v1alpha1", api_version: "inference.michelecampi.dev/v1alpha1", kind: "FleetService", plural: "fleetservices" }, name: "exp-fleet", namespace: Some("default"), extra: Extra { resource_version: None, uid: Some("a4ff9270-942f-462e-9cd9-585329ede1bd") } })
[2m2026-07-23T18:41:17.566763Z[0m [33m WARN[0m [2mvllm_coldstart_operator[0m[2m:[0m reconcile loop error: ObjectNotFound(ObjectRef { dyntype: ApiResource { group: "inference.michelecampi.dev", version: "v1alpha1", api_version: "inference.michelecampi.dev/v1alpha1", kind: "VllmService", plural: "vllmservices" }, name: "exp-fleet-0", namespace: Some("default"), extra: Extra { resource_version: None, uid: Some("013968b3-d2d1-4f34-abc6-79f4434865ac") } })
[2m2026-07-23T18:45:14.833697Z[0m [32m INFO[0m [2mvllm_coldstart_operator::fleet_controller[0m[2m:[0m reconciling FleetService 'exp-fleet' in 'default': model=Qwen/Qwen2.5-7B-Instruct replicas=1
[2m2026-07-23T18:45:15.215451Z[0m [32m INFO[0m [2mvllm_coldstart_operator[0m[2m:[0m reconciling VllmService 'exp-fleet-0' in 'default': model=Qwen/Qwen2.5-7B-Instruct replicas=1 strategy=Eager
[2m2026-07-23T18:45:15.216908Z[0m [32m INFO[0m [2mvllm_coldstart_operator::fleet_controller[0m[2m:[0m FleetService 'exp-fleet': 1 slots placed (0 preserved, 1 newly planned) across 3 candidates
[2m2026-07-23T18:45:15.216965Z[0m [32m INFO[0m [2mvllm_coldstart_operator::fleet_controller[0m[2m:[0m reconciled FleetService exp-fleet
[2m2026-07-23T18:45:15.216993Z[0m [32m INFO[0m [2mvllm_coldstart_operator::fleet_controller[0m[2m:[0m reconciling FleetService 'exp-fleet' in 'default': model=Qwen/Qwen2.5-7B-Instruct replicas=1
[2m2026-07-23T18:45:15.272885Z[0m [32m INFO[0m [2mvllm_coldstart_operator[0m[2m:[0m status of 'exp-fleet-0' -> Pending (0/1 ready)
[2m2026-07-23T18:45:15.272981Z[0m [32m INFO[0m [2mvllm_coldstart_operator[0m[2m:[0m reconciled exp-fleet-0
[2m2026-07-23T18:45:15.273125Z[0m [32m INFO[0m [2mvllm_coldstart_operator[0m[2m:[0m reconciling VllmService 'exp-fleet-0' in 'default': model=Qwen/Qwen2.5-7B-Instruct replicas=1 strategy=Eager
[2m2026-07-23T18:45:15.283637Z[0m [32m INFO[0m [2mvllm_coldstart_operator[0m[2m:[0m status of 'exp-fleet-0' -> Pending (0/1 ready)
[2m2026-07-23T18:45:15.283700Z[0m [32m INFO[0m [2mvllm_coldstart_operator[0m[2m:[0m reconciled exp-fleet-0
[2m2026-07-23T18:45:15.283811Z[0m [32m INFO[0m [2mvllm_coldstart_operator[0m[2m:[0m reconciling VllmService 'exp-fleet-0' in 'default': model=Qwen/Qwen2.5-7B-Instruct replicas=1 strategy=Eager
[2m2026-07-23T18:45:15.291234Z[0m [32m INFO[0m [2mvllm_coldstart_operator[0m[2m:[0m status of 'exp-fleet-0' -> Pending (0/1 ready)
[2m2026-07-23T18:45:15.291275Z[0m [32m INFO[0m [2mvllm_coldstart_operator[0m[2m:[0m reconciled exp-fleet-0
[2m2026-07-23T18:45:15.997333Z[0m [32m INFO[0m [2mvllm_coldstart_operator::fleet_controller[0m[2m:[0m FleetService 'exp-fleet': 1 slots placed (1 preserved, 0 newly planned) across 3 candidates
[2m2026-07-23T18:45:15.997460Z[0m [32m INFO[0m [2mvllm_coldstart_operator::fleet_controller[0m[2m:[0m reconciled FleetService exp-fleet
[2m2026-07-23T18:45:15.997685Z[0m [32m INFO[0m [2mvllm_coldstart_operator::fleet_controller[0m[2m:[0m reconciling FleetService 'exp-fleet' in 'default': model=Qwen/Qwen2.5-7B-Instruct replicas=1
[2m2026-07-23T18:45:16.002690Z[0m [32m INFO[0m [2mvllm_coldstart_operator[0m[2m:[0m reconciling VllmService 'exp-fleet-0' in 'default': model=Qwen/Qwen2.5-7B-Instruct replicas=1 strategy=Eager
[2m2026-07-23T18:45:16.010151Z[0m [32m INFO[0m [2mvllm_coldstart_operator[0m[2m:[0m status of 'exp-fleet-0' -> Pending (0/1 ready)
[2m2026-07-23T18:45:16.010217Z[0m [32m INFO[0m [2mvllm_coldstart_operator[0m[2m:[0m reconciled exp-fleet-0
[2m2026-07-23T18:45:16.298423Z[0m [32m INFO[0m [2mvllm_coldstart_operator::fleet_controller[0m[2m:[0m FleetService 'exp-fleet': 1 slots placed (1 preserved, 0 newly planned) across 3 candidates
[2m2026-07-23T18:45:16.298557Z[0m [32m INFO[0m [2mvllm_coldstart_operator::fleet_controller[0m[2m:[0m reconciled FleetService exp-fleet
[2m2026-07-23T18:45:17.595889Z[0m [32m INFO[0m [2mvllm_coldstart_operator::fleet_controller[0m[2m:[0m reconciling FleetService 'exp-fleet' in 'default': model=Qwen/Qwen2.5-7B-Instruct replicas=1
[2m2026-07-23T18:45:17.720334Z[0m [32m INFO[0m [2mvllm_coldstart_operator::fleet_controller[0m[2m:[0m FleetService 'exp-fleet': 1 slots placed (1 preserved, 0 newly planned) across 3 candidates
[2m2026-07-23T18:45:17.720424Z[0m [32m INFO[0m [2mvllm_coldstart_operator::fleet_controller[0m[2m:[0m reconciled FleetService exp-fleet
[2m2026-07-23T18:45:17.720526Z[0m [32m INFO[0m [2mvllm_coldstart_operator::fleet_controller[0m[2m:[0m reconciling FleetService 'exp-fleet' in 'default': model=Qwen/Qwen2.5-7B-Instruct replicas=1
[2m2026-07-23T18:45:18.217127Z[0m [32m INFO[0m [2mvllm_coldstart_operator::fleet_controller[0m[2m:[0m FleetService 'exp-fleet': 1 slots placed (1 preserved, 0 newly planned) across 3 candidates
[2m2026-07-23T18:45:18.217233Z[0m [32m INFO[0m [2mvllm_coldstart_operator::fleet_controller[0m[2m:[0m reconciled FleetService exp-fleet
[2m2026-07-23T18:45:18.449194Z[0m [32m INFO[0m [2mvllm_coldstart_operator::fleet_controller[0m[2m:[0m reconciling FleetService 'exp-fleet' in 'default': model=Qwen/Qwen2.5-7B-Instruct replicas=1
[2m2026-07-23T18:45:19.217471Z[0m [32m INFO[0m [2mvllm_coldstart_operator::fleet_controller[0m[2m:[0m FleetService 'exp-fleet': 1 slots placed (1 preserved, 0 newly planned) across 3 candidates
[2m2026-07-23T18:45:19.217564Z[0m [32m INFO[0m [2mvllm_coldstart_operator::fleet_controller[0m[2m:[0m reconciled FleetService exp-fleet
[2m2026-07-23T18:45:21.012139Z[0m [32m INFO[0m [2mvllm_coldstart_operator[0m[2m:[0m reconciling VllmService 'exp-fleet-0' in 'default': model=Qwen/Qwen2.5-7B-Instruct replicas=1 strategy=Eager
[2m2026-07-23T18:45:21.020884Z[0m [32m INFO[0m [2mvllm_coldstart_operator[0m[2m:[0m status of 'exp-fleet-0' -> Pending (0/1 ready)
[2m2026-07-23T18:45:21.021053Z[0m [32m INFO[0m [2mvllm_coldstart_operator[0m[2m:[0m reconciled exp-fleet-0
[2m2026-07-23T18:45:26.022228Z[0m [32m INFO[0m [2mvllm_coldstart_operator[0m[2m:[0m reconciling VllmService 'exp-fleet-0' in 'default': model=Qwen/Qwen2.5-7B-Instruct replicas=1 strategy=Eager
[2m2026-07-23T18:45:26.031109Z[0m [32m INFO[0m [2mvllm_coldstart_operator[0m[2m:[0m status of 'exp-fleet-0' -> Pending (0/1 ready)
[2m2026-07-23T18:45:26.031180Z[0m [32m INFO[0m [2mvllm_coldstart_operator[0m[2m:[0m reconciled exp-fleet-0
[2m2026-07-23T18:45:31.033420Z[0m [32m INFO[0m [2mvllm_coldstart_operator[0m[2m:[0m reconciling VllmService 'exp-fleet-0' in 'default': model=Qwen/Qwen2.5-7B-Instruct replicas=1 strategy=Eager
[2m2026-07-23T18:45:31.044521Z[0m [32m INFO[0m [2mvllm_coldstart_operator[0m[2m:[0m status of 'exp-fleet-0' -> Pending (0/1 ready)
[2m2026-07-23T18:45:31.044587Z[0m [32m INFO[0m [2mvllm_coldstart_operator[0m[2m:[0m reconciled exp-fleet-0
[2m2026-07-23T18:45:32.615070Z[0m [32m INFO[0m [2mvllm_coldstart_operator::fleet_controller[0m[2m:[0m reconciling FleetService 'exp-fleet' in 'default': model=Qwen/Qwen2.5-7B-Instruct replicas=1
[2m2026-07-23T18:45:32.738501Z[0m [32m INFO[0m [2mvllm_coldstart_operator::fleet_controller[0m[2m:[0m FleetService 'exp-fleet': 1 slots placed (1 preserved, 0 newly planned) across 3 candidates
[2m2026-07-23T18:45:32.738568Z[0m [32m INFO[0m [2mvllm_coldstart_operator::fleet_controller[0m[2m:[0m reconciled FleetService exp-fleet
[2m2026-07-23T18:45:32.738591Z[0m [32m INFO[0m [2mvllm_coldstart_operator::fleet_controller[0m[2m:[0m reconciling FleetService 'exp-fleet' in 'default': model=Qwen/Qwen2.5-7B-Instruct replicas=1
[2m2026-07-23T18:45:33.148045Z[0m [32m INFO[0m [2mvllm_coldstart_operator::fleet_controller[0m[2m:[0m FleetService 'exp-fleet': 1 slots placed (1 preserved, 0 newly planned) across 3 candidates
[2m2026-07-23T18:45:33.148235Z[0m [32m INFO[0m [2mvllm_coldstart_operator::fleet_controller[0m[2m:[0m reconciled FleetService exp-fleet
[2m2026-07-23T18:45:33.468776Z[0m [32m INFO[0m [2mvllm_coldstart_operator::fleet_controller[0m[2m:[0m reconciling FleetService 'exp-fleet' in 'default': model=Qwen/Qwen2.5-7B-Instruct replicas=1
[2m2026-07-23T18:45:34.217454Z[0m [32m INFO[0m [2mvllm_coldstart_operator::fleet_controller[0m[2m:[0m FleetService 'exp-fleet': 1 slots placed (1 preserved, 0 newly planned) across 3 candidates
[2m2026-07-23T18:45:34.217947Z[0m [32m INFO[0m [2mvllm_coldstart_operator::fleet_controller[0m[2m:[0m reconciled FleetService exp-fleet
[2m2026-07-23T18:45:36.046447Z[0m [32m INFO[0m [2mvllm_coldstart_operator[0m[2m:[0m reconciling VllmService 'exp-fleet-0' in 'default': model=Qwen/Qwen2.5-7B-Instruct replicas=1 strategy=Eager
[2m2026-07-23T18:45:36.056316Z[0m [32m INFO[0m [2mvllm_coldstart_operator[0m[2m:[0m status of 'exp-fleet-0' -> Pending (0/1 ready)
[2m2026-07-23T18:45:36.056391Z[0m [32m INFO[0m [2mvllm_coldstart_operator[0m[2m:[0m reconciled exp-fleet-0
[2m2026-07-23T18:45:41.058356Z[0m [32m INFO[0m [2mvllm_coldstart_operator[0m[2m:[0m reconciling VllmService 'exp-fleet-0' in 'default': model=Qwen/Qwen2.5-7B-Instruct replicas=1 strategy=Eager
[2m2026-07-23T18:45:41.068294Z[0m [32m INFO[0m [2mvllm_coldstart_operator[0m[2m:[0m status of 'exp-fleet-0' -> Pending (0/1 ready)
[2m2026-07-23T18:45:41.068493Z[0m [32m INFO[0m [2mvllm_coldstart_operator[0m[2m:[0m reconciled exp-fleet-0
[2m2026-07-23T18:45:46.069777Z[0m [32m INFO[0m [2mvllm_coldstart_operator[0m[2m:[0m reconciling VllmService 'exp-fleet-0' in 'default': model=Qwen/Qwen2.5-7B-Instruct replicas=1 strategy=Eager
[2m2026-07-23T18:45:46.080150Z[0m [32m INFO[0m [2mvllm_coldstart_operator[0m[2m:[0m status of 'exp-fleet-0' -> Pending (0/1 ready)
[2m2026-07-23T18:45:46.080227Z[0m [32m INFO[0m [2mvllm_coldstart_operator[0m[2m:[0m reconciled exp-fleet-0
[2m2026-07-23T18:45:47.634241Z[0m [32m INFO[0m [2mvllm_coldstart_operator::fleet_controller[0m[2m:[0m reconciling FleetService 'exp-fleet' in 'default': model=Qwen/Qwen2.5-7B-Instruct replicas=1
[2m2026-07-23T18:45:47.758095Z[0m [32m INFO[0m [2mvllm_coldstart_operator::fleet_controller[0m[2m:[0m FleetService 'exp-fleet': 1 slots placed (1 preserved, 0 newly planned) across 3 candidates
[2m2026-07-23T18:45:47.758278Z[0m [32m INFO[0m [2mvllm_coldstart_operator::fleet_controller[0m[2m:[0m reconciled FleetService exp-fleet
[2m2026-07-23T18:45:47.758311Z[0m [32m INFO[0m [2mvllm_coldstart_operator::fleet_controller[0m[2m:[0m reconciling FleetService 'exp-fleet' in 'default': model=Qwen/Qwen2.5-7B-Instruct replicas=1
[2m2026-07-23T18:45:48.216397Z[0m [32m INFO[0m [2mvllm_coldstart_operator::fleet_controller[0m[2m:[0m FleetService 'exp-fleet': 1 slots placed (1 preserved, 0 newly planned) across 3 candidates
[2m2026-07-23T18:45:48.216500Z[0m [32m INFO[0m [2mvllm_coldstart_operator::fleet_controller[0m[2m:[0m reconciled FleetService exp-fleet
[2m2026-07-23T18:45:48.490624Z[0m [32m INFO[0m [2mvllm_coldstart_operator::fleet_controller[0m[2m:[0m reconciling FleetService 'exp-fleet' in 'default': model=Qwen/Qwen2.5-7B-Instruct replicas=1
[2m2026-07-23T18:45:49.216879Z[0m [32m INFO[0m [2mvllm_coldstart_operator::fleet_controller[0m[2m:[0m FleetService 'exp-fleet': 1 slots placed (1 preserved, 0 newly planned) across 3 candidates
[2m2026-07-23T18:45:49.217352Z[0m [32m INFO[0m [2mvllm_coldstart_operator::fleet_controller[0m[2m:[0m reconciled FleetService exp-fleet
[2m2026-07-23T18:45:51.082512Z[0m [32m INFO[0m [2mvllm_coldstart_operator[0m[2m:[0m reconciling VllmService 'exp-fleet-0' in 'default': model=Qwen/Qwen2.5-7B-Instruct replicas=1 strategy=Eager
[2m2026-07-23T18:45:51.091043Z[0m [32m INFO[0m [2mvllm_coldstart_operator[0m[2m:[0m status of 'exp-fleet-0' -> Pending (0/1 ready)
[2m2026-07-23T18:45:51.091152Z[0m [32m INFO[0m [2mvllm_coldstart_operator[0m[2m:[0m reconciled exp-fleet-0
[2m2026-07-23T18:45:56.093612Z[0m [32m INFO[0m [2mvllm_coldstart_operator[0m[2m:[0m reconciling VllmService 'exp-fleet-0' in 'default': model=Qwen/Qwen2.5-7B-Instruct replicas=1 strategy=Eager
[2m2026-07-23T18:45:56.102483Z[0m [32m INFO[0m [2mvllm_coldstart_operator[0m[2m:[0m status of 'exp-fleet-0' -> Pending (0/1 ready)
[2m2026-07-23T18:45:56.102585Z[0m [32m INFO[0m [2mvllm_coldstart_operator[0m[2m:[0m reconciled exp-fleet-0
[2m2026-07-23T18:46:01.103950Z[0m [32m INFO[0m [2mvllm_coldstart_operator[0m[2m:[0m reconciling VllmService 'exp-fleet-0' in 'default': model=Qwen/Qwen2.5-7B-Instruct replicas=1 strategy=Eager
[2m2026-07-23T18:46:01.113060Z[0m [32m INFO[0m [2mvllm_coldstart_operator[0m[2m:[0m status of 'exp-fleet-0' -> Pending (0/1 ready)
[2m2026-07-23T18:46:01.113163Z[0m [32m INFO[0m [2mvllm_coldstart_operator[0m[2m:[0m reconciled exp-fleet-0
[2m2026-07-23T18:46:02.654087Z[0m [32m INFO[0m [2mvllm_coldstart_operator::fleet_controller[0m[2m:[0m reconciling FleetService 'exp-fleet' in 'default': model=Qwen/Qwen2.5-7B-Instruct replicas=1
[2m2026-07-23T18:46:02.775683Z[0m [32m INFO[0m [2mvllm_coldstart_operator::fleet_controller[0m[2m:[0m FleetService 'exp-fleet': 1 slots placed (1 preserved, 0 newly planned) across 3 candidates
[2m2026-07-23T18:46:02.775770Z[0m [32m INFO[0m [2mvllm_coldstart_operator::fleet_controller[0m[2m:[0m reconciled FleetService exp-fleet
[2m2026-07-23T18:46:02.775791Z[0m [32m INFO[0m [2mvllm_coldstart_operator::fleet_controller[0m[2m:[0m reconciling FleetService 'exp-fleet' in 'default': model=Qwen/Qwen2.5-7B-Instruct replicas=1
[2m2026-07-23T18:46:03.217300Z[0m [32m INFO[0m [2mvllm_coldstart_operator::fleet_controller[0m[2m:[0m FleetService 'exp-fleet': 1 slots placed (1 preserved, 0 newly planned) across 3 candidates
[2m2026-07-23T18:46:03.217394Z[0m [32m INFO[0m [2mvllm_coldstart_operator::fleet_controller[0m[2m:[0m reconciled FleetService exp-fleet
[2m2026-07-23T18:46:03.506998Z[0m [32m INFO[0m [2mvllm_coldstart_operator::fleet_controller[0m[2m:[0m reconciling FleetService 'exp-fleet' in 'default': model=Qwen/Qwen2.5-7B-Instruct replicas=1
[2m2026-07-23T18:46:03.673518Z[0m [32m INFO[0m [2mvllm_coldstart_operator::fleet_controller[0m[2m:[0m FleetService 'exp-fleet': 1 slots placed (1 preserved, 0 newly planned) across 3 candidates
[2m2026-07-23T18:46:03.673892Z[0m [32m INFO[0m [2mvllm_coldstart_operator::fleet_controller[0m[2m:[0m reconciled FleetService exp-fleet
[2m2026-07-23T18:46:06.115253Z[0m [32m INFO[0m [2mvllm_coldstart_operator[0m[2m:[0m reconciling VllmService 'exp-fleet-0' in 'default': model=Qwen/Qwen2.5-7B-Instruct replicas=1 strategy=Eager
[2m2026-07-23T18:46:06.123775Z[0m [32m INFO[0m [2mvllm_coldstart_operator[0m[2m:[0m status of 'exp-fleet-0' -> Pending (0/1 ready)
[2m2026-07-23T18:46:06.123933Z[0m [32m INFO[0m [2mvllm_coldstart_operator[0m[2m:[0m reconciled exp-fleet-0
[2m2026-07-23T18:46:11.125068Z[0m [32m INFO[0m [2mvllm_coldstart_operator[0m[2m:[0m reconciling VllmService 'exp-fleet-0' in 'default': model=Qwen/Qwen2.5-7B-Instruct replicas=1 strategy=Eager
[2m2026-07-23T18:46:11.133909Z[0m [32m INFO[0m [2mvllm_coldstart_operator[0m[2m:[0m status of 'exp-fleet-0' -> Pending (0/1 ready)
[2m2026-07-23T18:46:11.134008Z[0m [32m INFO[0m [2mvllm_coldstart_operator[0m[2m:[0m reconciled exp-fleet-0
[2m2026-07-23T18:46:16.135248Z[0m [32m INFO[0m [2mvllm_coldstart_operator[0m[2m:[0m reconciling VllmService 'exp-fleet-0' in 'default': model=Qwen/Qwen2.5-7B-Instruct replicas=1 strategy=Eager
[2m2026-07-23T18:46:16.144079Z[0m [32m INFO[0m [2mvllm_coldstart_operator[0m[2m:[0m status of 'exp-fleet-0' -> Pending (0/1 ready)
[2m2026-07-23T18:46:16.144222Z[0m [32m INFO[0m [2mvllm_coldstart_operator[0m[2m:[0m reconciled exp-fleet-0
[2m2026-07-23T18:46:17.672178Z[0m [32m INFO[0m [2mvllm_coldstart_operator::fleet_controller[0m[2m:[0m reconciling FleetService 'exp-fleet' in 'default': model=Qwen/Qwen2.5-7B-Instruct replicas=1
[2m2026-07-23T18:46:17.794951Z[0m [32m INFO[0m [2mvllm_coldstart_operator::fleet_controller[0m[2m:[0m FleetService 'exp-fleet': 1 slots placed (1 preserved, 0 newly planned) across 3 candidates
[2m2026-07-23T18:46:17.795025Z[0m [32m INFO[0m [2mvllm_coldstart_operator::fleet_controller[0m[2m:[0m reconciled FleetService exp-fleet
[2m2026-07-23T18:46:17.795042Z[0m [32m INFO[0m [2mvllm_coldstart_operator::fleet_controller[0m[2m:[0m reconciling FleetService 'exp-fleet' in 'default': model=Qwen/Qwen2.5-7B-Instruct replicas=1
[2m2026-07-23T18:46:18.216553Z[0m [32m INFO[0m [2mvllm_coldstart_operator::fleet_controller[0m[2m:[0m FleetService 'exp-fleet': 1 slots placed (1 preserved, 0 newly planned) across 3 candidates
[2m2026-07-23T18:46:18.216754Z[0m [32m INFO[0m [2mvllm_coldstart_operator::fleet_controller[0m[2m:[0m reconciled FleetService exp-fleet
[2m2026-07-23T18:46:18.524035Z[0m [32m INFO[0m [2mvllm_coldstart_operator::fleet_controller[0m[2m:[0m reconciling FleetService 'exp-fleet' in 'default': model=Qwen/Qwen2.5-7B-Instruct replicas=1
[2m2026-07-23T18:46:19.216752Z[0m [32m INFO[0m [2mvllm_coldstart_operator::fleet_controller[0m[2m:[0m FleetService 'exp-fleet': 1 slots placed (1 preserved, 0 newly planned) across 3 candidates
[2m2026-07-23T18:46:19.216850Z[0m [32m INFO[0m [2mvllm_coldstart_operator::fleet_controller[0m[2m:[0m reconciled FleetService exp-fleet
[2m2026-07-23T18:46:21.145941Z[0m [32m INFO[0m [2mvllm_coldstart_operator[0m[2m:[0m reconciling VllmService 'exp-fleet-0' in 'default': model=Qwen/Qwen2.5-7B-Instruct replicas=1 strategy=Eager
[2m2026-07-23T18:46:21.154834Z[0m [32m INFO[0m [2mvllm_coldstart_operator[0m[2m:[0m status of 'exp-fleet-0' -> Pending (0/1 ready)
[2m2026-07-23T18:46:21.154997Z[0m [32m INFO[0m [2mvllm_coldstart_operator[0m[2m:[0m reconciled exp-fleet-0
[2m2026-07-23T18:46:26.156046Z[0m [32m INFO[0m [2mvllm_coldstart_operator[0m[2m:[0m reconciling VllmService 'exp-fleet-0' in 'default': model=Qwen/Qwen2.5-7B-Instruct replicas=1 strategy=Eager
[2m2026-07-23T18:46:26.164711Z[0m [32m INFO[0m [2mvllm_coldstart_operator[0m[2m:[0m status of 'exp-fleet-0' -> Pending (0/1 ready)
[2m2026-07-23T18:46:26.164774Z[0m [32m INFO[0m [2mvllm_coldstart_operator[0m[2m:[0m reconciled exp-fleet-0
[2m2026-07-23T18:46:31.166005Z[0m [32m INFO[0m [2mvllm_coldstart_operator[0m[2m:[0m reconciling VllmService 'exp-fleet-0' in 'default': model=Qwen/Qwen2.5-7B-Instruct replicas=1 strategy=Eager
[2m2026-07-23T18:46:31.174412Z[0m [32m INFO[0m [2mvllm_coldstart_operator[0m[2m:[0m status of 'exp-fleet-0' -> Pending (0/1 ready)
[2m2026-07-23T18:46:31.174482Z[0m [32m INFO[0m [2mvllm_coldstart_operator[0m[2m:[0m reconciled exp-fleet-0
[2m2026-07-23T18:46:32.690652Z[0m [32m INFO[0m [2mvllm_coldstart_operator::fleet_controller[0m[2m:[0m reconciling FleetService 'exp-fleet' in 'default': model=Qwen/Qwen2.5-7B-Instruct replicas=1
[2m2026-07-23T18:46:32.812035Z[0m [32m INFO[0m [2mvllm_coldstart_operator::fleet_controller[0m[2m:[0m FleetService 'exp-fleet': 1 slots placed (1 preserved, 0 newly planned) across 3 candidates
[2m2026-07-23T18:46:32.812124Z[0m [32m INFO[0m [2mvllm_coldstart_operator::fleet_controller[0m[2m:[0m reconciled FleetService exp-fleet
[2m2026-07-23T18:46:32.812160Z[0m [32m INFO[0m [2mvllm_coldstart_operator::fleet_controller[0m[2m:[0m reconciling FleetService 'exp-fleet' in 'default': model=Qwen/Qwen2.5-7B-Instruct replicas=1
[2m2026-07-23T18:46:33.217585Z[0m [32m INFO[0m [2mvllm_coldstart_operator::fleet_controller[0m[2m:[0m FleetService 'exp-fleet': 1 slots placed (1 preserved, 0 newly planned) across 3 candidates
[2m2026-07-23T18:46:33.217671Z[0m [32m INFO[0m [2mvllm_coldstart_operator::fleet_controller[0m[2m:[0m reconciled FleetService exp-fleet
[2m2026-07-23T18:46:33.540106Z[0m [32m INFO[0m [2mvllm_coldstart_operator::fleet_controller[0m[2m:[0m reconciling FleetService 'exp-fleet' in 'default': model=Qwen/Qwen2.5-7B-Instruct replicas=1
[2m2026-07-23T18:46:34.015344Z[0m [32m INFO[0m [2mvllm_coldstart_operator::fleet_controller[0m[2m:[0m FleetService 'exp-fleet': 1 slots placed (1 preserved, 0 newly planned) across 3 candidates
[2m2026-07-23T18:46:34.015697Z[0m [32m INFO[0m [2mvllm_coldstart_operator::fleet_controller[0m[2m:[0m reconciled FleetService exp-fleet
[2m2026-07-23T18:46:36.175714Z[0m [32m INFO[0m [2mvllm_coldstart_operator[0m[2m:[0m reconciling VllmService 'exp-fleet-0' in 'default': model=Qwen/Qwen2.5-7B-Instruct replicas=1 strategy=Eager
[2m2026-07-23T18:46:36.184392Z[0m [32m INFO[0m [2mvllm_coldstart_operator[0m[2m:[0m status of 'exp-fleet-0' -> Pending (0/1 ready)
[2m2026-07-23T18:46:36.184456Z[0m [32m INFO[0m [2mvllm_coldstart_operator[0m[2m:[0m reconciled exp-fleet-0
[2m2026-07-23T18:46:41.185710Z[0m [32m INFO[0m [2mvllm_coldstart_operator[0m[2m:[0m reconciling VllmService 'exp-fleet-0' in 'default': model=Qwen/Qwen2.5-7B-Instruct replicas=1 strategy=Eager
[2m2026-07-23T18:46:41.194452Z[0m [32m INFO[0m [2mvllm_coldstart_operator[0m[2m:[0m status of 'exp-fleet-0' -> Pending (0/1 ready)
[2m2026-07-23T18:46:41.194514Z[0m [32m INFO[0m [2mvllm_coldstart_operator[0m[2m:[0m reconciled exp-fleet-0
[2m2026-07-23T18:46:46.195729Z[0m [32m INFO[0m [2mvllm_coldstart_operator[0m[2m:[0m reconciling VllmService 'exp-fleet-0' in 'default': model=Qwen/Qwen2.5-7B-Instruct replicas=1 strategy=Eager
[2m2026-07-23T18:46:46.204764Z[0m [32m INFO[0m [2mvllm_coldstart_operator[0m[2m:[0m status of 'exp-fleet-0' -> Pending (0/1 ready)
[2m2026-07-23T18:46:46.204838Z[0m [32m INFO[0m [2mvllm_coldstart_operator[0m[2m:[0m reconciled exp-fleet-0
[2m2026-07-23T18:46:47.709182Z[0m [32m INFO[0m [2mvllm_coldstart_operator::fleet_controller[0m[2m:[0m reconciling FleetService 'exp-fleet' in 'default': model=Qwen/Qwen2.5-7B-Instruct replicas=1
[2m2026-07-23T18:46:47.804038Z[0m [32m INFO[0m [2mvllm_coldstart_operator::fleet_controller[0m[2m:[0m FleetService 'exp-fleet': 1 slots placed (1 preserved, 0 newly planned) across 3 candidates
[2m2026-07-23T18:46:47.804119Z[0m [32m INFO[0m [2mvllm_coldstart_operator::fleet_controller[0m[2m:[0m reconciled FleetService exp-fleet
[2m2026-07-23T18:46:47.825027Z[0m [32m INFO[0m [2mvllm_coldstart_operator::fleet_controller[0m[2m:[0m reconciling FleetService 'exp-fleet' in 'default': model=Qwen/Qwen2.5-7B-Instruct replicas=1
[2m2026-07-23T18:46:48.216925Z[0m [32m INFO[0m [2mvllm_coldstart_operator::fleet_controller[0m[2m:[0m FleetService 'exp-fleet': 1 slots placed (1 preserved, 0 newly planned) across 3 candidates
[2m2026-07-23T18:46:48.217168Z[0m [32m INFO[0m [2mvllm_coldstart_operator::fleet_controller[0m[2m:[0m reconciled FleetService exp-fleet
[2m2026-07-23T18:46:48.558229Z[0m [32m INFO[0m [2mvllm_coldstart_operator::fleet_controller[0m[2m:[0m reconciling FleetService 'exp-fleet' in 'default': model=Qwen/Qwen2.5-7B-Instruct replicas=1
[2m2026-07-23T18:46:49.216529Z[0m [32m INFO[0m [2mvllm_coldstart_operator::fleet_controller[0m[2m:[0m FleetService 'exp-fleet': 1 slots placed (1 preserved, 0 newly planned) across 3 candidates
[2m2026-07-23T18:46:49.216893Z[0m [32m INFO[0m [2mvllm_coldstart_operator::fleet_controller[0m[2m:[0m reconciled FleetService exp-fleet
[2m2026-07-23T18:46:51.205889Z[0m [32m INFO[0m [2mvllm_coldstart_operator[0m[2m:[0m reconciling VllmService 'exp-fleet-0' in 'default': model=Qwen/Qwen2.5-7B-Instruct replicas=1 strategy=Eager
[2m2026-07-23T18:46:51.214591Z[0m [32m INFO[0m [2mvllm_coldstart_operator[0m[2m:[0m status of 'exp-fleet-0' -> Pending (0/1 ready)
[2m2026-07-23T18:46:51.214757Z[0m [32m INFO[0m [2mvllm_coldstart_operator[0m[2m:[0m reconciled exp-fleet-0
[2m2026-07-23T18:46:56.215851Z[0m [32m INFO[0m [2mvllm_coldstart_operator[0m[2m:[0m reconciling VllmService 'exp-fleet-0' in 'default': model=Qwen/Qwen2.5-7B-Instruct replicas=1 strategy=Eager
[2m2026-07-23T18:46:56.224516Z[0m [32m INFO[0m [2mvllm_coldstart_operator[0m[2m:[0m status of 'exp-fleet-0' -> Pending (0/1 ready)
[2m2026-07-23T18:46:56.224580Z[0m [32m INFO[0m [2mvllm_coldstart_operator[0m[2m:[0m reconciled exp-fleet-0
[2m2026-07-23T18:47:01.225821Z[0m [32m INFO[0m [2mvllm_coldstart_operator[0m[2m:[0m reconciling VllmService 'exp-fleet-0' in 'default': model=Qwen/Qwen2.5-7B-Instruct replicas=1 strategy=Eager
[2m2026-07-23T18:47:01.234128Z[0m [32m INFO[0m [2mvllm_coldstart_operator[0m[2m:[0m status of 'exp-fleet-0' -> Pending (0/1 ready)
[2m2026-07-23T18:47:01.234193Z[0m [32m INFO[0m [2mvllm_coldstart_operator[0m[2m:[0m reconciled exp-fleet-0
[2m2026-07-23T18:47:02.726105Z[0m [32m INFO[0m [2mvllm_coldstart_operator::fleet_controller[0m[2m:[0m reconciling FleetService 'exp-fleet' in 'default': model=Qwen/Qwen2.5-7B-Instruct replicas=1
[2m2026-07-23T18:47:02.849776Z[0m [32m INFO[0m [2mvllm_coldstart_operator::fleet_controller[0m[2m:[0m FleetService 'exp-fleet': 1 slots placed (1 preserved, 0 newly planned) across 3 candidates
[2m2026-07-23T18:47:02.849846Z[0m [32m INFO[0m [2mvllm_coldstart_operator::fleet_controller[0m[2m:[0m reconciled FleetService exp-fleet
[2m2026-07-23T18:47:02.849864Z[0m [32m INFO[0m [2mvllm_coldstart_operator::fleet_controller[0m[2m:[0m reconciling FleetService 'exp-fleet' in 'default': model=Qwen/Qwen2.5-7B-Instruct replicas=1
[2m2026-07-23T18:47:03.216464Z[0m [32m INFO[0m [2mvllm_coldstart_operator::fleet_controller[0m[2m:[0m FleetService 'exp-fleet': 1 slots placed (1 preserved, 0 newly planned) across 3 candidates
[2m2026-07-23T18:47:03.216574Z[0m [32m INFO[0m [2mvllm_coldstart_operator::fleet_controller[0m[2m:[0m reconciled FleetService exp-fleet
[2m2026-07-23T18:47:03.576597Z[0m [32m INFO[0m [2mvllm_coldstart_operator::fleet_controller[0m[2m:[0m reconciling FleetService 'exp-fleet' in 'default': model=Qwen/Qwen2.5-7B-Instruct replicas=1
[2m2026-07-23T18:47:04.216617Z[0m [32m INFO[0m [2mvllm_coldstart_operator::fleet_controller[0m[2m:[0m FleetService 'exp-fleet': 1 slots placed (1 preserved, 0 newly planned) across 3 candidates
[2m2026-07-23T18:47:04.217002Z[0m [32m INFO[0m [2mvllm_coldstart_operator::fleet_controller[0m[2m:[0m reconciled FleetService exp-fleet
[2m2026-07-23T18:47:06.235910Z[0m [32m INFO[0m [2mvllm_coldstart_operator[0m[2m:[0m reconciling VllmService 'exp-fleet-0' in 'default': model=Qwen/Qwen2.5-7B-Instruct replicas=1 strategy=Eager
[2m2026-07-23T18:47:06.244750Z[0m [32m INFO[0m [2mvllm_coldstart_operator[0m[2m:[0m status of 'exp-fleet-0' -> Pending (0/1 ready)
[2m2026-07-23T18:47:06.244805Z[0m [32m INFO[0m [2mvllm_coldstart_operator[0m[2m:[0m reconciled exp-fleet-0
[2m2026-07-23T18:47:11.246045Z[0m [32m INFO[0m [2mvllm_coldstart_operator[0m[2m:[0m reconciling VllmService 'exp-fleet-0' in 'default': model=Qwen/Qwen2.5-7B-Instruct replicas=1 strategy=Eager
[2m2026-07-23T18:47:11.254572Z[0m [32m INFO[0m [2mvllm_coldstart_operator[0m[2m:[0m status of 'exp-fleet-0' -> Pending (0/1 ready)
[2m2026-07-23T18:47:11.254633Z[0m [32m INFO[0m [2mvllm_coldstart_operator[0m[2m:[0m reconciled exp-fleet-0
[2m2026-07-23T18:47:16.255858Z[0m [32m INFO[0m [2mvllm_coldstart_operator[0m[2m:[0m reconciling VllmService 'exp-fleet-0' in 'default': model=Qwen/Qwen2.5-7B-Instruct replicas=1 strategy=Eager
[2m2026-07-23T18:47:16.264397Z[0m [32m INFO[0m [2mvllm_coldstart_operator[0m[2m:[0m status of 'exp-fleet-0' -> Pending (0/1 ready)
[2m2026-07-23T18:47:16.264451Z[0m [32m INFO[0m [2mvllm_coldstart_operator[0m[2m:[0m reconciled exp-fleet-0
[2m2026-07-23T18:47:17.744135Z[0m [32m INFO[0m [2mvllm_coldstart_operator::fleet_controller[0m[2m:[0m reconciling FleetService 'exp-fleet' in 'default': model=Qwen/Qwen2.5-7B-Instruct replicas=1
[2m2026-07-23T18:47:17.869247Z[0m [32m INFO[0m [2mvllm_coldstart_operator::fleet_controller[0m[2m:[0m FleetService 'exp-fleet': 1 slots placed (1 preserved, 0 newly planned) across 3 candidates
[2m2026-07-23T18:47:17.869323Z[0m [32m INFO[0m [2mvllm_coldstart_operator::fleet_controller[0m[2m:[0m reconciled FleetService exp-fleet
[2m2026-07-23T18:47:17.869341Z[0m [32m INFO[0m [2mvllm_coldstart_operator::fleet_controller[0m[2m:[0m reconciling FleetService 'exp-fleet' in 'default': model=Qwen/Qwen2.5-7B-Instruct replicas=1
[2m2026-07-23T18:47:18.216677Z[0m [32m INFO[0m [2mvllm_coldstart_operator::fleet_controller[0m[2m:[0m FleetService 'exp-fleet': 1 slots placed (1 preserved, 0 newly planned) across 3 candidates
[2m2026-07-23T18:47:18.216890Z[0m [32m INFO[0m [2mvllm_coldstart_operator::fleet_controller[0m[2m:[0m reconciled FleetService exp-fleet
[2m2026-07-23T18:47:18.595377Z[0m [32m INFO[0m [2mvllm_coldstart_operator::fleet_controller[0m[2m:[0m reconciling FleetService 'exp-fleet' in 'default': model=Qwen/Qwen2.5-7B-Instruct replicas=1
[2m2026-07-23T18:47:19.217176Z[0m [32m INFO[0m [2mvllm_coldstart_operator::fleet_controller[0m[2m:[0m FleetService 'exp-fleet': 1 slots placed (1 preserved, 0 newly planned) across 3 candidates
[2m2026-07-23T18:47:19.217628Z[0m [32m INFO[0m [2mvllm_coldstart_operator::fleet_controller[0m[2m:[0m reconciled FleetService exp-fleet
[2m2026-07-23T18:47:21.265487Z[0m [32m INFO[0m [2mvllm_coldstart_operator[0m[2m:[0m reconciling VllmService 'exp-fleet-0' in 'default': model=Qwen/Qwen2.5-7B-Instruct replicas=1 strategy=Eager
[2m2026-07-23T18:47:21.274129Z[0m [32m INFO[0m [2mvllm_coldstart_operator[0m[2m:[0m status of 'exp-fleet-0' -> Pending (0/1 ready)
[2m2026-07-23T18:47:21.274202Z[0m [32m INFO[0m [2mvllm_coldstart_operator[0m[2m:[0m reconciled exp-fleet-0
[2m2026-07-23T18:47:26.276375Z[0m [32m INFO[0m [2mvllm_coldstart_operator[0m[2m:[0m reconciling VllmService 'exp-fleet-0' in 'default': model=Qwen/Qwen2.5-7B-Instruct replicas=1 strategy=Eager
[2m2026-07-23T18:47:26.284905Z[0m [32m INFO[0m [2mvllm_coldstart_operator[0m[2m:[0m status of 'exp-fleet-0' -> Pending (0/1 ready)
[2m2026-07-23T18:47:26.284979Z[0m [32m INFO[0m [2mvllm_coldstart_operator[0m[2m:[0m reconciled exp-fleet-0
[2m2026-07-23T18:47:31.286430Z[0m [32m INFO[0m [2mvllm_coldstart_operator[0m[2m:[0m reconciling VllmService 'exp-fleet-0' in 'default': model=Qwen/Qwen2.5-7B-Instruct replicas=1 strategy=Eager
[2m2026-07-23T18:47:31.297125Z[0m [32m INFO[0m [2mvllm_coldstart_operator[0m[2m:[0m status of 'exp-fleet-0' -> Pending (0/1 ready)
[2m2026-07-23T18:47:31.297190Z[0m [32m INFO[0m [2mvllm_coldstart_operator[0m[2m:[0m reconciled exp-fleet-0
[2m2026-07-23T18:47:32.763910Z[0m [32m INFO[0m [2mvllm_coldstart_operator::fleet_controller[0m[2m:[0m reconciling FleetService 'exp-fleet' in 'default': model=Qwen/Qwen2.5-7B-Instruct replicas=1
[2m2026-07-23T18:47:32.888267Z[0m [32m INFO[0m [2mvllm_coldstart_operator::fleet_controller[0m[2m:[0m FleetService 'exp-fleet': 1 slots placed (1 preserved, 0 newly planned) across 3 candidates
[2m2026-07-23T18:47:32.888385Z[0m [32m INFO[0m [2mvllm_coldstart_operator::fleet_controller[0m[2m:[0m reconciled FleetService exp-fleet
[2m2026-07-23T18:47:32.888590Z[0m [32m INFO[0m [2mvllm_coldstart_operator::fleet_controller[0m[2m:[0m reconciling FleetService 'exp-fleet' in 'default': model=Qwen/Qwen2.5-7B-Instruct replicas=1
[2m2026-07-23T18:47:33.216763Z[0m [32m INFO[0m [2mvllm_coldstart_operator::fleet_controller[0m[2m:[0m FleetService 'exp-fleet': 1 slots placed (1 preserved, 0 newly planned) across 3 candidates
[2m2026-07-23T18:47:33.216943Z[0m [32m INFO[0m [2mvllm_coldstart_operator::fleet_controller[0m[2m:[0m reconciled FleetService exp-fleet
[2m2026-07-23T18:47:33.619963Z[0m [32m INFO[0m [2mvllm_coldstart_operator::fleet_controller[0m[2m:[0m reconciling FleetService 'exp-fleet' in 'default': model=Qwen/Qwen2.5-7B-Instruct replicas=1
[2m2026-07-23T18:47:34.217264Z[0m [32m INFO[0m [2mvllm_coldstart_operator::fleet_controller[0m[2m:[0m FleetService 'exp-fleet': 1 slots placed (1 preserved, 0 newly planned) across 3 candidates
[2m2026-07-23T18:47:34.217634Z[0m [32m INFO[0m [2mvllm_coldstart_operator::fleet_controller[0m[2m:[0m reconciled FleetService exp-fleet
[2m2026-07-23T18:47:36.298726Z[0m [32m INFO[0m [2mvllm_coldstart_operator[0m[2m:[0m reconciling VllmService 'exp-fleet-0' in 'default': model=Qwen/Qwen2.5-7B-Instruct replicas=1 strategy=Eager
[2m2026-07-23T18:47:36.307683Z[0m [32m INFO[0m [2mvllm_coldstart_operator[0m[2m:[0m status of 'exp-fleet-0' -> Pending (0/1 ready)
[2m2026-07-23T18:47:36.307740Z[0m [32m INFO[0m [2mvllm_coldstart_operator[0m[2m:[0m reconciled exp-fleet-0
[2m2026-07-23T18:47:41.308957Z[0m [32m INFO[0m [2mvllm_coldstart_operator[0m[2m:[0m reconciling VllmService 'exp-fleet-0' in 'default': model=Qwen/Qwen2.5-7B-Instruct replicas=1 strategy=Eager
[2m2026-07-23T18:47:41.317470Z[0m [32m INFO[0m [2mvllm_coldstart_operator[0m[2m:[0m status of 'exp-fleet-0' -> Pending (0/1 ready)
[2m2026-07-23T18:47:41.317528Z[0m [32m INFO[0m [2mvllm_coldstart_operator[0m[2m:[0m reconciled exp-fleet-0
[2m2026-07-23T18:47:46.318807Z[0m [32m INFO[0m [2mvllm_coldstart_operator[0m[2m:[0m reconciling VllmService 'exp-fleet-0' in 'default': model=Qwen/Qwen2.5-7B-Instruct replicas=1 strategy=Eager
[2m2026-07-23T18:47:46.327482Z[0m [32m INFO[0m [2mvllm_coldstart_operator[0m[2m:[0m status of 'exp-fleet-0' -> Pending (0/1 ready)
[2m2026-07-23T18:47:46.327537Z[0m [32m INFO[0m [2mvllm_coldstart_operator[0m[2m:[0m reconciled exp-fleet-0
[2m2026-07-23T18:47:47.784075Z[0m [32m INFO[0m [2mvllm_coldstart_operator::fleet_controller[0m[2m:[0m reconciling FleetService 'exp-fleet' in 'default': model=Qwen/Qwen2.5-7B-Instruct replicas=1
[2m2026-07-23T18:47:47.907134Z[0m [32m INFO[0m [2mvllm_coldstart_operator::fleet_controller[0m[2m:[0m FleetService 'exp-fleet': 1 slots placed (1 preserved, 0 newly planned) across 3 candidates
[2m2026-07-23T18:47:47.907223Z[0m [32m INFO[0m [2mvllm_coldstart_operator::fleet_controller[0m[2m:[0m reconciled FleetService exp-fleet
[2m2026-07-23T18:47:47.907242Z[0m [32m INFO[0m [2mvllm_coldstart_operator::fleet_controller[0m[2m:[0m reconciling FleetService 'exp-fleet' in 'default': model=Qwen/Qwen2.5-7B-Instruct replicas=1
[2m2026-07-23T18:47:48.217185Z[0m [32m INFO[0m [2mvllm_coldstart_operator::fleet_controller[0m[2m:[0m FleetService 'exp-fleet': 1 slots placed (1 preserved, 0 newly planned) across 3 candidates
[2m2026-07-23T18:47:48.217386Z[0m [32m INFO[0m [2mvllm_coldstart_operator::fleet_controller[0m[2m:[0m reconciled FleetService exp-fleet
[2m2026-07-23T18:47:48.636952Z[0m [32m INFO[0m [2mvllm_coldstart_operator::fleet_controller[0m[2m:[0m reconciling FleetService 'exp-fleet' in 'default': model=Qwen/Qwen2.5-7B-Instruct replicas=1
[2m2026-07-23T18:47:48.817632Z[0m [32m INFO[0m [2mvllm_coldstart_operator::fleet_controller[0m[2m:[0m FleetService 'exp-fleet': 1 slots placed (1 preserved, 0 newly planned) across 3 candidates
[2m2026-07-23T18:47:48.818002Z[0m [32m INFO[0m [2mvllm_coldstart_operator::fleet_controller[0m[2m:[0m reconciled FleetService exp-fleet
[2m2026-07-23T18:47:51.328488Z[0m [32m INFO[0m [2mvllm_coldstart_operator[0m[2m:[0m reconciling VllmService 'exp-fleet-0' in 'default': model=Qwen/Qwen2.5-7B-Instruct replicas=1 strategy=Eager
[2m2026-07-23T18:47:51.337338Z[0m [32m INFO[0m [2mvllm_coldstart_operator[0m[2m:[0m status of 'exp-fleet-0' -> Pending (0/1 ready)
[2m2026-07-23T18:47:51.337395Z[0m [32m INFO[0m [2mvllm_coldstart_operator[0m[2m:[0m reconciled exp-fleet-0
[2m2026-07-23T18:47:56.338620Z[0m [32m INFO[0m [2mvllm_coldstart_operator[0m[2m:[0m reconciling VllmService 'exp-fleet-0' in 'default': model=Qwen/Qwen2.5-7B-Instruct replicas=1 strategy=Eager
[2m2026-07-23T18:47:56.347606Z[0m [32m INFO[0m [2mvllm_coldstart_operator[0m[2m:[0m status of 'exp-fleet-0' -> Pending (0/1 ready)
[2m2026-07-23T18:47:56.347675Z[0m [32m INFO[0m [2mvllm_coldstart_operator[0m[2m:[0m reconciled exp-fleet-0
[2m2026-07-23T18:48:01.348889Z[0m [32m INFO[0m [2mvllm_coldstart_operator[0m[2m:[0m reconciling VllmService 'exp-fleet-0' in 'default': model=Qwen/Qwen2.5-7B-Instruct replicas=1 strategy=Eager
[2m2026-07-23T18:48:01.359859Z[0m [32m INFO[0m [2mvllm_coldstart_operator[0m[2m:[0m status of 'exp-fleet-0' -> Pending (0/1 ready)
[2m2026-07-23T18:48:01.359932Z[0m [32m INFO[0m [2mvllm_coldstart_operator[0m[2m:[0m reconciled exp-fleet-0
[2m2026-07-23T18:48:02.803271Z[0m [32m INFO[0m [2mvllm_coldstart_operator::fleet_controller[0m[2m:[0m reconciling FleetService 'exp-fleet' in 'default': model=Qwen/Qwen2.5-7B-Instruct replicas=1
[2m2026-07-23T18:48:02.925155Z[0m [32m INFO[0m [2mvllm_coldstart_operator::fleet_controller[0m[2m:[0m FleetService 'exp-fleet': 1 slots placed (1 preserved, 0 newly planned) across 3 candidates
[2m2026-07-23T18:48:02.925232Z[0m [32m INFO[0m [2mvllm_coldstart_operator::fleet_controller[0m[2m:[0m reconciled FleetService exp-fleet
[2m2026-07-23T18:48:02.925252Z[0m [32m INFO[0m [2mvllm_coldstart_operator::fleet_controller[0m[2m:[0m reconciling FleetService 'exp-fleet' in 'default': model=Qwen/Qwen2.5-7B-Instruct replicas=1
[2m2026-07-23T18:48:03.217260Z[0m [32m INFO[0m [2mvllm_coldstart_operator::fleet_controller[0m[2m:[0m FleetService 'exp-fleet': 1 slots placed (1 preserved, 0 newly planned) across 3 candidates
[2m2026-07-23T18:48:03.217400Z[0m [32m INFO[0m [2mvllm_coldstart_operator::fleet_controller[0m[2m:[0m reconciled FleetService exp-fleet
[2m2026-07-23T18:48:03.657279Z[0m [32m INFO[0m [2mvllm_coldstart_operator::fleet_controller[0m[2m:[0m reconciling FleetService 'exp-fleet' in 'default': model=Qwen/Qwen2.5-7B-Instruct replicas=1
[2m2026-07-23T18:48:03.992094Z[0m [32m INFO[0m [2mvllm_coldstart_operator::fleet_controller[0m[2m:[0m FleetService 'exp-fleet': 1 slots placed (1 preserved, 0 newly planned) across 3 candidates
[2m2026-07-23T18:48:03.992462Z[0m [32m INFO[0m [2mvllm_coldstart_operator::fleet_controller[0m[2m:[0m reconciled FleetService exp-fleet
[2m2026-07-23T18:48:06.360696Z[0m [32m INFO[0m [2mvllm_coldstart_operator[0m[2m:[0m reconciling VllmService 'exp-fleet-0' in 'default': model=Qwen/Qwen2.5-7B-Instruct replicas=1 strategy=Eager
[2m2026-07-23T18:48:06.369175Z[0m [32m INFO[0m [2mvllm_coldstart_operator[0m[2m:[0m status of 'exp-fleet-0' -> Pending (0/1 ready)
[2m2026-07-23T18:48:06.369236Z[0m [32m INFO[0m [2mvllm_coldstart_operator[0m[2m:[0m reconciled exp-fleet-0
[2m2026-07-23T18:48:11.371452Z[0m [32m INFO[0m [2mvllm_coldstart_operator[0m[2m:[0m reconciling VllmService 'exp-fleet-0' in 'default': model=Qwen/Qwen2.5-7B-Instruct replicas=1 strategy=Eager
[2m2026-07-23T18:48:11.380273Z[0m [32m INFO[0m [2mvllm_coldstart_operator[0m[2m:[0m status of 'exp-fleet-0' -> Pending (0/1 ready)
[2m2026-07-23T18:48:11.380344Z[0m [32m INFO[0m [2mvllm_coldstart_operator[0m[2m:[0m reconciled exp-fleet-0
[2m2026-07-23T18:48:16.381560Z[0m [32m INFO[0m [2mvllm_coldstart_operator[0m[2m:[0m reconciling VllmService 'exp-fleet-0' in 'default': model=Qwen/Qwen2.5-7B-Instruct replicas=1 strategy=Eager
[2m2026-07-23T18:48:16.390126Z[0m [32m INFO[0m [2mvllm_coldstart_operator[0m[2m:[0m status of 'exp-fleet-0' -> Pending (0/1 ready)
[2m2026-07-23T18:48:16.390182Z[0m [32m INFO[0m [2mvllm_coldstart_operator[0m[2m:[0m reconciled exp-fleet-0
[2m2026-07-23T18:48:17.821784Z[0m [32m INFO[0m [2mvllm_coldstart_operator::fleet_controller[0m[2m:[0m reconciling FleetService 'exp-fleet' in 'default': model=Qwen/Qwen2.5-7B-Instruct replicas=1
[2m2026-07-23T18:48:17.943648Z[0m [32m INFO[0m [2mvllm_coldstart_operator::fleet_controller[0m[2m:[0m FleetService 'exp-fleet': 1 slots placed (1 preserved, 0 newly planned) across 3 candidates
[2m2026-07-23T18:48:17.943727Z[0m [32m INFO[0m [2mvllm_coldstart_operator::fleet_controller[0m[2m:[0m reconciled FleetService exp-fleet
[2m2026-07-23T18:48:17.943746Z[0m [32m INFO[0m [2mvllm_coldstart_operator::fleet_controller[0m[2m:[0m reconciling FleetService 'exp-fleet' in 'default': model=Qwen/Qwen2.5-7B-Instruct replicas=1
[2m2026-07-23T18:48:18.217125Z[0m [32m INFO[0m [2mvllm_coldstart_operator::fleet_controller[0m[2m:[0m FleetService 'exp-fleet': 1 slots placed (1 preserved, 0 newly planned) across 3 candidates
[2m2026-07-23T18:48:18.217336Z[0m [32m INFO[0m [2mvllm_coldstart_operator::fleet_controller[0m[2m:[0m reconciled FleetService exp-fleet
[2m2026-07-23T18:48:18.674612Z[0m [32m INFO[0m [2mvllm_coldstart_operator::fleet_controller[0m[2m:[0m reconciling FleetService 'exp-fleet' in 'default': model=Qwen/Qwen2.5-7B-Instruct replicas=1
[2m2026-07-23T18:48:19.217734Z[0m [32m INFO[0m [2mvllm_coldstart_operator::fleet_controller[0m[2m:[0m FleetService 'exp-fleet': 1 slots placed (1 preserved, 0 newly planned) across 3 candidates
[2m2026-07-23T18:48:19.218109Z[0m [32m INFO[0m [2mvllm_coldstart_operator::fleet_controller[0m[2m:[0m reconciled FleetService exp-fleet
[2m2026-07-23T18:48:21.392222Z[0m [32m INFO[0m [2mvllm_coldstart_operator[0m[2m:[0m reconciling VllmService 'exp-fleet-0' in 'default': model=Qwen/Qwen2.5-7B-Instruct replicas=1 strategy=Eager
[2m2026-07-23T18:48:21.400776Z[0m [32m INFO[0m [2mvllm_coldstart_operator[0m[2m:[0m status of 'exp-fleet-0' -> Pending (0/1 ready)
[2m2026-07-23T18:48:21.400831Z[0m [32m INFO[0m [2mvllm_coldstart_operator[0m[2m:[0m reconciled exp-fleet-0
[2m2026-07-23T18:48:26.402078Z[0m [32m INFO[0m [2mvllm_coldstart_operator[0m[2m:[0m reconciling VllmService 'exp-fleet-0' in 'default': model=Qwen/Qwen2.5-7B-Instruct replicas=1 strategy=Eager
[2m2026-07-23T18:48:26.411340Z[0m [32m INFO[0m [2mvllm_coldstart_operator[0m[2m:[0m status of 'exp-fleet-0' -> Pending (0/1 ready)
[2m2026-07-23T18:48:26.411409Z[0m [32m INFO[0m [2mvllm_coldstart_operator[0m[2m:[0m reconciled exp-fleet-0
[2m2026-07-23T18:48:31.412848Z[0m [32m INFO[0m [2mvllm_coldstart_operator[0m[2m:[0m reconciling VllmService 'exp-fleet-0' in 'default': model=Qwen/Qwen2.5-7B-Instruct replicas=1 strategy=Eager
[2m2026-07-23T18:48:31.421811Z[0m [32m INFO[0m [2mvllm_coldstart_operator[0m[2m:[0m status of 'exp-fleet-0' -> Pending (0/1 ready)
[2m2026-07-23T18:48:31.421870Z[0m [32m INFO[0m [2mvllm_coldstart_operator[0m[2m:[0m reconciled exp-fleet-0
[2m2026-07-23T18:48:32.839256Z[0m [32m INFO[0m [2mvllm_coldstart_operator::fleet_controller[0m[2m:[0m reconciling FleetService 'exp-fleet' in 'default': model=Qwen/Qwen2.5-7B-Instruct replicas=1
[2m2026-07-23T18:48:32.962631Z[0m [32m INFO[0m [2mvllm_coldstart_operator::fleet_controller[0m[2m:[0m FleetService 'exp-fleet': 1 slots placed (1 preserved, 0 newly planned) across 3 candidates
[2m2026-07-23T18:48:32.962705Z[0m [32m INFO[0m [2mvllm_coldstart_operator::fleet_controller[0m[2m:[0m reconciled FleetService exp-fleet
[2m2026-07-23T18:48:32.962847Z[0m [32m INFO[0m [2mvllm_coldstart_operator::fleet_controller[0m[2m:[0m reconciling FleetService 'exp-fleet' in 'default': model=Qwen/Qwen2.5-7B-Instruct replicas=1
[2m2026-07-23T18:48:33.216468Z[0m [32m INFO[0m [2mvllm_coldstart_operator::fleet_controller[0m[2m:[0m FleetService 'exp-fleet': 1 slots placed (1 preserved, 0 newly planned) across 3 candidates
[2m2026-07-23T18:48:33.216711Z[0m [32m INFO[0m [2mvllm_coldstart_operator::fleet_controller[0m[2m:[0m reconciled FleetService exp-fleet
[2m2026-07-23T18:48:33.693437Z[0m [32m INFO[0m [2mvllm_coldstart_operator::fleet_controller[0m[2m:[0m reconciling FleetService 'exp-fleet' in 'default': model=Qwen/Qwen2.5-7B-Instruct replicas=1
[2m2026-07-23T18:48:34.216605Z[0m [32m INFO[0m [2mvllm_coldstart_operator::fleet_controller[0m[2m:[0m FleetService 'exp-fleet': 1 slots placed (1 preserved, 0 newly planned) across 3 candidates
[2m2026-07-23T18:48:34.217092Z[0m [32m INFO[0m [2mvllm_coldstart_operator::fleet_controller[0m[2m:[0m reconciled FleetService exp-fleet
[2m2026-07-23T18:48:36.423121Z[0m [32m INFO[0m [2mvllm_coldstart_operator[0m[2m:[0m reconciling VllmService 'exp-fleet-0' in 'default': model=Qwen/Qwen2.5-7B-Instruct replicas=1 strategy=Eager
[2m2026-07-23T18:48:36.431648Z[0m [32m INFO[0m [2mvllm_coldstart_operator[0m[2m:[0m status of 'exp-fleet-0' -> Pending (0/1 ready)
[2m2026-07-23T18:48:36.431701Z[0m [32m INFO[0m [2mvllm_coldstart_operator[0m[2m:[0m reconciled exp-fleet-0
[2m2026-07-23T18:48:41.432910Z[0m [32m INFO[0m [2mvllm_coldstart_operator[0m[2m:[0m reconciling VllmService 'exp-fleet-0' in 'default': model=Qwen/Qwen2.5-7B-Instruct replicas=1 strategy=Eager
[2m2026-07-23T18:48:41.441705Z[0m [32m INFO[0m [2mvllm_coldstart_operator[0m[2m:[0m status of 'exp-fleet-0' -> Pending (0/1 ready)
[2m2026-07-23T18:48:41.441765Z[0m [32m INFO[0m [2mvllm_coldstart_operator[0m[2m:[0m reconciled exp-fleet-0
[2m2026-07-23T18:48:46.442986Z[0m [32m INFO[0m [2mvllm_coldstart_operator[0m[2m:[0m reconciling VllmService 'exp-fleet-0' in 'default': model=Qwen/Qwen2.5-7B-Instruct replicas=1 strategy=Eager
[2m2026-07-23T18:48:46.451386Z[0m [32m INFO[0m [2mvllm_coldstart_operator[0m[2m:[0m status of 'exp-fleet-0' -> Pending (0/1 ready)
[2m2026-07-23T18:48:46.451442Z[0m [32m INFO[0m [2mvllm_coldstart_operator[0m[2m:[0m reconciled exp-fleet-0
[2m2026-07-23T18:48:47.856391Z[0m [32m INFO[0m [2mvllm_coldstart_operator::fleet_controller[0m[2m:[0m reconciling FleetService 'exp-fleet' in 'default': model=Qwen/Qwen2.5-7B-Instruct replicas=1
[2m2026-07-23T18:48:47.980426Z[0m [32m INFO[0m [2mvllm_coldstart_operator::fleet_controller[0m[2m:[0m FleetService 'exp-fleet': 1 slots placed (1 preserved, 0 newly planned) across 3 candidates
[2m2026-07-23T18:48:47.980502Z[0m [32m INFO[0m [2mvllm_coldstart_operator::fleet_controller[0m[2m:[0m reconciled FleetService exp-fleet
[2m2026-07-23T18:48:47.980638Z[0m [32m INFO[0m [2mvllm_coldstart_operator::fleet_controller[0m[2m:[0m reconciling FleetService 'exp-fleet' in 'default': model=Qwen/Qwen2.5-7B-Instruct replicas=1
[2m2026-07-23T18:48:48.216852Z[0m [32m INFO[0m [2mvllm_coldstart_operator::fleet_controller[0m[2m:[0m FleetService 'exp-fleet': 1 slots placed (1 preserved, 0 newly planned) across 3 candidates
[2m2026-07-23T18:48:48.217082Z[0m [32m INFO[0m [2mvllm_coldstart_operator::fleet_controller[0m[2m:[0m reconciled FleetService exp-fleet
[2m2026-07-23T18:48:48.793529Z[0m [32m INFO[0m [2mvllm_coldstart_operator::fleet_controller[0m[2m:[0m reconciling FleetService 'exp-fleet' in 'default': model=Qwen/Qwen2.5-7B-Instruct replicas=1
[2m2026-07-23T18:48:49.217353Z[0m [32m INFO[0m [2mvllm_coldstart_operator::fleet_controller[0m[2m:[0m FleetService 'exp-fleet': 1 slots placed (1 preserved, 0 newly planned) across 3 candidates
[2m2026-07-23T18:48:49.217690Z[0m [32m INFO[0m [2mvllm_coldstart_operator::fleet_controller[0m[2m:[0m reconciled FleetService exp-fleet
[2m2026-07-23T18:48:51.452747Z[0m [32m INFO[0m [2mvllm_coldstart_operator[0m[2m:[0m reconciling VllmService 'exp-fleet-0' in 'default': model=Qwen/Qwen2.5-7B-Instruct replicas=1 strategy=Eager
[2m2026-07-23T18:48:51.461140Z[0m [32m INFO[0m [2mvllm_coldstart_operator[0m[2m:[0m status of 'exp-fleet-0' -> Pending (0/1 ready)
[2m2026-07-23T18:48:51.461199Z[0m [32m INFO[0m [2mvllm_coldstart_operator[0m[2m:[0m reconciled exp-fleet-0
[2m2026-07-23T18:48:56.463426Z[0m [32m INFO[0m [2mvllm_coldstart_operator[0m[2m:[0m reconciling VllmService 'exp-fleet-0' in 'default': model=Qwen/Qwen2.5-7B-Instruct replicas=1 strategy=Eager
[2m2026-07-23T18:48:56.472693Z[0m [32m INFO[0m [2mvllm_coldstart_operator[0m[2m:[0m status of 'exp-fleet-0' -> Pending (0/1 ready)
[2m2026-07-23T18:48:56.472763Z[0m [32m INFO[0m [2mvllm_coldstart_operator[0m[2m:[0m reconciled exp-fleet-0
[2m2026-07-23T18:49:01.474005Z[0m [32m INFO[0m [2mvllm_coldstart_operator[0m[2m:[0m reconciling VllmService 'exp-fleet-0' in 'default': model=Qwen/Qwen2.5-7B-Instruct replicas=1 strategy=Eager
[2m2026-07-23T18:49:01.482380Z[0m [32m INFO[0m [2mvllm_coldstart_operator[0m[2m:[0m status of 'exp-fleet-0' -> Pending (0/1 ready)
[2m2026-07-23T18:49:01.482444Z[0m [32m INFO[0m [2mvllm_coldstart_operator[0m[2m:[0m reconciled exp-fleet-0
[2m2026-07-23T18:49:02.875101Z[0m [32m INFO[0m [2mvllm_coldstart_operator::fleet_controller[0m[2m:[0m reconciling FleetService 'exp-fleet' in 'default': model=Qwen/Qwen2.5-7B-Instruct replicas=1
[2m2026-07-23T18:49:02.998136Z[0m [32m INFO[0m [2mvllm_coldstart_operator::fleet_controller[0m[2m:[0m FleetService 'exp-fleet': 1 slots placed (1 preserved, 0 newly planned) across 3 candidates
[2m2026-07-23T18:49:02.998393Z[0m [32m INFO[0m [2mvllm_coldstart_operator::fleet_controller[0m[2m:[0m reconciled FleetService exp-fleet
[2m2026-07-23T18:49:02.998490Z[0m [32m INFO[0m [2mvllm_coldstart_operator::fleet_controller[0m[2m:[0m reconciling FleetService 'exp-fleet' in 'default': model=Qwen/Qwen2.5-7B-Instruct replicas=1
[2m2026-07-23T18:49:03.218023Z[0m [32m INFO[0m [2mvllm_coldstart_operator::fleet_controller[0m[2m:[0m FleetService 'exp-fleet': 1 slots placed (1 preserved, 0 newly planned) across 3 candidates
[2m2026-07-23T18:49:03.218404Z[0m [32m INFO[0m [2mvllm_coldstart_operator::fleet_controller[0m[2m:[0m reconciled FleetService exp-fleet
[2m2026-07-23T18:49:03.813122Z[0m [32m INFO[0m [2mvllm_coldstart_operator::fleet_controller[0m[2m:[0m reconciling FleetService 'exp-fleet' in 'default': model=Qwen/Qwen2.5-7B-Instruct replicas=1
[2m2026-07-23T18:49:04.217158Z[0m [32m INFO[0m [2mvllm_coldstart_operator::fleet_controller[0m[2m:[0m FleetService 'exp-fleet': 1 slots placed (1 preserved, 0 newly planned) across 3 candidates
[2m2026-07-23T18:49:04.217580Z[0m [32m INFO[0m [2mvllm_coldstart_operator::fleet_controller[0m[2m:[0m reconciled FleetService exp-fleet
[2m2026-07-23T18:49:06.484009Z[0m [32m INFO[0m [2mvllm_coldstart_operator[0m[2m:[0m reconciling VllmService 'exp-fleet-0' in 'default': model=Qwen/Qwen2.5-7B-Instruct replicas=1 strategy=Eager
[2m2026-07-23T18:49:06.492578Z[0m [32m INFO[0m [2mvllm_coldstart_operator[0m[2m:[0m status of 'exp-fleet-0' -> Pending (0/1 ready)
[2m2026-07-23T18:49:06.492634Z[0m [32m INFO[0m [2mvllm_coldstart_operator[0m[2m:[0m reconciled exp-fleet-0
[2m2026-07-23T18:49:11.493885Z[0m [32m INFO[0m [2mvllm_coldstart_operator[0m[2m:[0m reconciling VllmService 'exp-fleet-0' in 'default': model=Qwen/Qwen2.5-7B-Instruct replicas=1 strategy=Eager
[2m2026-07-23T18:49:11.502220Z[0m [32m INFO[0m [2mvllm_coldstart_operator[0m[2m:[0m status of 'exp-fleet-0' -> Pending (0/1 ready)
[2m2026-07-23T18:49:11.502366Z[0m [32m INFO[0m [2mvllm_coldstart_operator[0m[2m:[0m reconciled exp-fleet-0
[2m2026-07-23T18:49:16.503467Z[0m [32m INFO[0m [2mvllm_coldstart_operator[0m[2m:[0m reconciling VllmService 'exp-fleet-0' in 'default': model=Qwen/Qwen2.5-7B-Instruct replicas=1 strategy=Eager
[2m2026-07-23T18:49:16.511922Z[0m [32m INFO[0m [2mvllm_coldstart_operator[0m[2m:[0m status of 'exp-fleet-0' -> Pending (0/1 ready)
[2m2026-07-23T18:49:16.511983Z[0m [32m INFO[0m [2mvllm_coldstart_operator[0m[2m:[0m reconciled exp-fleet-0
[2m2026-07-23T18:49:17.894151Z[0m [32m INFO[0m [2mvllm_coldstart_operator::fleet_controller[0m[2m:[0m reconciling FleetService 'exp-fleet' in 'default': model=Qwen/Qwen2.5-7B-Instruct replicas=1
[2m2026-07-23T18:49:18.015019Z[0m [32m INFO[0m [2mvllm_coldstart_operator::fleet_controller[0m[2m:[0m FleetService 'exp-fleet': 1 slots placed (1 preserved, 0 newly planned) across 3 candidates
[2m2026-07-23T18:49:18.015096Z[0m [32m INFO[0m [2mvllm_coldstart_operator::fleet_controller[0m[2m:[0m reconciled FleetService exp-fleet
[2m2026-07-23T18:49:18.015235Z[0m [32m INFO[0m [2mvllm_coldstart_operator::fleet_controller[0m[2m:[0m reconciling FleetService 'exp-fleet' in 'default': model=Qwen/Qwen2.5-7B-Instruct replicas=1
[2m2026-07-23T18:49:18.217375Z[0m [32m INFO[0m [2mvllm_coldstart_operator::fleet_controller[0m[2m:[0m FleetService 'exp-fleet': 1 slots placed (1 preserved, 0 newly planned) across 3 candidates
[2m2026-07-23T18:49:18.217606Z[0m [32m INFO[0m [2mvllm_coldstart_operator::fleet_controller[0m[2m:[0m reconciled FleetService exp-fleet
[2m2026-07-23T18:49:18.831511Z[0m [32m INFO[0m [2mvllm_coldstart_operator::fleet_controller[0m[2m:[0m reconciling FleetService 'exp-fleet' in 'default': model=Qwen/Qwen2.5-7B-Instruct replicas=1
[2m2026-07-23T18:49:19.217216Z[0m [32m INFO[0m [2mvllm_coldstart_operator::fleet_controller[0m[2m:[0m FleetService 'exp-fleet': 1 slots placed (1 preserved, 0 newly planned) across 3 candidates
[2m2026-07-23T18:49:19.217569Z[0m [32m INFO[0m [2mvllm_coldstart_operator::fleet_controller[0m[2m:[0m reconciled FleetService exp-fleet
[2m2026-07-23T18:49:21.512792Z[0m [32m INFO[0m [2mvllm_coldstart_operator[0m[2m:[0m reconciling VllmService 'exp-fleet-0' in 'default': model=Qwen/Qwen2.5-7B-Instruct replicas=1 strategy=Eager
[2m2026-07-23T18:49:21.521509Z[0m [32m INFO[0m [2mvllm_coldstart_operator[0m[2m:[0m status of 'exp-fleet-0' -> Pending (0/1 ready)
[2m2026-07-23T18:49:21.521567Z[0m [32m INFO[0m [2mvllm_coldstart_operator[0m[2m:[0m reconciled exp-fleet-0
[2m2026-07-23T18:49:26.522724Z[0m [32m INFO[0m [2mvllm_coldstart_operator[0m[2m:[0m reconciling VllmService 'exp-fleet-0' in 'default': model=Qwen/Qwen2.5-7B-Instruct replicas=1 strategy=Eager
[2m2026-07-23T18:49:26.531395Z[0m [32m INFO[0m [2mvllm_coldstart_operator[0m[2m:[0m status of 'exp-fleet-0' -> Pending (0/1 ready)
[2m2026-07-23T18:49:26.531460Z[0m [32m INFO[0m [2mvllm_coldstart_operator[0m[2m:[0m reconciled exp-fleet-0
[2m2026-07-23T18:49:31.533202Z[0m [32m INFO[0m [2mvllm_coldstart_operator[0m[2m:[0m reconciling VllmService 'exp-fleet-0' in 'default': model=Qwen/Qwen2.5-7B-Instruct replicas=1 strategy=Eager
[2m2026-07-23T18:49:31.541956Z[0m [32m INFO[0m [2mvllm_coldstart_operator[0m[2m:[0m status of 'exp-fleet-0' -> Pending (0/1 ready)
[2m2026-07-23T18:49:31.542020Z[0m [32m INFO[0m [2mvllm_coldstart_operator[0m[2m:[0m reconciled exp-fleet-0
[2m2026-07-23T18:49:32.912263Z[0m [32m INFO[0m [2mvllm_coldstart_operator::fleet_controller[0m[2m:[0m reconciling FleetService 'exp-fleet' in 'default': model=Qwen/Qwen2.5-7B-Instruct replicas=1
[2m2026-07-23T18:49:33.032768Z[0m [32m INFO[0m [2mvllm_coldstart_operator::fleet_controller[0m[2m:[0m FleetService 'exp-fleet': 1 slots placed (1 preserved, 0 newly planned) across 3 candidates
[2m2026-07-23T18:49:33.032846Z[0m [32m INFO[0m [2mvllm_coldstart_operator::fleet_controller[0m[2m:[0m reconciled FleetService exp-fleet
[2m2026-07-23T18:49:33.033004Z[0m [32m INFO[0m [2mvllm_coldstart_operator::fleet_controller[0m[2m:[0m reconciling FleetService 'exp-fleet' in 'default': model=Qwen/Qwen2.5-7B-Instruct replicas=1
[2m2026-07-23T18:49:33.216596Z[0m [32m INFO[0m [2mvllm_coldstart_operator::fleet_controller[0m[2m:[0m FleetService 'exp-fleet': 1 slots placed (1 preserved, 0 newly planned) across 3 candidates
[2m2026-07-23T18:49:33.216819Z[0m [32m INFO[0m [2mvllm_coldstart_operator::fleet_controller[0m[2m:[0m reconciled FleetService exp-fleet
[2m2026-07-23T18:49:33.849560Z[0m [32m INFO[0m [2mvllm_coldstart_operator::fleet_controller[0m[2m:[0m reconciling FleetService 'exp-fleet' in 'default': model=Qwen/Qwen2.5-7B-Instruct replicas=1
[2m2026-07-23T18:49:34.216716Z[0m [32m INFO[0m [2mvllm_coldstart_operator::fleet_controller[0m[2m:[0m FleetService 'exp-fleet': 1 slots placed (1 preserved, 0 newly planned) across 3 candidates
[2m2026-07-23T18:49:34.217106Z[0m [32m INFO[0m [2mvllm_coldstart_operator::fleet_controller[0m[2m:[0m reconciled FleetService exp-fleet
[2m2026-07-23T18:49:36.542864Z[0m [32m INFO[0m [2mvllm_coldstart_operator[0m[2m:[0m reconciling VllmService 'exp-fleet-0' in 'default': model=Qwen/Qwen2.5-7B-Instruct replicas=1 strategy=Eager
[2m2026-07-23T18:49:36.551686Z[0m [32m INFO[0m [2mvllm_coldstart_operator[0m[2m:[0m status of 'exp-fleet-0' -> Pending (0/1 ready)
[2m2026-07-23T18:49:36.551750Z[0m [32m INFO[0m [2mvllm_coldstart_operator[0m[2m:[0m reconciled exp-fleet-0
[2m2026-07-23T18:49:41.552992Z[0m [32m INFO[0m [2mvllm_coldstart_operator[0m[2m:[0m reconciling VllmService 'exp-fleet-0' in 'default': model=Qwen/Qwen2.5-7B-Instruct replicas=1 strategy=Eager
[2m2026-07-23T18:49:41.561710Z[0m [32m INFO[0m [2mvllm_coldstart_operator[0m[2m:[0m status of 'exp-fleet-0' -> Pending (0/1 ready)
[2m2026-07-23T18:49:41.561773Z[0m [32m INFO[0m [2mvllm_coldstart_operator[0m[2m:[0m reconciled exp-fleet-0
[2m2026-07-23T18:49:46.563059Z[0m [32m INFO[0m [2mvllm_coldstart_operator[0m[2m:[0m reconciling VllmService 'exp-fleet-0' in 'default': model=Qwen/Qwen2.5-7B-Instruct replicas=1 strategy=Eager
[2m2026-07-23T18:49:46.572276Z[0m [32m INFO[0m [2mvllm_coldstart_operator[0m[2m:[0m status of 'exp-fleet-0' -> Pending (0/1 ready)
[2m2026-07-23T18:49:46.572365Z[0m [32m INFO[0m [2mvllm_coldstart_operator[0m[2m:[0m reconciled exp-fleet-0
[2m2026-07-23T18:49:47.931161Z[0m [32m INFO[0m [2mvllm_coldstart_operator::fleet_controller[0m[2m:[0m reconciling FleetService 'exp-fleet' in 'default': model=Qwen/Qwen2.5-7B-Instruct replicas=1
[2m2026-07-23T18:49:48.050599Z[0m [32m INFO[0m [2mvllm_coldstart_operator::fleet_controller[0m[2m:[0m FleetService 'exp-fleet': 1 slots placed (1 preserved, 0 newly planned) across 3 candidates
[2m2026-07-23T18:49:48.050675Z[0m [32m INFO[0m [2mvllm_coldstart_operator::fleet_controller[0m[2m:[0m reconciled FleetService exp-fleet
[2m2026-07-23T18:49:48.050693Z[0m [32m INFO[0m [2mvllm_coldstart_operator::fleet_controller[0m[2m:[0m reconciling FleetService 'exp-fleet' in 'default': model=Qwen/Qwen2.5-7B-Instruct replicas=1
[2m2026-07-23T18:49:48.217540Z[0m [32m INFO[0m [2mvllm_coldstart_operator::fleet_controller[0m[2m:[0m FleetService 'exp-fleet': 1 slots placed (1 preserved, 0 newly planned) across 3 candidates
[2m2026-07-23T18:49:48.217773Z[0m [32m INFO[0m [2mvllm_coldstart_operator::fleet_controller[0m[2m:[0m reconciled FleetService exp-fleet
[2m2026-07-23T18:49:48.866429Z[0m [32m INFO[0m [2mvllm_coldstart_operator::fleet_controller[0m[2m:[0m reconciling FleetService 'exp-fleet' in 'default': model=Qwen/Qwen2.5-7B-Instruct replicas=1
[2m2026-07-23T18:49:49.216994Z[0m [32m INFO[0m [2mvllm_coldstart_operator::fleet_controller[0m[2m:[0m FleetService 'exp-fleet': 1 slots placed (1 preserved, 0 newly planned) across 3 candidates
[2m2026-07-23T18:49:49.217080Z[0m [32m INFO[0m [2mvllm_coldstart_operator::fleet_controller[0m[2m:[0m reconciled FleetService exp-fleet
[2m2026-07-23T18:49:51.574096Z[0m [32m INFO[0m [2mvllm_coldstart_operator[0m[2m:[0m reconciling VllmService 'exp-fleet-0' in 'default': model=Qwen/Qwen2.5-7B-Instruct replicas=1 strategy=Eager
[2m2026-07-23T18:49:51.583656Z[0m [32m INFO[0m [2mvllm_coldstart_operator[0m[2m:[0m status of 'exp-fleet-0' -> Pending (0/1 ready)
[2m2026-07-23T18:49:51.583733Z[0m [32m INFO[0m [2mvllm_coldstart_operator[0m[2m:[0m reconciled exp-fleet-0
[2m2026-07-23T18:49:56.584991Z[0m [32m INFO[0m [2mvllm_coldstart_operator[0m[2m:[0m reconciling VllmService 'exp-fleet-0' in 'default': model=Qwen/Qwen2.5-7B-Instruct replicas=1 strategy=Eager
[2m2026-07-23T18:49:56.597303Z[0m [32m INFO[0m [2mvllm_coldstart_operator[0m[2m:[0m status of 'exp-fleet-0' -> Pending (0/1 ready)
[2m2026-07-23T18:49:56.597372Z[0m [32m INFO[0m [2mvllm_coldstart_operator[0m[2m:[0m reconciled exp-fleet-0
[2m2026-07-23T18:50:01.598526Z[0m [32m INFO[0m [2mvllm_coldstart_operator[0m[2m:[0m reconciling VllmService 'exp-fleet-0' in 'default': model=Qwen/Qwen2.5-7B-Instruct replicas=1 strategy=Eager
[2m2026-07-23T18:50:01.607050Z[0m [32m INFO[0m [2mvllm_coldstart_operator[0m[2m:[0m status of 'exp-fleet-0' -> Pending (0/1 ready)
[2m2026-07-23T18:50:01.607114Z[0m [32m INFO[0m [2mvllm_coldstart_operator[0m[2m:[0m reconciled exp-fleet-0
[2m2026-07-23T18:50:02.949967Z[0m [32m INFO[0m [2mvllm_coldstart_operator::fleet_controller[0m[2m:[0m reconciling FleetService 'exp-fleet' in 'default': model=Qwen/Qwen2.5-7B-Instruct replicas=1
[2m2026-07-23T18:50:03.067422Z[0m [32m INFO[0m [2mvllm_coldstart_operator::fleet_controller[0m[2m:[0m FleetService 'exp-fleet': 1 slots placed (1 preserved, 0 newly planned) across 3 candidates
[2m2026-07-23T18:50:03.067613Z[0m [32m INFO[0m [2mvllm_coldstart_operator::fleet_controller[0m[2m:[0m reconciled FleetService exp-fleet
[2m2026-07-23T18:50:03.067687Z[0m [32m INFO[0m [2mvllm_coldstart_operator::fleet_controller[0m[2m:[0m reconciling FleetService 'exp-fleet' in 'default': model=Qwen/Qwen2.5-7B-Instruct replicas=1
[2m2026-07-23T18:50:03.216325Z[0m [32m INFO[0m [2mvllm_coldstart_operator::fleet_controller[0m[2m:[0m FleetService 'exp-fleet': 1 slots placed (1 preserved, 0 newly planned) across 3 candidates
[2m2026-07-23T18:50:03.216500Z[0m [32m INFO[0m [2mvllm_coldstart_operator::fleet_controller[0m[2m:[0m reconciled FleetService exp-fleet
[2m2026-07-23T18:50:03.883980Z[0m [32m INFO[0m [2mvllm_coldstart_operator::fleet_controller[0m[2m:[0m reconciling FleetService 'exp-fleet' in 'default': model=Qwen/Qwen2.5-7B-Instruct replicas=1
[2m2026-07-23T18:50:04.216928Z[0m [32m INFO[0m [2mvllm_coldstart_operator::fleet_controller[0m[2m:[0m FleetService 'exp-fleet': 1 slots placed (1 preserved, 0 newly planned) across 3 candidates
[2m2026-07-23T18:50:04.217289Z[0m [32m INFO[0m [2mvllm_coldstart_operator::fleet_controller[0m[2m:[0m reconciled FleetService exp-fleet
[2m2026-07-23T18:50:06.609342Z[0m [32m INFO[0m [2mvllm_coldstart_operator[0m[2m:[0m reconciling VllmService 'exp-fleet-0' in 'default': model=Qwen/Qwen2.5-7B-Instruct replicas=1 strategy=Eager
[2m2026-07-23T18:50:06.617981Z[0m [32m INFO[0m [2mvllm_coldstart_operator[0m[2m:[0m status of 'exp-fleet-0' -> Pending (0/1 ready)
[2m2026-07-23T18:50:06.618047Z[0m [32m INFO[0m [2mvllm_coldstart_operator[0m[2m:[0m reconciled exp-fleet-0
[2m2026-07-23T18:50:11.618579Z[0m [32m INFO[0m [2mvllm_coldstart_operator[0m[2m:[0m reconciling VllmService 'exp-fleet-0' in 'default': model=Qwen/Qwen2.5-7B-Instruct replicas=1 strategy=Eager
[2m2026-07-23T18:50:11.627332Z[0m [32m INFO[0m [2mvllm_coldstart_operator[0m[2m:[0m status of 'exp-fleet-0' -> Pending (0/1 ready)
[2m2026-07-23T18:50:11.627398Z[0m [32m INFO[0m [2mvllm_coldstart_operator[0m[2m:[0m reconciled exp-fleet-0
[2m2026-07-23T18:50:16.628571Z[0m [32m INFO[0m [2mvllm_coldstart_operator[0m[2m:[0m reconciling VllmService 'exp-fleet-0' in 'default': model=Qwen/Qwen2.5-7B-Instruct replicas=1 strategy=Eager
[2m2026-07-23T18:50:16.636946Z[0m [32m INFO[0m [2mvllm_coldstart_operator[0m[2m:[0m status of 'exp-fleet-0' -> Pending (0/1 ready)
[2m2026-07-23T18:50:16.637012Z[0m [32m INFO[0m [2mvllm_coldstart_operator[0m[2m:[0m reconciled exp-fleet-0
[2m2026-07-23T18:50:17.968863Z[0m [32m INFO[0m [2mvllm_coldstart_operator::fleet_controller[0m[2m:[0m reconciling FleetService 'exp-fleet' in 'default': model=Qwen/Qwen2.5-7B-Instruct replicas=1
[2m2026-07-23T18:50:18.087294Z[0m [32m INFO[0m [2mvllm_coldstart_operator::fleet_controller[0m[2m:[0m FleetService 'exp-fleet': 1 slots placed (1 preserved, 0 newly planned) across 3 candidates
[2m2026-07-23T18:50:18.087550Z[0m [32m INFO[0m [2mvllm_coldstart_operator::fleet_controller[0m[2m:[0m reconciled FleetService exp-fleet
[2m2026-07-23T18:50:18.087640Z[0m [32m INFO[0m [2mvllm_coldstart_operator::fleet_controller[0m[2m:[0m reconciling FleetService 'exp-fleet' in 'default': model=Qwen/Qwen2.5-7B-Instruct replicas=1
[2m2026-07-23T18:50:18.216505Z[0m [32m INFO[0m [2mvllm_coldstart_operator::fleet_controller[0m[2m:[0m FleetService 'exp-fleet': 1 slots placed (1 preserved, 0 newly planned) across 3 candidates
[2m2026-07-23T18:50:18.216679Z[0m [32m INFO[0m [2mvllm_coldstart_operator::fleet_controller[0m[2m:[0m reconciled FleetService exp-fleet
[2m2026-07-23T18:50:18.899434Z[0m [32m INFO[0m [2mvllm_coldstart_operator::fleet_controller[0m[2m:[0m reconciling FleetService 'exp-fleet' in 'default': model=Qwen/Qwen2.5-7B-Instruct replicas=1
[2m2026-07-23T18:50:19.217694Z[0m [32m INFO[0m [2mvllm_coldstart_operator::fleet_controller[0m[2m:[0m FleetService 'exp-fleet': 1 slots placed (1 preserved, 0 newly planned) across 3 candidates
[2m2026-07-23T18:50:19.218064Z[0m [32m INFO[0m [2mvllm_coldstart_operator::fleet_controller[0m[2m:[0m reconciled FleetService exp-fleet
[2m2026-07-23T18:50:19.561503Z[0m [32m INFO[0m [2mvllm_coldstart_operator::fleet_controller[0m[2m:[0m reconciling FleetService 'exp-fleet' in 'default': model=Qwen/Qwen2.5-7B-Instruct replicas=1
[2m2026-07-23T18:50:20.211155Z[0m [32m INFO[0m [2mvllm_coldstart_operator::fleet_controller[0m[2m:[0m FleetService 'exp-fleet': preemption notice on '129-213-131-210' — rescheduling slot 0 to '157-151-148-27'
[2m2026-07-23T18:50:20.215846Z[0m [32m INFO[0m [2mvllm_coldstart_operator[0m[2m:[0m reconciling VllmService 'exp-fleet-0' in 'default': model=Qwen/Qwen2.5-7B-Instruct replicas=1 strategy=Eager
[2m2026-07-23T18:50:20.217610Z[0m [32m INFO[0m [2mvllm_coldstart_operator::fleet_controller[0m[2m:[0m FleetService 'exp-fleet': 1 slots placed (1 preserved, 0 newly planned) across 3 candidates
[2m2026-07-23T18:50:20.217699Z[0m [32m INFO[0m [2mvllm_coldstart_operator::fleet_controller[0m[2m:[0m reconciled FleetService exp-fleet
[2m2026-07-23T18:50:20.217736Z[0m [32m INFO[0m [2mvllm_coldstart_operator::fleet_controller[0m[2m:[0m reconciling FleetService 'exp-fleet' in 'default': model=Qwen/Qwen2.5-7B-Instruct replicas=1
[2m2026-07-23T18:50:20.265591Z[0m [32m INFO[0m [2mvllm_coldstart_operator[0m[2m:[0m status of 'exp-fleet-0' -> Pending (0/1 ready)
[2m2026-07-23T18:50:20.265658Z[0m [32m INFO[0m [2mvllm_coldstart_operator[0m[2m:[0m reconciled exp-fleet-0
[2m2026-07-23T18:50:20.265692Z[0m [32m INFO[0m [2mvllm_coldstart_operator[0m[2m:[0m reconciling VllmService 'exp-fleet-0' in 'default': model=Qwen/Qwen2.5-7B-Instruct replicas=1 strategy=Eager
[2m2026-07-23T18:50:20.274240Z[0m [32m INFO[0m [2mvllm_coldstart_operator[0m[2m:[0m status of 'exp-fleet-0' -> Pending (0/1 ready)
[2m2026-07-23T18:50:20.274391Z[0m [32m INFO[0m [2mvllm_coldstart_operator[0m[2m:[0m reconciled exp-fleet-0
[2m2026-07-23T18:50:20.274427Z[0m [32m INFO[0m [2mvllm_coldstart_operator[0m[2m:[0m reconciling VllmService 'exp-fleet-0' in 'default': model=Qwen/Qwen2.5-7B-Instruct replicas=1 strategy=Eager
[2m2026-07-23T18:50:20.281585Z[0m [32m INFO[0m [2mvllm_coldstart_operator[0m[2m:[0m status of 'exp-fleet-0' -> Pending (0/1 ready)
[2m2026-07-23T18:50:20.281638Z[0m [32m INFO[0m [2mvllm_coldstart_operator[0m[2m:[0m reconciled exp-fleet-0
[2m2026-07-23T18:50:21.224572Z[0m [32m INFO[0m [2mvllm_coldstart_operator::fleet_controller[0m[2m:[0m FleetService 'exp-fleet': 1 slots placed (1 preserved, 0 newly planned) across 3 candidates
[2m2026-07-23T18:50:21.225977Z[0m [32m INFO[0m [2mvllm_coldstart_operator::fleet_controller[0m[2m:[0m reconciled FleetService exp-fleet
[2m2026-07-23T18:50:21.228949Z[0m [32m INFO[0m [2mvllm_coldstart_operator::fleet_controller[0m[2m:[0m reconciling FleetService 'exp-fleet' in 'default': model=Qwen/Qwen2.5-7B-Instruct replicas=1
[2m2026-07-23T18:50:21.230979Z[0m [32m INFO[0m [2mvllm_coldstart_operator[0m[2m:[0m reconciling VllmService 'exp-fleet-0' in 'default': model=Qwen/Qwen2.5-7B-Instruct replicas=1 strategy=Eager
[2m2026-07-23T18:50:21.240079Z[0m [32m INFO[0m [2mvllm_coldstart_operator[0m[2m:[0m status of 'exp-fleet-0' -> Pending (0/1 ready)
[2m2026-07-23T18:50:21.240150Z[0m [32m INFO[0m [2mvllm_coldstart_operator[0m[2m:[0m reconciled exp-fleet-0
[2m2026-07-23T18:50:22.080457Z[0m [32m INFO[0m [2mvllm_coldstart_operator::fleet_controller[0m[2m:[0m FleetService 'exp-fleet': 1 slots placed (1 preserved, 0 newly planned) across 3 candidates
[2m2026-07-23T18:50:22.080831Z[0m [32m INFO[0m [2mvllm_coldstart_operator::fleet_controller[0m[2m:[0m reconciled FleetService exp-fleet
[2m2026-07-23T18:50:22.766225Z[0m [33m WARN[0m [2mvllm_coldstart_operator::fleet_controller[0m[2m:[0m fleet reconcile loop error: ObjectNotFound(ObjectRef { dyntype: ApiResource { group: "inference.michelecampi.dev", version: "v1alpha1", api_version: "inference.michelecampi.dev/v1alpha1", kind: "FleetService", plural: "fleetservices" }, name: "exp-fleet", namespace: Some("default"), extra: Extra { resource_version: None, uid: Some("1d4596d5-b714-4aab-b1b7-323249866b81") } })
[2m2026-07-23T18:50:22.769122Z[0m [33m WARN[0m [2mvllm_coldstart_operator[0m[2m:[0m reconcile loop error: ObjectNotFound(ObjectRef { dyntype: ApiResource { group: "inference.michelecampi.dev", version: "v1alpha1", api_version: "inference.michelecampi.dev/v1alpha1", kind: "VllmService", plural: "vllmservices" }, name: "exp-fleet-0", namespace: Some("default"), extra: Extra { resource_version: None, uid: Some("ad6f651c-6e39-412a-9fe4-b0e50cf5e3a4") } })
[2m2026-07-23T18:54:18.028349Z[0m [32m INFO[0m [2mvllm_coldstart_operator::fleet_controller[0m[2m:[0m reconciling FleetService 'exp-fleet' in 'default': model=Qwen/Qwen2.5-7B-Instruct replicas=1
[2m2026-07-23T18:54:18.401273Z[0m [32m INFO[0m [2mvllm_coldstart_operator[0m[2m:[0m reconciling VllmService 'exp-fleet-0' in 'default': model=Qwen/Qwen2.5-7B-Instruct replicas=1 strategy=Eager
[2m2026-07-23T18:54:18.401815Z[0m [32m INFO[0m [2mvllm_coldstart_operator::fleet_controller[0m[2m:[0m FleetService 'exp-fleet': 1 slots placed (0 preserved, 1 newly planned) across 3 candidates
[2m2026-07-23T18:54:18.402014Z[0m [32m INFO[0m [2mvllm_coldstart_operator::fleet_controller[0m[2m:[0m reconciled FleetService exp-fleet
[2m2026-07-23T18:54:18.402128Z[0m [32m INFO[0m [2mvllm_coldstart_operator::fleet_controller[0m[2m:[0m reconciling FleetService 'exp-fleet' in 'default': model=Qwen/Qwen2.5-7B-Instruct replicas=1
[2m2026-07-23T18:54:18.410862Z[0m [32m INFO[0m [2mvllm_coldstart_operator[0m[2m:[0m status of 'exp-fleet-0' -> Pending (0/1 ready)
[2m2026-07-23T18:54:18.410948Z[0m [32m INFO[0m [2mvllm_coldstart_operator[0m[2m:[0m reconciled exp-fleet-0
[2m2026-07-23T18:54:18.411070Z[0m [32m INFO[0m [2mvllm_coldstart_operator[0m[2m:[0m reconciling VllmService 'exp-fleet-0' in 'default': model=Qwen/Qwen2.5-7B-Instruct replicas=1 strategy=Eager
[2m2026-07-23T18:54:18.419768Z[0m [32m INFO[0m [2mvllm_coldstart_operator[0m[2m:[0m status of 'exp-fleet-0' -> Pending (0/1 ready)
[2m2026-07-23T18:54:18.419857Z[0m [32m INFO[0m [2mvllm_coldstart_operator[0m[2m:[0m reconciled exp-fleet-0
[2m2026-07-23T18:54:18.419876Z[0m [32m INFO[0m [2mvllm_coldstart_operator[0m[2m:[0m reconciling VllmService 'exp-fleet-0' in 'default': model=Qwen/Qwen2.5-7B-Instruct replicas=1 strategy=Eager
[2m2026-07-23T18:54:18.429383Z[0m [32m INFO[0m [2mvllm_coldstart_operator[0m[2m:[0m status of 'exp-fleet-0' -> Pending (0/1 ready)
[2m2026-07-23T18:54:18.429474Z[0m [32m INFO[0m [2mvllm_coldstart_operator[0m[2m:[0m reconciled exp-fleet-0
[2m2026-07-23T18:54:18.432279Z[0m [32m INFO[0m [2mvllm_coldstart_operator[0m[2m:[0m reconciling VllmService 'exp-fleet-0' in 'default': model=Qwen/Qwen2.5-7B-Instruct replicas=1 strategy=Eager
[2m2026-07-23T18:54:18.439761Z[0m [32m INFO[0m [2mvllm_coldstart_operator[0m[2m:[0m status of 'exp-fleet-0' -> Pending (0/1 ready)
[2m2026-07-23T18:54:18.439870Z[0m [32m INFO[0m [2mvllm_coldstart_operator[0m[2m:[0m reconciled exp-fleet-0
[2m2026-07-23T18:54:19.216504Z[0m [32m INFO[0m [2mvllm_coldstart_operator::fleet_controller[0m[2m:[0m FleetService 'exp-fleet': 1 slots placed (1 preserved, 0 newly planned) across 3 candidates
[2m2026-07-23T18:54:19.216578Z[0m [32m INFO[0m [2mvllm_coldstart_operator::fleet_controller[0m[2m:[0m reconciled FleetService exp-fleet
[2m2026-07-23T18:54:19.216597Z[0m [32m INFO[0m [2mvllm_coldstart_operator::fleet_controller[0m[2m:[0m reconciling FleetService 'exp-fleet' in 'default': model=Qwen/Qwen2.5-7B-Instruct replicas=1
[2m2026-07-23T18:54:20.217486Z[0m [32m INFO[0m [2mvllm_coldstart_operator::fleet_controller[0m[2m:[0m FleetService 'exp-fleet': 1 slots placed (1 preserved, 0 newly planned) across 3 candidates
[2m2026-07-23T18:54:20.217578Z[0m [32m INFO[0m [2mvllm_coldstart_operator::fleet_controller[0m[2m:[0m reconciled FleetService exp-fleet
[2m2026-07-23T18:54:20.217601Z[0m [32m INFO[0m [2mvllm_coldstart_operator::fleet_controller[0m[2m:[0m reconciling FleetService 'exp-fleet' in 'default': model=Qwen/Qwen2.5-7B-Instruct replicas=1
[2m2026-07-23T18:54:20.228608Z[0m [32m INFO[0m [2mvllm_coldstart_operator::fleet_controller[0m[2m:[0m FleetService 'exp-fleet': 1 slots placed (1 preserved, 0 newly planned) across 3 candidates
[2m2026-07-23T18:54:20.228681Z[0m [32m INFO[0m [2mvllm_coldstart_operator::fleet_controller[0m[2m:[0m reconciled FleetService exp-fleet
[2m2026-07-23T18:54:23.441124Z[0m [32m INFO[0m [2mvllm_coldstart_operator[0m[2m:[0m reconciling VllmService 'exp-fleet-0' in 'default': model=Qwen/Qwen2.5-7B-Instruct replicas=1 strategy=Eager
[2m2026-07-23T18:54:23.450058Z[0m [32m INFO[0m [2mvllm_coldstart_operator[0m[2m:[0m status of 'exp-fleet-0' -> Pending (0/1 ready)
[2m2026-07-23T18:54:23.450110Z[0m [32m INFO[0m [2mvllm_coldstart_operator[0m[2m:[0m reconciled exp-fleet-0
[2m2026-07-23T18:54:28.452334Z[0m [32m INFO[0m [2mvllm_coldstart_operator[0m[2m:[0m reconciling VllmService 'exp-fleet-0' in 'default': model=Qwen/Qwen2.5-7B-Instruct replicas=1 strategy=Eager
[2m2026-07-23T18:54:28.461000Z[0m [32m INFO[0m [2mvllm_coldstart_operator[0m[2m:[0m status of 'exp-fleet-0' -> Pending (0/1 ready)
[2m2026-07-23T18:54:28.461046Z[0m [32m INFO[0m [2mvllm_coldstart_operator[0m[2m:[0m reconciled exp-fleet-0
[2m2026-07-23T18:54:33.304185Z[0m [32m INFO[0m [2mvllm_coldstart_operator::fleet_controller[0m[2m:[0m reconciling FleetService 'exp-fleet' in 'default': model=Qwen/Qwen2.5-7B-Instruct replicas=1
[2m2026-07-23T18:54:33.418358Z[0m [32m INFO[0m [2mvllm_coldstart_operator::fleet_controller[0m[2m:[0m FleetService 'exp-fleet': 1 slots placed (1 preserved, 0 newly planned) across 3 candidates
[2m2026-07-23T18:54:33.418426Z[0m [32m INFO[0m [2mvllm_coldstart_operator::fleet_controller[0m[2m:[0m reconciled FleetService exp-fleet
[2m2026-07-23T18:54:33.418445Z[0m [32m INFO[0m [2mvllm_coldstart_operator::fleet_controller[0m[2m:[0m reconciling FleetService 'exp-fleet' in 'default': model=Qwen/Qwen2.5-7B-Instruct replicas=1
[2m2026-07-23T18:54:33.461963Z[0m [32m INFO[0m [2mvllm_coldstart_operator[0m[2m:[0m reconciling VllmService 'exp-fleet-0' in 'default': model=Qwen/Qwen2.5-7B-Instruct replicas=1 strategy=Eager
[2m2026-07-23T18:54:33.470662Z[0m [32m INFO[0m [2mvllm_coldstart_operator[0m[2m:[0m status of 'exp-fleet-0' -> Pending (0/1 ready)
[2m2026-07-23T18:54:33.470731Z[0m [32m INFO[0m [2mvllm_coldstart_operator[0m[2m:[0m reconciled exp-fleet-0
[2m2026-07-23T18:54:34.216598Z[0m [32m INFO[0m [2mvllm_coldstart_operator::fleet_controller[0m[2m:[0m FleetService 'exp-fleet': 1 slots placed (1 preserved, 0 newly planned) across 3 candidates
[2m2026-07-23T18:54:34.216800Z[0m [32m INFO[0m [2mvllm_coldstart_operator::fleet_controller[0m[2m:[0m reconciled FleetService exp-fleet
[2m2026-07-23T18:54:34.258659Z[0m [32m INFO[0m [2mvllm_coldstart_operator::fleet_controller[0m[2m:[0m reconciling FleetService 'exp-fleet' in 'default': model=Qwen/Qwen2.5-7B-Instruct replicas=1
[2m2026-07-23T18:54:34.628071Z[0m [32m INFO[0m [2mvllm_coldstart_operator::fleet_controller[0m[2m:[0m FleetService 'exp-fleet': 1 slots placed (1 preserved, 0 newly planned) across 3 candidates
[2m2026-07-23T18:54:34.628433Z[0m [32m INFO[0m [2mvllm_coldstart_operator::fleet_controller[0m[2m:[0m reconciled FleetService exp-fleet
[2m2026-07-23T18:54:38.472209Z[0m [32m INFO[0m [2mvllm_coldstart_operator[0m[2m:[0m reconciling VllmService 'exp-fleet-0' in 'default': model=Qwen/Qwen2.5-7B-Instruct replicas=1 strategy=Eager
[2m2026-07-23T18:54:38.481334Z[0m [32m INFO[0m [2mvllm_coldstart_operator[0m[2m:[0m status of 'exp-fleet-0' -> Pending (0/1 ready)
[2m2026-07-23T18:54:38.481392Z[0m [32m INFO[0m [2mvllm_coldstart_operator[0m[2m:[0m reconciled exp-fleet-0
[2m2026-07-23T18:54:43.482648Z[0m [32m INFO[0m [2mvllm_coldstart_operator[0m[2m:[0m reconciling VllmService 'exp-fleet-0' in 'default': model=Qwen/Qwen2.5-7B-Instruct replicas=1 strategy=Eager
[2m2026-07-23T18:54:43.491318Z[0m [32m INFO[0m [2mvllm_coldstart_operator[0m[2m:[0m status of 'exp-fleet-0' -> Pending (0/1 ready)
[2m2026-07-23T18:54:43.491374Z[0m [32m INFO[0m [2mvllm_coldstart_operator[0m[2m:[0m reconciled exp-fleet-0
[2m2026-07-23T18:54:48.321632Z[0m [32m INFO[0m [2mvllm_coldstart_operator::fleet_controller[0m[2m:[0m reconciling FleetService 'exp-fleet' in 'default': model=Qwen/Qwen2.5-7B-Instruct replicas=1
[2m2026-07-23T18:54:48.436291Z[0m [32m INFO[0m [2mvllm_coldstart_operator::fleet_controller[0m[2m:[0m FleetService 'exp-fleet': 1 slots placed (1 preserved, 0 newly planned) across 3 candidates
[2m2026-07-23T18:54:48.436362Z[0m [32m INFO[0m [2mvllm_coldstart_operator::fleet_controller[0m[2m:[0m reconciled FleetService exp-fleet
[2m2026-07-23T18:54:48.436381Z[0m [32m INFO[0m [2mvllm_coldstart_operator::fleet_controller[0m[2m:[0m reconciling FleetService 'exp-fleet' in 'default': model=Qwen/Qwen2.5-7B-Instruct replicas=1
[2m2026-07-23T18:54:48.492837Z[0m [32m INFO[0m [2mvllm_coldstart_operator[0m[2m:[0m reconciling VllmService 'exp-fleet-0' in 'default': model=Qwen/Qwen2.5-7B-Instruct replicas=1 strategy=Eager
[2m2026-07-23T18:54:48.501132Z[0m [32m INFO[0m [2mvllm_coldstart_operator[0m[2m:[0m status of 'exp-fleet-0' -> Pending (0/1 ready)
[2m2026-07-23T18:54:48.501189Z[0m [32m INFO[0m [2mvllm_coldstart_operator[0m[2m:[0m reconciled exp-fleet-0
[2m2026-07-23T18:54:49.217440Z[0m [32m INFO[0m [2mvllm_coldstart_operator::fleet_controller[0m[2m:[0m FleetService 'exp-fleet': 1 slots placed (1 preserved, 0 newly planned) across 3 candidates
[2m2026-07-23T18:54:49.217695Z[0m [32m INFO[0m [2mvllm_coldstart_operator::fleet_controller[0m[2m:[0m reconciled FleetService exp-fleet
[2m2026-07-23T18:54:49.273605Z[0m [32m INFO[0m [2mvllm_coldstart_operator::fleet_controller[0m[2m:[0m reconciling FleetService 'exp-fleet' in 'default': model=Qwen/Qwen2.5-7B-Instruct replicas=1
[2m2026-07-23T18:54:49.883885Z[0m [32m INFO[0m [2mvllm_coldstart_operator::fleet_controller[0m[2m:[0m FleetService 'exp-fleet': 1 slots placed (1 preserved, 0 newly planned) across 3 candidates
[2m2026-07-23T18:54:49.884246Z[0m [32m INFO[0m [2mvllm_coldstart_operator::fleet_controller[0m[2m:[0m reconciled FleetService exp-fleet
[2m2026-07-23T18:54:53.502777Z[0m [32m INFO[0m [2mvllm_coldstart_operator[0m[2m:[0m reconciling VllmService 'exp-fleet-0' in 'default': model=Qwen/Qwen2.5-7B-Instruct replicas=1 strategy=Eager
[2m2026-07-23T18:54:53.511646Z[0m [32m INFO[0m [2mvllm_coldstart_operator[0m[2m:[0m status of 'exp-fleet-0' -> Pending (0/1 ready)
[2m2026-07-23T18:54:53.511694Z[0m [32m INFO[0m [2mvllm_coldstart_operator[0m[2m:[0m reconciled exp-fleet-0
[2m2026-07-23T18:54:58.512973Z[0m [32m INFO[0m [2mvllm_coldstart_operator[0m[2m:[0m reconciling VllmService 'exp-fleet-0' in 'default': model=Qwen/Qwen2.5-7B-Instruct replicas=1 strategy=Eager
[2m2026-07-23T18:54:58.522017Z[0m [32m INFO[0m [2mvllm_coldstart_operator[0m[2m:[0m status of 'exp-fleet-0' -> Pending (0/1 ready)
[2m2026-07-23T18:54:58.522067Z[0m [32m INFO[0m [2mvllm_coldstart_operator[0m[2m:[0m reconciled exp-fleet-0
[2m2026-07-23T18:55:03.339768Z[0m [32m INFO[0m [2mvllm_coldstart_operator::fleet_controller[0m[2m:[0m reconciling FleetService 'exp-fleet' in 'default': model=Qwen/Qwen2.5-7B-Instruct replicas=1
[2m2026-07-23T18:55:03.452985Z[0m [32m INFO[0m [2mvllm_coldstart_operator::fleet_controller[0m[2m:[0m FleetService 'exp-fleet': 1 slots placed (1 preserved, 0 newly planned) across 3 candidates
[2m2026-07-23T18:55:03.453053Z[0m [32m INFO[0m [2mvllm_coldstart_operator::fleet_controller[0m[2m:[0m reconciled FleetService exp-fleet
[2m2026-07-23T18:55:03.453079Z[0m [32m INFO[0m [2mvllm_coldstart_operator::fleet_controller[0m[2m:[0m reconciling FleetService 'exp-fleet' in 'default': model=Qwen/Qwen2.5-7B-Instruct replicas=1
[2m2026-07-23T18:55:03.522567Z[0m [32m INFO[0m [2mvllm_coldstart_operator[0m[2m:[0m reconciling VllmService 'exp-fleet-0' in 'default': model=Qwen/Qwen2.5-7B-Instruct replicas=1 strategy=Eager
[2m2026-07-23T18:55:03.531307Z[0m [32m INFO[0m [2mvllm_coldstart_operator[0m[2m:[0m status of 'exp-fleet-0' -> Pending (0/1 ready)
[2m2026-07-23T18:55:03.531375Z[0m [32m INFO[0m [2mvllm_coldstart_operator[0m[2m:[0m reconciled exp-fleet-0
[2m2026-07-23T18:55:03.750159Z[0m [32m INFO[0m [2mvllm_coldstart_operator::fleet_controller[0m[2m:[0m FleetService 'exp-fleet': 1 slots placed (1 preserved, 0 newly planned) across 3 candidates
[2m2026-07-23T18:55:03.750367Z[0m [32m INFO[0m [2mvllm_coldstart_operator::fleet_controller[0m[2m:[0m reconciled FleetService exp-fleet
[2m2026-07-23T18:55:04.290740Z[0m [32m INFO[0m [2mvllm_coldstart_operator::fleet_controller[0m[2m:[0m reconciling FleetService 'exp-fleet' in 'default': model=Qwen/Qwen2.5-7B-Instruct replicas=1
[2m2026-07-23T18:55:04.884119Z[0m [32m INFO[0m [2mvllm_coldstart_operator::fleet_controller[0m[2m:[0m FleetService 'exp-fleet': 1 slots placed (1 preserved, 0 newly planned) across 3 candidates
[2m2026-07-23T18:55:04.884476Z[0m [32m INFO[0m [2mvllm_coldstart_operator::fleet_controller[0m[2m:[0m reconciled FleetService exp-fleet
[2m2026-07-23T18:55:08.533002Z[0m [32m INFO[0m [2mvllm_coldstart_operator[0m[2m:[0m reconciling VllmService 'exp-fleet-0' in 'default': model=Qwen/Qwen2.5-7B-Instruct replicas=1 strategy=Eager
[2m2026-07-23T18:55:08.541800Z[0m [32m INFO[0m [2mvllm_coldstart_operator[0m[2m:[0m status of 'exp-fleet-0' -> Pending (0/1 ready)
[2m2026-07-23T18:55:08.541851Z[0m [32m INFO[0m [2mvllm_coldstart_operator[0m[2m:[0m reconciled exp-fleet-0
[2m2026-07-23T18:55:13.543123Z[0m [32m INFO[0m [2mvllm_coldstart_operator[0m[2m:[0m reconciling VllmService 'exp-fleet-0' in 'default': model=Qwen/Qwen2.5-7B-Instruct replicas=1 strategy=Eager
[2m2026-07-23T18:55:13.552363Z[0m [32m INFO[0m [2mvllm_coldstart_operator[0m[2m:[0m status of 'exp-fleet-0' -> Pending (0/1 ready)
[2m2026-07-23T18:55:13.552436Z[0m [32m INFO[0m [2mvllm_coldstart_operator[0m[2m:[0m reconciled exp-fleet-0
[2m2026-07-23T18:55:18.358074Z[0m [32m INFO[0m [2mvllm_coldstart_operator::fleet_controller[0m[2m:[0m reconciling FleetService 'exp-fleet' in 'default': model=Qwen/Qwen2.5-7B-Instruct replicas=1
[2m2026-07-23T18:55:18.473594Z[0m [32m INFO[0m [2mvllm_coldstart_operator::fleet_controller[0m[2m:[0m FleetService 'exp-fleet': 1 slots placed (1 preserved, 0 newly planned) across 3 candidates
[2m2026-07-23T18:55:18.473657Z[0m [32m INFO[0m [2mvllm_coldstart_operator::fleet_controller[0m[2m:[0m reconciled FleetService exp-fleet
[2m2026-07-23T18:55:18.473676Z[0m [32m INFO[0m [2mvllm_coldstart_operator::fleet_controller[0m[2m:[0m reconciling FleetService 'exp-fleet' in 'default': model=Qwen/Qwen2.5-7B-Instruct replicas=1
[2m2026-07-23T18:55:18.554293Z[0m [32m INFO[0m [2mvllm_coldstart_operator[0m[2m:[0m reconciling VllmService 'exp-fleet-0' in 'default': model=Qwen/Qwen2.5-7B-Instruct replicas=1 strategy=Eager
[2m2026-07-23T18:55:18.563132Z[0m [32m INFO[0m [2mvllm_coldstart_operator[0m[2m:[0m status of 'exp-fleet-0' -> Pending (0/1 ready)
[2m2026-07-23T18:55:18.563204Z[0m [32m INFO[0m [2mvllm_coldstart_operator[0m[2m:[0m reconciled exp-fleet-0
[2m2026-07-23T18:55:19.217151Z[0m [32m INFO[0m [2mvllm_coldstart_operator::fleet_controller[0m[2m:[0m FleetService 'exp-fleet': 1 slots placed (1 preserved, 0 newly planned) across 3 candidates
[2m2026-07-23T18:55:19.217383Z[0m [32m INFO[0m [2mvllm_coldstart_operator::fleet_controller[0m[2m:[0m reconciled FleetService exp-fleet
[2m2026-07-23T18:55:19.393467Z[0m [32m INFO[0m [2mvllm_coldstart_operator::fleet_controller[0m[2m:[0m reconciling FleetService 'exp-fleet' in 'default': model=Qwen/Qwen2.5-7B-Instruct replicas=1
[2m2026-07-23T18:55:19.884274Z[0m [32m INFO[0m [2mvllm_coldstart_operator::fleet_controller[0m[2m:[0m FleetService 'exp-fleet': 1 slots placed (1 preserved, 0 newly planned) across 3 candidates
[2m2026-07-23T18:55:19.884496Z[0m [32m INFO[0m [2mvllm_coldstart_operator::fleet_controller[0m[2m:[0m reconciled FleetService exp-fleet
[2m2026-07-23T18:55:23.565168Z[0m [32m INFO[0m [2mvllm_coldstart_operator[0m[2m:[0m reconciling VllmService 'exp-fleet-0' in 'default': model=Qwen/Qwen2.5-7B-Instruct replicas=1 strategy=Eager
[2m2026-07-23T18:55:23.574152Z[0m [32m INFO[0m [2mvllm_coldstart_operator[0m[2m:[0m status of 'exp-fleet-0' -> Pending (0/1 ready)
[2m2026-07-23T18:55:23.574196Z[0m [32m INFO[0m [2mvllm_coldstart_operator[0m[2m:[0m reconciled exp-fleet-0
[2m2026-07-23T18:55:28.576237Z[0m [32m INFO[0m [2mvllm_coldstart_operator[0m[2m:[0m reconciling VllmService 'exp-fleet-0' in 'default': model=Qwen/Qwen2.5-7B-Instruct replicas=1 strategy=Eager
[2m2026-07-23T18:55:28.585019Z[0m [32m INFO[0m [2mvllm_coldstart_operator[0m[2m:[0m status of 'exp-fleet-0' -> Pending (0/1 ready)
[2m2026-07-23T18:55:28.585067Z[0m [32m INFO[0m [2mvllm_coldstart_operator[0m[2m:[0m reconciled exp-fleet-0
[2m2026-07-23T18:55:33.375776Z[0m [32m INFO[0m [2mvllm_coldstart_operator::fleet_controller[0m[2m:[0m reconciling FleetService 'exp-fleet' in 'default': model=Qwen/Qwen2.5-7B-Instruct replicas=1
[2m2026-07-23T18:55:33.492364Z[0m [32m INFO[0m [2mvllm_coldstart_operator::fleet_controller[0m[2m:[0m FleetService 'exp-fleet': 1 slots placed (1 preserved, 0 newly planned) across 3 candidates
[2m2026-07-23T18:55:33.492426Z[0m [32m INFO[0m [2mvllm_coldstart_operator::fleet_controller[0m[2m:[0m reconciled FleetService exp-fleet
[2m2026-07-23T18:55:33.492442Z[0m [32m INFO[0m [2mvllm_coldstart_operator::fleet_controller[0m[2m:[0m reconciling FleetService 'exp-fleet' in 'default': model=Qwen/Qwen2.5-7B-Instruct replicas=1
[2m2026-07-23T18:55:33.585882Z[0m [32m INFO[0m [2mvllm_coldstart_operator[0m[2m:[0m reconciling VllmService 'exp-fleet-0' in 'default': model=Qwen/Qwen2.5-7B-Instruct replicas=1 strategy=Eager
[2m2026-07-23T18:55:33.594564Z[0m [32m INFO[0m [2mvllm_coldstart_operator[0m[2m:[0m status of 'exp-fleet-0' -> Pending (0/1 ready)
[2m2026-07-23T18:55:33.594631Z[0m [32m INFO[0m [2mvllm_coldstart_operator[0m[2m:[0m reconciled exp-fleet-0
[2m2026-07-23T18:55:34.216994Z[0m [32m INFO[0m [2mvllm_coldstart_operator::fleet_controller[0m[2m:[0m FleetService 'exp-fleet': 1 slots placed (1 preserved, 0 newly planned) across 3 candidates
[2m2026-07-23T18:55:34.217251Z[0m [32m INFO[0m [2mvllm_coldstart_operator::fleet_controller[0m[2m:[0m reconciled FleetService exp-fleet
[2m2026-07-23T18:55:34.411801Z[0m [32m INFO[0m [2mvllm_coldstart_operator::fleet_controller[0m[2m:[0m reconciling FleetService 'exp-fleet' in 'default': model=Qwen/Qwen2.5-7B-Instruct replicas=1
[2m2026-07-23T18:55:34.591778Z[0m [32m INFO[0m [2mvllm_coldstart_operator::fleet_controller[0m[2m:[0m FleetService 'exp-fleet': 1 slots placed (1 preserved, 0 newly planned) across 3 candidates
[2m2026-07-23T18:55:34.591998Z[0m [32m INFO[0m [2mvllm_coldstart_operator::fleet_controller[0m[2m:[0m reconciled FleetService exp-fleet
[2m2026-07-23T18:55:38.596081Z[0m [32m INFO[0m [2mvllm_coldstart_operator[0m[2m:[0m reconciling VllmService 'exp-fleet-0' in 'default': model=Qwen/Qwen2.5-7B-Instruct replicas=1 strategy=Eager
[2m2026-07-23T18:55:38.604870Z[0m [32m INFO[0m [2mvllm_coldstart_operator[0m[2m:[0m status of 'exp-fleet-0' -> Pending (0/1 ready)
[2m2026-07-23T18:55:38.604931Z[0m [32m INFO[0m [2mvllm_coldstart_operator[0m[2m:[0m reconciled exp-fleet-0
[2m2026-07-23T18:55:43.606100Z[0m [32m INFO[0m [2mvllm_coldstart_operator[0m[2m:[0m reconciling VllmService 'exp-fleet-0' in 'default': model=Qwen/Qwen2.5-7B-Instruct replicas=1 strategy=Eager
[2m2026-07-23T18:55:43.616252Z[0m [32m INFO[0m [2mvllm_coldstart_operator[0m[2m:[0m status of 'exp-fleet-0' -> Pending (0/1 ready)
[2m2026-07-23T18:55:43.616305Z[0m [32m INFO[0m [2mvllm_coldstart_operator[0m[2m:[0m reconciled exp-fleet-0
[2m2026-07-23T18:55:48.394350Z[0m [32m INFO[0m [2mvllm_coldstart_operator::fleet_controller[0m[2m:[0m reconciling FleetService 'exp-fleet' in 'default': model=Qwen/Qwen2.5-7B-Instruct replicas=1
[2m2026-07-23T18:55:48.511554Z[0m [32m INFO[0m [2mvllm_coldstart_operator::fleet_controller[0m[2m:[0m FleetService 'exp-fleet': 1 slots placed (1 preserved, 0 newly planned) across 3 candidates
[2m2026-07-23T18:55:48.511623Z[0m [32m INFO[0m [2mvllm_coldstart_operator::fleet_controller[0m[2m:[0m reconciled FleetService exp-fleet
[2m2026-07-23T18:55:48.511763Z[0m [32m INFO[0m [2mvllm_coldstart_operator::fleet_controller[0m[2m:[0m reconciling FleetService 'exp-fleet' in 'default': model=Qwen/Qwen2.5-7B-Instruct replicas=1
[2m2026-07-23T18:55:48.618183Z[0m [32m INFO[0m [2mvllm_coldstart_operator[0m[2m:[0m reconciling VllmService 'exp-fleet-0' in 'default': model=Qwen/Qwen2.5-7B-Instruct replicas=1 strategy=Eager
[2m2026-07-23T18:55:48.627089Z[0m [32m INFO[0m [2mvllm_coldstart_operator[0m[2m:[0m status of 'exp-fleet-0' -> Pending (0/1 ready)
[2m2026-07-23T18:55:48.627265Z[0m [32m INFO[0m [2mvllm_coldstart_operator[0m[2m:[0m reconciled exp-fleet-0
[2m2026-07-23T18:55:49.216237Z[0m [32m INFO[0m [2mvllm_coldstart_operator::fleet_controller[0m[2m:[0m FleetService 'exp-fleet': 1 slots placed (1 preserved, 0 newly planned) across 3 candidates
[2m2026-07-23T18:55:49.216476Z[0m [32m INFO[0m [2mvllm_coldstart_operator::fleet_controller[0m[2m:[0m reconciled FleetService exp-fleet
[2m2026-07-23T18:55:49.429718Z[0m [32m INFO[0m [2mvllm_coldstart_operator::fleet_controller[0m[2m:[0m reconciling FleetService 'exp-fleet' in 'default': model=Qwen/Qwen2.5-7B-Instruct replicas=1
[2m2026-07-23T18:55:50.216232Z[0m [32m INFO[0m [2mvllm_coldstart_operator::fleet_controller[0m[2m:[0m FleetService 'exp-fleet': 1 slots placed (1 preserved, 0 newly planned) across 3 candidates
[2m2026-07-23T18:55:50.216457Z[0m [32m INFO[0m [2mvllm_coldstart_operator::fleet_controller[0m[2m:[0m reconciled FleetService exp-fleet
[2m2026-07-23T18:55:53.628931Z[0m [32m INFO[0m [2mvllm_coldstart_operator[0m[2m:[0m reconciling VllmService 'exp-fleet-0' in 'default': model=Qwen/Qwen2.5-7B-Instruct replicas=1 strategy=Eager
[2m2026-07-23T18:55:53.637738Z[0m [32m INFO[0m [2mvllm_coldstart_operator[0m[2m:[0m status of 'exp-fleet-0' -> Pending (0/1 ready)
[2m2026-07-23T18:55:53.637786Z[0m [32m INFO[0m [2mvllm_coldstart_operator[0m[2m:[0m reconciled exp-fleet-0
[2m2026-07-23T18:55:58.639033Z[0m [32m INFO[0m [2mvllm_coldstart_operator[0m[2m:[0m reconciling VllmService 'exp-fleet-0' in 'default': model=Qwen/Qwen2.5-7B-Instruct replicas=1 strategy=Eager
[2m2026-07-23T18:55:58.654554Z[0m [32m INFO[0m [2mvllm_coldstart_operator[0m[2m:[0m status of 'exp-fleet-0' -> Pending (0/1 ready)
[2m2026-07-23T18:55:58.654627Z[0m [32m INFO[0m [2mvllm_coldstart_operator[0m[2m:[0m reconciled exp-fleet-0
[2m2026-07-23T18:56:03.414607Z[0m [32m INFO[0m [2mvllm_coldstart_operator::fleet_controller[0m[2m:[0m reconciling FleetService 'exp-fleet' in 'default': model=Qwen/Qwen2.5-7B-Instruct replicas=1
[2m2026-07-23T18:56:03.531435Z[0m [32m INFO[0m [2mvllm_coldstart_operator::fleet_controller[0m[2m:[0m FleetService 'exp-fleet': 1 slots placed (1 preserved, 0 newly planned) across 3 candidates
[2m2026-07-23T18:56:03.531500Z[0m [32m INFO[0m [2mvllm_coldstart_operator::fleet_controller[0m[2m:[0m reconciled FleetService exp-fleet
[2m2026-07-23T18:56:03.531517Z[0m [32m INFO[0m [2mvllm_coldstart_operator::fleet_controller[0m[2m:[0m reconciling FleetService 'exp-fleet' in 'default': model=Qwen/Qwen2.5-7B-Instruct replicas=1
[2m2026-07-23T18:56:03.655990Z[0m [32m INFO[0m [2mvllm_coldstart_operator[0m[2m:[0m reconciling VllmService 'exp-fleet-0' in 'default': model=Qwen/Qwen2.5-7B-Instruct replicas=1 strategy=Eager
[2m2026-07-23T18:56:03.664818Z[0m [32m INFO[0m [2mvllm_coldstart_operator[0m[2m:[0m status of 'exp-fleet-0' -> Pending (0/1 ready)
[2m2026-07-23T18:56:03.664890Z[0m [32m INFO[0m [2mvllm_coldstart_operator[0m[2m:[0m reconciled exp-fleet-0
[2m2026-07-23T18:56:04.217148Z[0m [32m INFO[0m [2mvllm_coldstart_operator::fleet_controller[0m[2m:[0m FleetService 'exp-fleet': 1 slots placed (1 preserved, 0 newly planned) across 3 candidates
[2m2026-07-23T18:56:04.217230Z[0m [32m INFO[0m [2mvllm_coldstart_operator::fleet_controller[0m[2m:[0m reconciled FleetService exp-fleet
[2m2026-07-23T18:56:04.447879Z[0m [32m INFO[0m [2mvllm_coldstart_operator::fleet_controller[0m[2m:[0m reconciling FleetService 'exp-fleet' in 'default': model=Qwen/Qwen2.5-7B-Instruct replicas=1
[2m2026-07-23T18:56:04.932191Z[0m [32m INFO[0m [2mvllm_coldstart_operator::fleet_controller[0m[2m:[0m FleetService 'exp-fleet': 1 slots placed (1 preserved, 0 newly planned) across 3 candidates
[2m2026-07-23T18:56:04.932271Z[0m [32m INFO[0m [2mvllm_coldstart_operator::fleet_controller[0m[2m:[0m reconciled FleetService exp-fleet
[2m2026-07-23T18:56:08.666136Z[0m [32m INFO[0m [2mvllm_coldstart_operator[0m[2m:[0m reconciling VllmService 'exp-fleet-0' in 'default': model=Qwen/Qwen2.5-7B-Instruct replicas=1 strategy=Eager
[2m2026-07-23T18:56:08.675053Z[0m [32m INFO[0m [2mvllm_coldstart_operator[0m[2m:[0m status of 'exp-fleet-0' -> Pending (0/1 ready)
[2m2026-07-23T18:56:08.675109Z[0m [32m INFO[0m [2mvllm_coldstart_operator[0m[2m:[0m reconciled exp-fleet-0
[2m2026-07-23T18:56:13.677396Z[0m [32m INFO[0m [2mvllm_coldstart_operator[0m[2m:[0m reconciling VllmService 'exp-fleet-0' in 'default': model=Qwen/Qwen2.5-7B-Instruct replicas=1 strategy=Eager
[2m2026-07-23T18:56:13.687283Z[0m [32m INFO[0m [2mvllm_coldstart_operator[0m[2m:[0m status of 'exp-fleet-0' -> Pending (0/1 ready)
[2m2026-07-23T18:56:13.687347Z[0m [32m INFO[0m [2mvllm_coldstart_operator[0m[2m:[0m reconciled exp-fleet-0
[2m2026-07-23T18:56:18.434405Z[0m [32m INFO[0m [2mvllm_coldstart_operator::fleet_controller[0m[2m:[0m reconciling FleetService 'exp-fleet' in 'default': model=Qwen/Qwen2.5-7B-Instruct replicas=1
[2m2026-07-23T18:56:18.552546Z[0m [32m INFO[0m [2mvllm_coldstart_operator::fleet_controller[0m[2m:[0m FleetService 'exp-fleet': 1 slots placed (1 preserved, 0 newly planned) across 3 candidates
[2m2026-07-23T18:56:18.552626Z[0m [32m INFO[0m [2mvllm_coldstart_operator::fleet_controller[0m[2m:[0m reconciled FleetService exp-fleet
[2m2026-07-23T18:56:18.552665Z[0m [32m INFO[0m [2mvllm_coldstart_operator::fleet_controller[0m[2m:[0m reconciling FleetService 'exp-fleet' in 'default': model=Qwen/Qwen2.5-7B-Instruct replicas=1
[2m2026-07-23T18:56:18.689442Z[0m [32m INFO[0m [2mvllm_coldstart_operator[0m[2m:[0m reconciling VllmService 'exp-fleet-0' in 'default': model=Qwen/Qwen2.5-7B-Instruct replicas=1 strategy=Eager
[2m2026-07-23T18:56:18.698434Z[0m [32m INFO[0m [2mvllm_coldstart_operator[0m[2m:[0m status of 'exp-fleet-0' -> Pending (0/1 ready)
[2m2026-07-23T18:56:18.698516Z[0m [32m INFO[0m [2mvllm_coldstart_operator[0m[2m:[0m reconciled exp-fleet-0
[2m2026-07-23T18:56:18.852462Z[0m [32m INFO[0m [2mvllm_coldstart_operator::fleet_controller[0m[2m:[0m FleetService 'exp-fleet': 1 slots placed (1 preserved, 0 newly planned) across 3 candidates
[2m2026-07-23T18:56:18.852533Z[0m [32m INFO[0m [2mvllm_coldstart_operator::fleet_controller[0m[2m:[0m reconciled FleetService exp-fleet
[2m2026-07-23T18:56:19.465676Z[0m [32m INFO[0m [2mvllm_coldstart_operator::fleet_controller[0m[2m:[0m reconciling FleetService 'exp-fleet' in 'default': model=Qwen/Qwen2.5-7B-Instruct replicas=1
[2m2026-07-23T18:56:20.217268Z[0m [32m INFO[0m [2mvllm_coldstart_operator::fleet_controller[0m[2m:[0m FleetService 'exp-fleet': 1 slots placed (1 preserved, 0 newly planned) across 3 candidates
[2m2026-07-23T18:56:20.217361Z[0m [32m INFO[0m [2mvllm_coldstart_operator::fleet_controller[0m[2m:[0m reconciled FleetService exp-fleet
[2m2026-07-23T18:56:23.700072Z[0m [32m INFO[0m [2mvllm_coldstart_operator[0m[2m:[0m reconciling VllmService 'exp-fleet-0' in 'default': model=Qwen/Qwen2.5-7B-Instruct replicas=1 strategy=Eager
[2m2026-07-23T18:56:23.708838Z[0m [32m INFO[0m [2mvllm_coldstart_operator[0m[2m:[0m status of 'exp-fleet-0' -> Pending (0/1 ready)
[2m2026-07-23T18:56:23.708889Z[0m [32m INFO[0m [2mvllm_coldstart_operator[0m[2m:[0m reconciled exp-fleet-0
[2m2026-07-23T18:56:28.710106Z[0m [32m INFO[0m [2mvllm_coldstart_operator[0m[2m:[0m reconciling VllmService 'exp-fleet-0' in 'default': model=Qwen/Qwen2.5-7B-Instruct replicas=1 strategy=Eager
[2m2026-07-23T18:56:28.718772Z[0m [32m INFO[0m [2mvllm_coldstart_operator[0m[2m:[0m status of 'exp-fleet-0' -> Pending (0/1 ready)
[2m2026-07-23T18:56:28.718902Z[0m [32m INFO[0m [2mvllm_coldstart_operator[0m[2m:[0m reconciled exp-fleet-0
[2m2026-07-23T18:56:33.451572Z[0m [32m INFO[0m [2mvllm_coldstart_operator::fleet_controller[0m[2m:[0m reconciling FleetService 'exp-fleet' in 'default': model=Qwen/Qwen2.5-7B-Instruct replicas=1
[2m2026-07-23T18:56:33.570032Z[0m [32m INFO[0m [2mvllm_coldstart_operator::fleet_controller[0m[2m:[0m FleetService 'exp-fleet': 1 slots placed (1 preserved, 0 newly planned) across 3 candidates
[2m2026-07-23T18:56:33.570104Z[0m [32m INFO[0m [2mvllm_coldstart_operator::fleet_controller[0m[2m:[0m reconciled FleetService exp-fleet
[2m2026-07-23T18:56:33.570138Z[0m [32m INFO[0m [2mvllm_coldstart_operator::fleet_controller[0m[2m:[0m reconciling FleetService 'exp-fleet' in 'default': model=Qwen/Qwen2.5-7B-Instruct replicas=1
[2m2026-07-23T18:56:33.720072Z[0m [32m INFO[0m [2mvllm_coldstart_operator[0m[2m:[0m reconciling VllmService 'exp-fleet-0' in 'default': model=Qwen/Qwen2.5-7B-Instruct replicas=1 strategy=Eager
[2m2026-07-23T18:56:33.728747Z[0m [32m INFO[0m [2mvllm_coldstart_operator[0m[2m:[0m status of 'exp-fleet-0' -> Pending (0/1 ready)
[2m2026-07-23T18:56:33.728945Z[0m [32m INFO[0m [2mvllm_coldstart_operator[0m[2m:[0m reconciled exp-fleet-0
[2m2026-07-23T18:56:34.216392Z[0m [32m INFO[0m [2mvllm_coldstart_operator::fleet_controller[0m[2m:[0m FleetService 'exp-fleet': 1 slots placed (1 preserved, 0 newly planned) across 3 candidates
[2m2026-07-23T18:56:34.216490Z[0m [32m INFO[0m [2mvllm_coldstart_operator::fleet_controller[0m[2m:[0m reconciled FleetService exp-fleet
[2m2026-07-23T18:56:34.483367Z[0m [32m INFO[0m [2mvllm_coldstart_operator::fleet_controller[0m[2m:[0m reconciling FleetService 'exp-fleet' in 'default': model=Qwen/Qwen2.5-7B-Instruct replicas=1
[2m2026-07-23T18:56:34.934469Z[0m [32m INFO[0m [2mvllm_coldstart_operator::fleet_controller[0m[2m:[0m FleetService 'exp-fleet': 1 slots placed (1 preserved, 0 newly planned) across 3 candidates
[2m2026-07-23T18:56:34.934549Z[0m [32m INFO[0m [2mvllm_coldstart_operator::fleet_controller[0m[2m:[0m reconciled FleetService exp-fleet
[2m2026-07-23T18:56:38.729557Z[0m [32m INFO[0m [2mvllm_coldstart_operator[0m[2m:[0m reconciling VllmService 'exp-fleet-0' in 'default': model=Qwen/Qwen2.5-7B-Instruct replicas=1 strategy=Eager
[2m2026-07-23T18:56:38.738288Z[0m [32m INFO[0m [2mvllm_coldstart_operator[0m[2m:[0m status of 'exp-fleet-0' -> Pending (0/1 ready)
[2m2026-07-23T18:56:38.738335Z[0m [32m INFO[0m [2mvllm_coldstart_operator[0m[2m:[0m reconciled exp-fleet-0
[2m2026-07-23T18:56:43.739508Z[0m [32m INFO[0m [2mvllm_coldstart_operator[0m[2m:[0m reconciling VllmService 'exp-fleet-0' in 'default': model=Qwen/Qwen2.5-7B-Instruct replicas=1 strategy=Eager
[2m2026-07-23T18:56:43.748104Z[0m [32m INFO[0m [2mvllm_coldstart_operator[0m[2m:[0m status of 'exp-fleet-0' -> Pending (0/1 ready)
[2m2026-07-23T18:56:43.748150Z[0m [32m INFO[0m [2mvllm_coldstart_operator[0m[2m:[0m reconciled exp-fleet-0
[2m2026-07-23T18:56:48.468813Z[0m [32m INFO[0m [2mvllm_coldstart_operator::fleet_controller[0m[2m:[0m reconciling FleetService 'exp-fleet' in 'default': model=Qwen/Qwen2.5-7B-Instruct replicas=1
[2m2026-07-23T18:56:48.587245Z[0m [32m INFO[0m [2mvllm_coldstart_operator::fleet_controller[0m[2m:[0m FleetService 'exp-fleet': 1 slots placed (1 preserved, 0 newly planned) across 3 candidates
[2m2026-07-23T18:56:48.587310Z[0m [32m INFO[0m [2mvllm_coldstart_operator::fleet_controller[0m[2m:[0m reconciled FleetService exp-fleet
[2m2026-07-23T18:56:48.587329Z[0m [32m INFO[0m [2mvllm_coldstart_operator::fleet_controller[0m[2m:[0m reconciling FleetService 'exp-fleet' in 'default': model=Qwen/Qwen2.5-7B-Instruct replicas=1
[2m2026-07-23T18:56:48.749703Z[0m [32m INFO[0m [2mvllm_coldstart_operator[0m[2m:[0m reconciling VllmService 'exp-fleet-0' in 'default': model=Qwen/Qwen2.5-7B-Instruct replicas=1 strategy=Eager
[2m2026-07-23T18:56:48.758450Z[0m [32m INFO[0m [2mvllm_coldstart_operator[0m[2m:[0m status of 'exp-fleet-0' -> Pending (0/1 ready)
[2m2026-07-23T18:56:48.758510Z[0m [32m INFO[0m [2mvllm_coldstart_operator[0m[2m:[0m reconciled exp-fleet-0
[2m2026-07-23T18:56:49.217231Z[0m [32m INFO[0m [2mvllm_coldstart_operator::fleet_controller[0m[2m:[0m FleetService 'exp-fleet': 1 slots placed (1 preserved, 0 newly planned) across 3 candidates
[2m2026-07-23T18:56:49.217446Z[0m [32m INFO[0m [2mvllm_coldstart_operator::fleet_controller[0m[2m:[0m reconciled FleetService exp-fleet
[2m2026-07-23T18:56:49.555569Z[0m [32m INFO[0m [2mvllm_coldstart_operator::fleet_controller[0m[2m:[0m reconciling FleetService 'exp-fleet' in 'default': model=Qwen/Qwen2.5-7B-Instruct replicas=1
[2m2026-07-23T18:56:50.216835Z[0m [32m INFO[0m [2mvllm_coldstart_operator::fleet_controller[0m[2m:[0m FleetService 'exp-fleet': 1 slots placed (1 preserved, 0 newly planned) across 3 candidates
[2m2026-07-23T18:56:50.217033Z[0m [32m INFO[0m [2mvllm_coldstart_operator::fleet_controller[0m[2m:[0m reconciled FleetService exp-fleet
[2m2026-07-23T18:56:53.759626Z[0m [32m INFO[0m [2mvllm_coldstart_operator[0m[2m:[0m reconciling VllmService 'exp-fleet-0' in 'default': model=Qwen/Qwen2.5-7B-Instruct replicas=1 strategy=Eager
[2m2026-07-23T18:56:53.768505Z[0m [32m INFO[0m [2mvllm_coldstart_operator[0m[2m:[0m status of 'exp-fleet-0' -> Pending (0/1 ready)
[2m2026-07-23T18:56:53.768556Z[0m [32m INFO[0m [2mvllm_coldstart_operator[0m[2m:[0m reconciled exp-fleet-0
[2m2026-07-23T18:56:58.769795Z[0m [32m INFO[0m [2mvllm_coldstart_operator[0m[2m:[0m reconciling VllmService 'exp-fleet-0' in 'default': model=Qwen/Qwen2.5-7B-Instruct replicas=1 strategy=Eager
[2m2026-07-23T18:56:58.778948Z[0m [32m INFO[0m [2mvllm_coldstart_operator[0m[2m:[0m status of 'exp-fleet-0' -> Pending (0/1 ready)
[2m2026-07-23T18:56:58.779006Z[0m [32m INFO[0m [2mvllm_coldstart_operator[0m[2m:[0m reconciled exp-fleet-0
[2m2026-07-23T18:57:03.488413Z[0m [32m INFO[0m [2mvllm_coldstart_operator::fleet_controller[0m[2m:[0m reconciling FleetService 'exp-fleet' in 'default': model=Qwen/Qwen2.5-7B-Instruct replicas=1
[2m2026-07-23T18:57:03.607064Z[0m [32m INFO[0m [2mvllm_coldstart_operator::fleet_controller[0m[2m:[0m FleetService 'exp-fleet': 1 slots placed (1 preserved, 0 newly planned) across 3 candidates
[2m2026-07-23T18:57:03.607133Z[0m [32m INFO[0m [2mvllm_coldstart_operator::fleet_controller[0m[2m:[0m reconciled FleetService exp-fleet
[2m2026-07-23T18:57:03.607150Z[0m [32m INFO[0m [2mvllm_coldstart_operator::fleet_controller[0m[2m:[0m reconciling FleetService 'exp-fleet' in 'default': model=Qwen/Qwen2.5-7B-Instruct replicas=1
[2m2026-07-23T18:57:03.779772Z[0m [32m INFO[0m [2mvllm_coldstart_operator[0m[2m:[0m reconciling VllmService 'exp-fleet-0' in 'default': model=Qwen/Qwen2.5-7B-Instruct replicas=1 strategy=Eager
[2m2026-07-23T18:57:03.788432Z[0m [32m INFO[0m [2mvllm_coldstart_operator[0m[2m:[0m status of 'exp-fleet-0' -> Pending (0/1 ready)
[2m2026-07-23T18:57:03.788488Z[0m [32m INFO[0m [2mvllm_coldstart_operator[0m[2m:[0m reconciled exp-fleet-0
[2m2026-07-23T18:57:04.217813Z[0m [32m INFO[0m [2mvllm_coldstart_operator::fleet_controller[0m[2m:[0m FleetService 'exp-fleet': 1 slots placed (1 preserved, 0 newly planned) across 3 candidates
[2m2026-07-23T18:57:04.218019Z[0m [32m INFO[0m [2mvllm_coldstart_operator::fleet_controller[0m[2m:[0m reconciled FleetService exp-fleet
[2m2026-07-23T18:57:04.573858Z[0m [32m INFO[0m [2mvllm_coldstart_operator::fleet_controller[0m[2m:[0m reconciling FleetService 'exp-fleet' in 'default': model=Qwen/Qwen2.5-7B-Instruct replicas=1
[2m2026-07-23T18:57:04.936764Z[0m [32m INFO[0m [2mvllm_coldstart_operator::fleet_controller[0m[2m:[0m FleetService 'exp-fleet': 1 slots placed (1 preserved, 0 newly planned) across 3 candidates
[2m2026-07-23T18:57:04.936993Z[0m [32m INFO[0m [2mvllm_coldstart_operator::fleet_controller[0m[2m:[0m reconciled FleetService exp-fleet
[2m2026-07-23T18:57:08.790130Z[0m [32m INFO[0m [2mvllm_coldstart_operator[0m[2m:[0m reconciling VllmService 'exp-fleet-0' in 'default': model=Qwen/Qwen2.5-7B-Instruct replicas=1 strategy=Eager
[2m2026-07-23T18:57:08.798877Z[0m [32m INFO[0m [2mvllm_coldstart_operator[0m[2m:[0m status of 'exp-fleet-0' -> Pending (0/1 ready)
[2m2026-07-23T18:57:08.799011Z[0m [32m INFO[0m [2mvllm_coldstart_operator[0m[2m:[0m reconciled exp-fleet-0
[2m2026-07-23T18:57:13.799961Z[0m [32m INFO[0m [2mvllm_coldstart_operator[0m[2m:[0m reconciling VllmService 'exp-fleet-0' in 'default': model=Qwen/Qwen2.5-7B-Instruct replicas=1 strategy=Eager
[2m2026-07-23T18:57:13.808658Z[0m [32m INFO[0m [2mvllm_coldstart_operator[0m[2m:[0m status of 'exp-fleet-0' -> Pending (0/1 ready)
[2m2026-07-23T18:57:13.808713Z[0m [32m INFO[0m [2mvllm_coldstart_operator[0m[2m:[0m reconciled exp-fleet-0
[2m2026-07-23T18:57:18.509148Z[0m [32m INFO[0m [2mvllm_coldstart_operator::fleet_controller[0m[2m:[0m reconciling FleetService 'exp-fleet' in 'default': model=Qwen/Qwen2.5-7B-Instruct replicas=1
[2m2026-07-23T18:57:18.624902Z[0m [32m INFO[0m [2mvllm_coldstart_operator::fleet_controller[0m[2m:[0m FleetService 'exp-fleet': 1 slots placed (1 preserved, 0 newly planned) across 3 candidates
[2m2026-07-23T18:57:18.624988Z[0m [32m INFO[0m [2mvllm_coldstart_operator::fleet_controller[0m[2m:[0m reconciled FleetService exp-fleet
[2m2026-07-23T18:57:18.625153Z[0m [32m INFO[0m [2mvllm_coldstart_operator::fleet_controller[0m[2m:[0m reconciling FleetService 'exp-fleet' in 'default': model=Qwen/Qwen2.5-7B-Instruct replicas=1
[2m2026-07-23T18:57:18.809876Z[0m [32m INFO[0m [2mvllm_coldstart_operator[0m[2m:[0m reconciling VllmService 'exp-fleet-0' in 'default': model=Qwen/Qwen2.5-7B-Instruct replicas=1 strategy=Eager
[2m2026-07-23T18:57:18.820256Z[0m [32m INFO[0m [2mvllm_coldstart_operator[0m[2m:[0m status of 'exp-fleet-0' -> Pending (0/1 ready)
[2m2026-07-23T18:57:18.820426Z[0m [32m INFO[0m [2mvllm_coldstart_operator[0m[2m:[0m reconciled exp-fleet-0
[2m2026-07-23T18:57:18.988558Z[0m [32m INFO[0m [2mvllm_coldstart_operator::fleet_controller[0m[2m:[0m FleetService 'exp-fleet': 1 slots placed (1 preserved, 0 newly planned) across 3 candidates
[2m2026-07-23T18:57:18.988742Z[0m [32m INFO[0m [2mvllm_coldstart_operator::fleet_controller[0m[2m:[0m reconciled FleetService exp-fleet
[2m2026-07-23T18:57:19.655734Z[0m [32m INFO[0m [2mvllm_coldstart_operator::fleet_controller[0m[2m:[0m reconciling FleetService 'exp-fleet' in 'default': model=Qwen/Qwen2.5-7B-Instruct replicas=1
[2m2026-07-23T18:57:20.106815Z[0m [32m INFO[0m [2mvllm_coldstart_operator::fleet_controller[0m[2m:[0m FleetService 'exp-fleet': 1 slots placed (1 preserved, 0 newly planned) across 3 candidates
[2m2026-07-23T18:57:20.107056Z[0m [32m INFO[0m [2mvllm_coldstart_operator::fleet_controller[0m[2m:[0m reconciled FleetService exp-fleet
[2m2026-07-23T18:57:23.821771Z[0m [32m INFO[0m [2mvllm_coldstart_operator[0m[2m:[0m reconciling VllmService 'exp-fleet-0' in 'default': model=Qwen/Qwen2.5-7B-Instruct replicas=1 strategy=Eager
[2m2026-07-23T18:57:23.830745Z[0m [32m INFO[0m [2mvllm_coldstart_operator[0m[2m:[0m status of 'exp-fleet-0' -> Pending (0/1 ready)
[2m2026-07-23T18:57:23.830792Z[0m [32m INFO[0m [2mvllm_coldstart_operator[0m[2m:[0m reconciled exp-fleet-0
[2m2026-07-23T18:57:28.831985Z[0m [32m INFO[0m [2mvllm_coldstart_operator[0m[2m:[0m reconciling VllmService 'exp-fleet-0' in 'default': model=Qwen/Qwen2.5-7B-Instruct replicas=1 strategy=Eager
[2m2026-07-23T18:57:28.840466Z[0m [32m INFO[0m [2mvllm_coldstart_operator[0m[2m:[0m status of 'exp-fleet-0' -> Pending (0/1 ready)
[2m2026-07-23T18:57:28.840516Z[0m [32m INFO[0m [2mvllm_coldstart_operator[0m[2m:[0m reconciled exp-fleet-0
[2m2026-07-23T18:57:33.526744Z[0m [32m INFO[0m [2mvllm_coldstart_operator::fleet_controller[0m[2m:[0m reconciling FleetService 'exp-fleet' in 'default': model=Qwen/Qwen2.5-7B-Instruct replicas=1
[2m2026-07-23T18:57:33.643727Z[0m [32m INFO[0m [2mvllm_coldstart_operator::fleet_controller[0m[2m:[0m FleetService 'exp-fleet': 1 slots placed (1 preserved, 0 newly planned) across 3 candidates
[2m2026-07-23T18:57:33.643791Z[0m [32m INFO[0m [2mvllm_coldstart_operator::fleet_controller[0m[2m:[0m reconciled FleetService exp-fleet
[2m2026-07-23T18:57:33.643808Z[0m [32m INFO[0m [2mvllm_coldstart_operator::fleet_controller[0m[2m:[0m reconciling FleetService 'exp-fleet' in 'default': model=Qwen/Qwen2.5-7B-Instruct replicas=1
[2m2026-07-23T18:57:33.841509Z[0m [32m INFO[0m [2mvllm_coldstart_operator[0m[2m:[0m reconciling VllmService 'exp-fleet-0' in 'default': model=Qwen/Qwen2.5-7B-Instruct replicas=1 strategy=Eager
[2m2026-07-23T18:57:33.850513Z[0m [32m INFO[0m [2mvllm_coldstart_operator[0m[2m:[0m status of 'exp-fleet-0' -> Pending (0/1 ready)
[2m2026-07-23T18:57:33.850579Z[0m [32m INFO[0m [2mvllm_coldstart_operator[0m[2m:[0m reconciled exp-fleet-0
[2m2026-07-23T18:57:34.003864Z[0m [32m INFO[0m [2mvllm_coldstart_operator::fleet_controller[0m[2m:[0m FleetService 'exp-fleet': 1 slots placed (1 preserved, 0 newly planned) across 3 candidates
[2m2026-07-23T18:57:34.003958Z[0m [32m INFO[0m [2mvllm_coldstart_operator::fleet_controller[0m[2m:[0m reconciled FleetService exp-fleet
[2m2026-07-23T18:57:34.673862Z[0m [32m INFO[0m [2mvllm_coldstart_operator::fleet_controller[0m[2m:[0m reconciling FleetService 'exp-fleet' in 'default': model=Qwen/Qwen2.5-7B-Instruct replicas=1
[2m2026-07-23T18:57:34.936661Z[0m [32m INFO[0m [2mvllm_coldstart_operator::fleet_controller[0m[2m:[0m FleetService 'exp-fleet': 1 slots placed (1 preserved, 0 newly planned) across 3 candidates
[2m2026-07-23T18:57:34.936737Z[0m [32m INFO[0m [2mvllm_coldstart_operator::fleet_controller[0m[2m:[0m reconciled FleetService exp-fleet
[2m2026-07-23T18:57:38.851966Z[0m [32m INFO[0m [2mvllm_coldstart_operator[0m[2m:[0m reconciling VllmService 'exp-fleet-0' in 'default': model=Qwen/Qwen2.5-7B-Instruct replicas=1 strategy=Eager
[2m2026-07-23T18:57:38.861137Z[0m [32m INFO[0m [2mvllm_coldstart_operator[0m[2m:[0m status of 'exp-fleet-0' -> Pending (0/1 ready)
[2m2026-07-23T18:57:38.861188Z[0m [32m INFO[0m [2mvllm_coldstart_operator[0m[2m:[0m reconciled exp-fleet-0
[2m2026-07-23T18:57:43.863452Z[0m [32m INFO[0m [2mvllm_coldstart_operator[0m[2m:[0m reconciling VllmService 'exp-fleet-0' in 'default': model=Qwen/Qwen2.5-7B-Instruct replicas=1 strategy=Eager
[2m2026-07-23T18:57:43.872127Z[0m [32m INFO[0m [2mvllm_coldstart_operator[0m[2m:[0m status of 'exp-fleet-0' -> Pending (0/1 ready)
[2m2026-07-23T18:57:43.872180Z[0m [32m INFO[0m [2mvllm_coldstart_operator[0m[2m:[0m reconciled exp-fleet-0
[2m2026-07-23T18:57:48.546416Z[0m [32m INFO[0m [2mvllm_coldstart_operator::fleet_controller[0m[2m:[0m reconciling FleetService 'exp-fleet' in 'default': model=Qwen/Qwen2.5-7B-Instruct replicas=1
[2m2026-07-23T18:57:48.661661Z[0m [32m INFO[0m [2mvllm_coldstart_operator::fleet_controller[0m[2m:[0m FleetService 'exp-fleet': 1 slots placed (1 preserved, 0 newly planned) across 3 candidates
[2m2026-07-23T18:57:48.661729Z[0m [32m INFO[0m [2mvllm_coldstart_operator::fleet_controller[0m[2m:[0m reconciled FleetService exp-fleet
[2m2026-07-23T18:57:48.661870Z[0m [32m INFO[0m [2mvllm_coldstart_operator::fleet_controller[0m[2m:[0m reconciling FleetService 'exp-fleet' in 'default': model=Qwen/Qwen2.5-7B-Instruct replicas=1
[2m2026-07-23T18:57:48.873467Z[0m [32m INFO[0m [2mvllm_coldstart_operator[0m[2m:[0m reconciling VllmService 'exp-fleet-0' in 'default': model=Qwen/Qwen2.5-7B-Instruct replicas=1 strategy=Eager
[2m2026-07-23T18:57:48.882119Z[0m [32m INFO[0m [2mvllm_coldstart_operator[0m[2m:[0m status of 'exp-fleet-0' -> Pending (0/1 ready)
[2m2026-07-23T18:57:48.882249Z[0m [32m INFO[0m [2mvllm_coldstart_operator[0m[2m:[0m reconciled exp-fleet-0
[2m2026-07-23T18:57:49.216381Z[0m [32m INFO[0m [2mvllm_coldstart_operator::fleet_controller[0m[2m:[0m FleetService 'exp-fleet': 1 slots placed (1 preserved, 0 newly planned) across 3 candidates
[2m2026-07-23T18:57:49.216639Z[0m [32m INFO[0m [2mvllm_coldstart_operator::fleet_controller[0m[2m:[0m reconciled FleetService exp-fleet
[2m2026-07-23T18:57:49.690510Z[0m [32m INFO[0m [2mvllm_coldstart_operator::fleet_controller[0m[2m:[0m reconciling FleetService 'exp-fleet' in 'default': model=Qwen/Qwen2.5-7B-Instruct replicas=1
[2m2026-07-23T18:57:50.216584Z[0m [32m INFO[0m [2mvllm_coldstart_operator::fleet_controller[0m[2m:[0m FleetService 'exp-fleet': 1 slots placed (1 preserved, 0 newly planned) across 3 candidates
[2m2026-07-23T18:57:50.216808Z[0m [32m INFO[0m [2mvllm_coldstart_operator::fleet_controller[0m[2m:[0m reconciled FleetService exp-fleet
[2m2026-07-23T18:57:53.883610Z[0m [32m INFO[0m [2mvllm_coldstart_operator[0m[2m:[0m reconciling VllmService 'exp-fleet-0' in 'default': model=Qwen/Qwen2.5-7B-Instruct replicas=1 strategy=Eager
[2m2026-07-23T18:57:53.892352Z[0m [32m INFO[0m [2mvllm_coldstart_operator[0m[2m:[0m status of 'exp-fleet-0' -> Pending (0/1 ready)
[2m2026-07-23T18:57:53.892419Z[0m [32m INFO[0m [2mvllm_coldstart_operator[0m[2m:[0m reconciled exp-fleet-0
[2m2026-07-23T18:57:58.893615Z[0m [32m INFO[0m [2mvllm_coldstart_operator[0m[2m:[0m reconciling VllmService 'exp-fleet-0' in 'default': model=Qwen/Qwen2.5-7B-Instruct replicas=1 strategy=Eager
[2m2026-07-23T18:57:58.902587Z[0m [32m INFO[0m [2mvllm_coldstart_operator[0m[2m:[0m status of 'exp-fleet-0' -> Pending (0/1 ready)
[2m2026-07-23T18:57:58.902643Z[0m [32m INFO[0m [2mvllm_coldstart_operator[0m[2m:[0m reconciled exp-fleet-0
[2m2026-07-23T18:58:03.566465Z[0m [32m INFO[0m [2mvllm_coldstart_operator::fleet_controller[0m[2m:[0m reconciling FleetService 'exp-fleet' in 'default': model=Qwen/Qwen2.5-7B-Instruct replicas=1
[2m2026-07-23T18:58:03.679241Z[0m [32m INFO[0m [2mvllm_coldstart_operator::fleet_controller[0m[2m:[0m FleetService 'exp-fleet': 1 slots placed (1 preserved, 0 newly planned) across 3 candidates
[2m2026-07-23T18:58:03.679308Z[0m [32m INFO[0m [2mvllm_coldstart_operator::fleet_controller[0m[2m:[0m reconciled FleetService exp-fleet
[2m2026-07-23T18:58:03.679325Z[0m [32m INFO[0m [2mvllm_coldstart_operator::fleet_controller[0m[2m:[0m reconciling FleetService 'exp-fleet' in 'default': model=Qwen/Qwen2.5-7B-Instruct replicas=1
[2m2026-07-23T18:58:03.904040Z[0m [32m INFO[0m [2mvllm_coldstart_operator[0m[2m:[0m reconciling VllmService 'exp-fleet-0' in 'default': model=Qwen/Qwen2.5-7B-Instruct replicas=1 strategy=Eager
[2m2026-07-23T18:58:03.912831Z[0m [32m INFO[0m [2mvllm_coldstart_operator[0m[2m:[0m status of 'exp-fleet-0' -> Pending (0/1 ready)
[2m2026-07-23T18:58:03.912899Z[0m [32m INFO[0m [2mvllm_coldstart_operator[0m[2m:[0m reconciled exp-fleet-0
[2m2026-07-23T18:58:04.216333Z[0m [32m INFO[0m [2mvllm_coldstart_operator::fleet_controller[0m[2m:[0m FleetService 'exp-fleet': 1 slots placed (1 preserved, 0 newly planned) across 3 candidates
[2m2026-07-23T18:58:04.216515Z[0m [32m INFO[0m [2mvllm_coldstart_operator::fleet_controller[0m[2m:[0m reconciled FleetService exp-fleet
[2m2026-07-23T18:58:04.705228Z[0m [32m INFO[0m [2mvllm_coldstart_operator::fleet_controller[0m[2m:[0m reconciling FleetService 'exp-fleet' in 'default': model=Qwen/Qwen2.5-7B-Instruct replicas=1
[2m2026-07-23T18:58:04.950036Z[0m [32m INFO[0m [2mvllm_coldstart_operator::fleet_controller[0m[2m:[0m FleetService 'exp-fleet': 1 slots placed (1 preserved, 0 newly planned) across 3 candidates
[2m2026-07-23T18:58:04.950117Z[0m [32m INFO[0m [2mvllm_coldstart_operator::fleet_controller[0m[2m:[0m reconciled FleetService exp-fleet
[2m2026-07-23T18:58:08.913899Z[0m [32m INFO[0m [2mvllm_coldstart_operator[0m[2m:[0m reconciling VllmService 'exp-fleet-0' in 'default': model=Qwen/Qwen2.5-7B-Instruct replicas=1 strategy=Eager
[2m2026-07-23T18:58:08.923455Z[0m [32m INFO[0m [2mvllm_coldstart_operator[0m[2m:[0m status of 'exp-fleet-0' -> Pending (0/1 ready)
[2m2026-07-23T18:58:08.923511Z[0m [32m INFO[0m [2mvllm_coldstart_operator[0m[2m:[0m reconciled exp-fleet-0
[2m2026-07-23T18:58:13.924614Z[0m [32m INFO[0m [2mvllm_coldstart_operator[0m[2m:[0m reconciling VllmService 'exp-fleet-0' in 'default': model=Qwen/Qwen2.5-7B-Instruct replicas=1 strategy=Eager
[2m2026-07-23T18:58:13.933452Z[0m [32m INFO[0m [2mvllm_coldstart_operator[0m[2m:[0m status of 'exp-fleet-0' -> Pending (0/1 ready)
[2m2026-07-23T18:58:13.933504Z[0m [32m INFO[0m [2mvllm_coldstart_operator[0m[2m:[0m reconciled exp-fleet-0
[2m2026-07-23T18:58:18.585455Z[0m [32m INFO[0m [2mvllm_coldstart_operator::fleet_controller[0m[2m:[0m reconciling FleetService 'exp-fleet' in 'default': model=Qwen/Qwen2.5-7B-Instruct replicas=1
[2m2026-07-23T18:58:18.697149Z[0m [32m INFO[0m [2mvllm_coldstart_operator::fleet_controller[0m[2m:[0m FleetService 'exp-fleet': 1 slots placed (1 preserved, 0 newly planned) across 3 candidates
[2m2026-07-23T18:58:18.697251Z[0m [32m INFO[0m [2mvllm_coldstart_operator::fleet_controller[0m[2m:[0m reconciled FleetService exp-fleet
[2m2026-07-23T18:58:18.697271Z[0m [32m INFO[0m [2mvllm_coldstart_operator::fleet_controller[0m[2m:[0m reconciling FleetService 'exp-fleet' in 'default': model=Qwen/Qwen2.5-7B-Instruct replicas=1
[2m2026-07-23T18:58:18.934985Z[0m [32m INFO[0m [2mvllm_coldstart_operator[0m[2m:[0m reconciling VllmService 'exp-fleet-0' in 'default': model=Qwen/Qwen2.5-7B-Instruct replicas=1 strategy=Eager
[2m2026-07-23T18:58:18.943671Z[0m [32m INFO[0m [2mvllm_coldstart_operator[0m[2m:[0m status of 'exp-fleet-0' -> Pending (0/1 ready)
[2m2026-07-23T18:58:18.943740Z[0m [32m INFO[0m [2mvllm_coldstart_operator[0m[2m:[0m reconciled exp-fleet-0
[2m2026-07-23T18:58:19.217245Z[0m [32m INFO[0m [2mvllm_coldstart_operator::fleet_controller[0m[2m:[0m FleetService 'exp-fleet': 1 slots placed (1 preserved, 0 newly planned) across 3 candidates
[2m2026-07-23T18:58:19.217336Z[0m [32m INFO[0m [2mvllm_coldstart_operator::fleet_controller[0m[2m:[0m reconciled FleetService exp-fleet
[2m2026-07-23T18:58:19.720612Z[0m [32m INFO[0m [2mvllm_coldstart_operator::fleet_controller[0m[2m:[0m reconciling FleetService 'exp-fleet' in 'default': model=Qwen/Qwen2.5-7B-Instruct replicas=1
[2m2026-07-23T18:58:20.093441Z[0m [32m INFO[0m [2mvllm_coldstart_operator::fleet_controller[0m[2m:[0m FleetService 'exp-fleet': 1 slots placed (1 preserved, 0 newly planned) across 3 candidates
[2m2026-07-23T18:58:20.093521Z[0m [32m INFO[0m [2mvllm_coldstart_operator::fleet_controller[0m[2m:[0m reconciled FleetService exp-fleet
[2m2026-07-23T18:58:23.944556Z[0m [32m INFO[0m [2mvllm_coldstart_operator[0m[2m:[0m reconciling VllmService 'exp-fleet-0' in 'default': model=Qwen/Qwen2.5-7B-Instruct replicas=1 strategy=Eager
[2m2026-07-23T18:58:23.953067Z[0m [32m INFO[0m [2mvllm_coldstart_operator[0m[2m:[0m status of 'exp-fleet-0' -> Pending (0/1 ready)
[2m2026-07-23T18:58:23.953112Z[0m [32m INFO[0m [2mvllm_coldstart_operator[0m[2m:[0m reconciled exp-fleet-0
[2m2026-07-23T18:58:28.955319Z[0m [32m INFO[0m [2mvllm_coldstart_operator[0m[2m:[0m reconciling VllmService 'exp-fleet-0' in 'default': model=Qwen/Qwen2.5-7B-Instruct replicas=1 strategy=Eager
[2m2026-07-23T18:58:28.964221Z[0m [32m INFO[0m [2mvllm_coldstart_operator[0m[2m:[0m status of 'exp-fleet-0' -> Pending (0/1 ready)
[2m2026-07-23T18:58:28.964283Z[0m [32m INFO[0m [2mvllm_coldstart_operator[0m[2m:[0m reconciled exp-fleet-0
[2m2026-07-23T18:58:33.604439Z[0m [32m INFO[0m [2mvllm_coldstart_operator::fleet_controller[0m[2m:[0m reconciling FleetService 'exp-fleet' in 'default': model=Qwen/Qwen2.5-7B-Instruct replicas=1
[2m2026-07-23T18:58:33.717363Z[0m [32m INFO[0m [2mvllm_coldstart_operator::fleet_controller[0m[2m:[0m FleetService 'exp-fleet': 1 slots placed (1 preserved, 0 newly planned) across 3 candidates
[2m2026-07-23T18:58:33.717436Z[0m [32m INFO[0m [2mvllm_coldstart_operator::fleet_controller[0m[2m:[0m reconciled FleetService exp-fleet
[2m2026-07-23T18:58:33.717454Z[0m [32m INFO[0m [2mvllm_coldstart_operator::fleet_controller[0m[2m:[0m reconciling FleetService 'exp-fleet' in 'default': model=Qwen/Qwen2.5-7B-Instruct replicas=1
[2m2026-07-23T18:58:33.966062Z[0m [32m INFO[0m [2mvllm_coldstart_operator[0m[2m:[0m reconciling VllmService 'exp-fleet-0' in 'default': model=Qwen/Qwen2.5-7B-Instruct replicas=1 strategy=Eager
[2m2026-07-23T18:58:33.974679Z[0m [32m INFO[0m [2mvllm_coldstart_operator[0m[2m:[0m status of 'exp-fleet-0' -> Pending (0/1 ready)
[2m2026-07-23T18:58:33.974819Z[0m [32m INFO[0m [2mvllm_coldstart_operator[0m[2m:[0m reconciled exp-fleet-0
[2m2026-07-23T18:58:34.217405Z[0m [32m INFO[0m [2mvllm_coldstart_operator::fleet_controller[0m[2m:[0m FleetService 'exp-fleet': 1 slots placed (1 preserved, 0 newly planned) across 3 candidates
[2m2026-07-23T18:58:34.217616Z[0m [32m INFO[0m [2mvllm_coldstart_operator::fleet_controller[0m[2m:[0m reconciled FleetService exp-fleet
[2m2026-07-23T18:58:34.737170Z[0m [32m INFO[0m [2mvllm_coldstart_operator::fleet_controller[0m[2m:[0m reconciling FleetService 'exp-fleet' in 'default': model=Qwen/Qwen2.5-7B-Instruct replicas=1
[2m2026-07-23T18:58:34.940685Z[0m [32m INFO[0m [2mvllm_coldstart_operator::fleet_controller[0m[2m:[0m FleetService 'exp-fleet': 1 slots placed (1 preserved, 0 newly planned) across 3 candidates
[2m2026-07-23T18:58:34.940900Z[0m [32m INFO[0m [2mvllm_coldstart_operator::fleet_controller[0m[2m:[0m reconciled FleetService exp-fleet
[2m2026-07-23T18:58:38.975978Z[0m [32m INFO[0m [2mvllm_coldstart_operator[0m[2m:[0m reconciling VllmService 'exp-fleet-0' in 'default': model=Qwen/Qwen2.5-7B-Instruct replicas=1 strategy=Eager
[2m2026-07-23T18:58:38.984344Z[0m [32m INFO[0m [2mvllm_coldstart_operator[0m[2m:[0m status of 'exp-fleet-0' -> Pending (0/1 ready)
[2m2026-07-23T18:58:38.984390Z[0m [32m INFO[0m [2mvllm_coldstart_operator[0m[2m:[0m reconciled exp-fleet-0
[2m2026-07-23T18:58:43.985585Z[0m [32m INFO[0m [2mvllm_coldstart_operator[0m[2m:[0m reconciling VllmService 'exp-fleet-0' in 'default': model=Qwen/Qwen2.5-7B-Instruct replicas=1 strategy=Eager
[2m2026-07-23T18:58:43.994078Z[0m [32m INFO[0m [2mvllm_coldstart_operator[0m[2m:[0m status of 'exp-fleet-0' -> Pending (0/1 ready)
[2m2026-07-23T18:58:43.994133Z[0m [32m INFO[0m [2mvllm_coldstart_operator[0m[2m:[0m reconciled exp-fleet-0
[2m2026-07-23T18:58:48.623438Z[0m [32m INFO[0m [2mvllm_coldstart_operator::fleet_controller[0m[2m:[0m reconciling FleetService 'exp-fleet' in 'default': model=Qwen/Qwen2.5-7B-Instruct replicas=1
[2m2026-07-23T18:58:48.735779Z[0m [32m INFO[0m [2mvllm_coldstart_operator::fleet_controller[0m[2m:[0m FleetService 'exp-fleet': 1 slots placed (1 preserved, 0 newly planned) across 3 candidates
[2m2026-07-23T18:58:48.735845Z[0m [32m INFO[0m [2mvllm_coldstart_operator::fleet_controller[0m[2m:[0m reconciled FleetService exp-fleet
[2m2026-07-23T18:58:48.735863Z[0m [32m INFO[0m [2mvllm_coldstart_operator::fleet_controller[0m[2m:[0m reconciling FleetService 'exp-fleet' in 'default': model=Qwen/Qwen2.5-7B-Instruct replicas=1
[2m2026-07-23T18:58:48.995550Z[0m [32m INFO[0m [2mvllm_coldstart_operator[0m[2m:[0m reconciling VllmService 'exp-fleet-0' in 'default': model=Qwen/Qwen2.5-7B-Instruct replicas=1 strategy=Eager
[2m2026-07-23T18:58:49.004120Z[0m [32m INFO[0m [2mvllm_coldstart_operator[0m[2m:[0m status of 'exp-fleet-0' -> Pending (0/1 ready)
[2m2026-07-23T18:58:49.004282Z[0m [32m INFO[0m [2mvllm_coldstart_operator[0m[2m:[0m reconciled exp-fleet-0
[2m2026-07-23T18:58:49.217220Z[0m [32m INFO[0m [2mvllm_coldstart_operator::fleet_controller[0m[2m:[0m FleetService 'exp-fleet': 1 slots placed (1 preserved, 0 newly planned) across 3 candidates
[2m2026-07-23T18:58:49.217386Z[0m [32m INFO[0m [2mvllm_coldstart_operator::fleet_controller[0m[2m:[0m reconciled FleetService exp-fleet
[2m2026-07-23T18:58:49.753352Z[0m [32m INFO[0m [2mvllm_coldstart_operator::fleet_controller[0m[2m:[0m reconciling FleetService 'exp-fleet' in 'default': model=Qwen/Qwen2.5-7B-Instruct replicas=1
[2m2026-07-23T18:58:50.216825Z[0m [32m INFO[0m [2mvllm_coldstart_operator::fleet_controller[0m[2m:[0m FleetService 'exp-fleet': 1 slots placed (1 preserved, 0 newly planned) across 3 candidates
[2m2026-07-23T18:58:50.217068Z[0m [32m INFO[0m [2mvllm_coldstart_operator::fleet_controller[0m[2m:[0m reconciled FleetService exp-fleet
[2m2026-07-23T18:58:54.005865Z[0m [32m INFO[0m [2mvllm_coldstart_operator[0m[2m:[0m reconciling VllmService 'exp-fleet-0' in 'default': model=Qwen/Qwen2.5-7B-Instruct replicas=1 strategy=Eager
[2m2026-07-23T18:58:54.014767Z[0m [32m INFO[0m [2mvllm_coldstart_operator[0m[2m:[0m status of 'exp-fleet-0' -> Pending (0/1 ready)
[2m2026-07-23T18:58:54.014826Z[0m [32m INFO[0m [2mvllm_coldstart_operator[0m[2m:[0m reconciled exp-fleet-0
[2m2026-07-23T18:58:59.016055Z[0m [32m INFO[0m [2mvllm_coldstart_operator[0m[2m:[0m reconciling VllmService 'exp-fleet-0' in 'default': model=Qwen/Qwen2.5-7B-Instruct replicas=1 strategy=Eager
[2m2026-07-23T18:58:59.024729Z[0m [32m INFO[0m [2mvllm_coldstart_operator[0m[2m:[0m status of 'exp-fleet-0' -> Pending (0/1 ready)
[2m2026-07-23T18:58:59.024781Z[0m [32m INFO[0m [2mvllm_coldstart_operator[0m[2m:[0m reconciled exp-fleet-0
[2m2026-07-23T18:59:03.641399Z[0m [32m INFO[0m [2mvllm_coldstart_operator::fleet_controller[0m[2m:[0m reconciling FleetService 'exp-fleet' in 'default': model=Qwen/Qwen2.5-7B-Instruct replicas=1
[2m2026-07-23T18:59:03.753544Z[0m [32m INFO[0m [2mvllm_coldstart_operator::fleet_controller[0m[2m:[0m FleetService 'exp-fleet': 1 slots placed (1 preserved, 0 newly planned) across 3 candidates
[2m2026-07-23T18:59:03.753612Z[0m [32m INFO[0m [2mvllm_coldstart_operator::fleet_controller[0m[2m:[0m reconciled FleetService exp-fleet
[2m2026-07-23T18:59:03.753630Z[0m [32m INFO[0m [2mvllm_coldstart_operator::fleet_controller[0m[2m:[0m reconciling FleetService 'exp-fleet' in 'default': model=Qwen/Qwen2.5-7B-Instruct replicas=1
[2m2026-07-23T18:59:04.026434Z[0m [32m INFO[0m [2mvllm_coldstart_operator[0m[2m:[0m reconciling VllmService 'exp-fleet-0' in 'default': model=Qwen/Qwen2.5-7B-Instruct replicas=1 strategy=Eager
[2m2026-07-23T18:59:04.035132Z[0m [32m INFO[0m [2mvllm_coldstart_operator[0m[2m:[0m status of 'exp-fleet-0' -> Pending (0/1 ready)
[2m2026-07-23T18:59:04.035274Z[0m [32m INFO[0m [2mvllm_coldstart_operator[0m[2m:[0m reconciled exp-fleet-0
[2m2026-07-23T18:59:04.217001Z[0m [32m INFO[0m [2mvllm_coldstart_operator::fleet_controller[0m[2m:[0m FleetService 'exp-fleet': 1 slots placed (1 preserved, 0 newly planned) across 3 candidates
[2m2026-07-23T18:59:04.217186Z[0m [32m INFO[0m [2mvllm_coldstart_operator::fleet_controller[0m[2m:[0m reconciled FleetService exp-fleet
[2m2026-07-23T18:59:04.769513Z[0m [32m INFO[0m [2mvllm_coldstart_operator::fleet_controller[0m[2m:[0m reconciling FleetService 'exp-fleet' in 'default': model=Qwen/Qwen2.5-7B-Instruct replicas=1
[2m2026-07-23T18:59:04.941528Z[0m [32m INFO[0m [2mvllm_coldstart_operator::fleet_controller[0m[2m:[0m FleetService 'exp-fleet': 1 slots placed (1 preserved, 0 newly planned) across 3 candidates
[2m2026-07-23T18:59:04.941602Z[0m [32m INFO[0m [2mvllm_coldstart_operator::fleet_controller[0m[2m:[0m reconciled FleetService exp-fleet
[2m2026-07-23T18:59:09.036510Z[0m [32m INFO[0m [2mvllm_coldstart_operator[0m[2m:[0m reconciling VllmService 'exp-fleet-0' in 'default': model=Qwen/Qwen2.5-7B-Instruct replicas=1 strategy=Eager
[2m2026-07-23T18:59:09.045305Z[0m [32m INFO[0m [2mvllm_coldstart_operator[0m[2m:[0m status of 'exp-fleet-0' -> Pending (0/1 ready)
[2m2026-07-23T18:59:09.045351Z[0m [32m INFO[0m [2mvllm_coldstart_operator[0m[2m:[0m reconciled exp-fleet-0
[2m2026-07-23T18:59:14.046560Z[0m [32m INFO[0m [2mvllm_coldstart_operator[0m[2m:[0m reconciling VllmService 'exp-fleet-0' in 'default': model=Qwen/Qwen2.5-7B-Instruct replicas=1 strategy=Eager
[2m2026-07-23T18:59:14.055635Z[0m [32m INFO[0m [2mvllm_coldstart_operator[0m[2m:[0m status of 'exp-fleet-0' -> Pending (0/1 ready)
[2m2026-07-23T18:59:14.055691Z[0m [32m INFO[0m [2mvllm_coldstart_operator[0m[2m:[0m reconciled exp-fleet-0
[2m2026-07-23T18:59:18.661221Z[0m [32m INFO[0m [2mvllm_coldstart_operator::fleet_controller[0m[2m:[0m reconciling FleetService 'exp-fleet' in 'default': model=Qwen/Qwen2.5-7B-Instruct replicas=1
[2m2026-07-23T18:59:18.771487Z[0m [32m INFO[0m [2mvllm_coldstart_operator::fleet_controller[0m[2m:[0m FleetService 'exp-fleet': 1 slots placed (1 preserved, 0 newly planned) across 3 candidates
[2m2026-07-23T18:59:18.771555Z[0m [32m INFO[0m [2mvllm_coldstart_operator::fleet_controller[0m[2m:[0m reconciled FleetService exp-fleet
[2m2026-07-23T18:59:18.771695Z[0m [32m INFO[0m [2mvllm_coldstart_operator::fleet_controller[0m[2m:[0m reconciling FleetService 'exp-fleet' in 'default': model=Qwen/Qwen2.5-7B-Instruct replicas=1
[2m2026-07-23T18:59:19.057417Z[0m [32m INFO[0m [2mvllm_coldstart_operator[0m[2m:[0m reconciling VllmService 'exp-fleet-0' in 'default': model=Qwen/Qwen2.5-7B-Instruct replicas=1 strategy=Eager
[2m2026-07-23T18:59:19.066291Z[0m [32m INFO[0m [2mvllm_coldstart_operator[0m[2m:[0m status of 'exp-fleet-0' -> Pending (0/1 ready)
[2m2026-07-23T18:59:19.066498Z[0m [32m INFO[0m [2mvllm_coldstart_operator[0m[2m:[0m reconciled exp-fleet-0
[2m2026-07-23T18:59:19.142048Z[0m [32m INFO[0m [2mvllm_coldstart_operator::fleet_controller[0m[2m:[0m FleetService 'exp-fleet': 1 slots placed (1 preserved, 0 newly planned) across 3 candidates
[2m2026-07-23T18:59:19.142141Z[0m [32m INFO[0m [2mvllm_coldstart_operator::fleet_controller[0m[2m:[0m reconciled FleetService exp-fleet
[2m2026-07-23T18:59:19.787231Z[0m [32m INFO[0m [2mvllm_coldstart_operator::fleet_controller[0m[2m:[0m reconciling FleetService 'exp-fleet' in 'default': model=Qwen/Qwen2.5-7B-Instruct replicas=1
[2m2026-07-23T18:59:20.216844Z[0m [32m INFO[0m [2mvllm_coldstart_operator::fleet_controller[0m[2m:[0m FleetService 'exp-fleet': 1 slots placed (1 preserved, 0 newly planned) across 3 candidates
[2m2026-07-23T18:59:20.217036Z[0m [32m INFO[0m [2mvllm_coldstart_operator::fleet_controller[0m[2m:[0m reconciled FleetService exp-fleet
[2m2026-07-23T18:59:22.856242Z[0m [32m INFO[0m [2mvllm_coldstart_operator::fleet_controller[0m[2m:[0m reconciling FleetService 'exp-fleet' in 'default': model=Qwen/Qwen2.5-7B-Instruct replicas=1
[2m2026-07-23T18:59:23.058520Z[0m [32m INFO[0m [2mvllm_coldstart_operator::fleet_controller[0m[2m:[0m FleetService 'exp-fleet': preemption notice on '129-213-131-210' — rescheduling slot 0 to '157-151-148-27'
[2m2026-07-23T18:59:23.062821Z[0m [32m INFO[0m [2mvllm_coldstart_operator[0m[2m:[0m reconciling VllmService 'exp-fleet-0' in 'default': model=Qwen/Qwen2.5-7B-Instruct replicas=1 strategy=Eager
[2m2026-07-23T18:59:23.064735Z[0m [32m INFO[0m [2mvllm_coldstart_operator::fleet_controller[0m[2m:[0m FleetService 'exp-fleet': 1 slots placed (1 preserved, 0 newly planned) across 3 candidates
[2m2026-07-23T18:59:23.064801Z[0m [32m INFO[0m [2mvllm_coldstart_operator::fleet_controller[0m[2m:[0m reconciled FleetService exp-fleet
[2m2026-07-23T18:59:23.064924Z[0m [32m INFO[0m [2mvllm_coldstart_operator::fleet_controller[0m[2m:[0m reconciling FleetService 'exp-fleet' in 'default': model=Qwen/Qwen2.5-7B-Instruct replicas=1
[2m2026-07-23T18:59:23.071291Z[0m [32m INFO[0m [2mvllm_coldstart_operator[0m[2m:[0m status of 'exp-fleet-0' -> Pending (0/1 ready)
[2m2026-07-23T18:59:23.071375Z[0m [32m INFO[0m [2mvllm_coldstart_operator[0m[2m:[0m reconciled exp-fleet-0
[2m2026-07-23T18:59:23.071456Z[0m [32m INFO[0m [2mvllm_coldstart_operator[0m[2m:[0m reconciling VllmService 'exp-fleet-0' in 'default': model=Qwen/Qwen2.5-7B-Instruct replicas=1 strategy=Eager
[2m2026-07-23T18:59:23.079168Z[0m [32m INFO[0m [2mvllm_coldstart_operator[0m[2m:[0m status of 'exp-fleet-0' -> Pending (0/1 ready)
[2m2026-07-23T18:59:23.079252Z[0m [32m INFO[0m [2mvllm_coldstart_operator[0m[2m:[0m reconciled exp-fleet-0
[2m2026-07-23T18:59:23.079276Z[0m [32m INFO[0m [2mvllm_coldstart_operator[0m[2m:[0m reconciling VllmService 'exp-fleet-0' in 'default': model=Qwen/Qwen2.5-7B-Instruct replicas=1 strategy=Eager
[2m2026-07-23T18:59:23.086791Z[0m [32m INFO[0m [2mvllm_coldstart_operator[0m[2m:[0m status of 'exp-fleet-0' -> Pending (0/1 ready)
[2m2026-07-23T18:59:23.086852Z[0m [32m INFO[0m [2mvllm_coldstart_operator[0m[2m:[0m reconciled exp-fleet-0
[2m2026-07-23T18:59:23.222889Z[0m [32m INFO[0m [2mvllm_coldstart_operator[0m[2m:[0m reconciling VllmService 'exp-fleet-0' in 'default': model=Qwen/Qwen2.5-7B-Instruct replicas=1 strategy=Eager
[2m2026-07-23T18:59:23.230773Z[0m [32m INFO[0m [2mvllm_coldstart_operator[0m[2m:[0m status of 'exp-fleet-0' -> Pending (0/1 ready)
[2m2026-07-23T18:59:23.230863Z[0m [32m INFO[0m [2mvllm_coldstart_operator[0m[2m:[0m reconciled exp-fleet-0
[2m2026-07-23T18:59:23.614539Z[0m [32m INFO[0m [2mvllm_coldstart_operator::fleet_controller[0m[2m:[0m FleetService 'exp-fleet': 1 slots placed (1 preserved, 0 newly planned) across 3 candidates
[2m2026-07-23T18:59:23.614644Z[0m [32m INFO[0m [2mvllm_coldstart_operator::fleet_controller[0m[2m:[0m reconciled FleetService exp-fleet
[2m2026-07-23T18:59:23.615997Z[0m [32m INFO[0m [2mvllm_coldstart_operator::fleet_controller[0m[2m:[0m reconciling FleetService 'exp-fleet' in 'default': model=Qwen/Qwen2.5-7B-Instruct replicas=1
[2m2026-07-23T18:59:23.665294Z[0m [32m INFO[0m [2mvllm_coldstart_operator[0m[2m:[0m reconciling VllmService 'exp-fleet-0' in 'default': model=Qwen/Qwen2.5-7B-Instruct replicas=1 strategy=Eager
[2m2026-07-23T18:59:23.665304Z[0m [33m WARN[0m [2mvllm_coldstart_operator::fleet_controller[0m[2m:[0m FleetService 'exp-fleet' reconcile failed: Kube(Api(ErrorResponse { status: "Failure", message: "fleetservices.inference.michelecampi.dev \"exp-fleet\" not found", reason: "NotFound", code: 404 }))
[2m2026-07-23T18:59:23.665331Z[0m [33m WARN[0m [2mvllm_coldstart_operator::fleet_controller[0m[2m:[0m fleet reconcile loop error: ReconcilerFailed(Kube(Api(ErrorResponse { status: "Failure", message: "fleetservices.inference.michelecampi.dev \"exp-fleet\" not found", reason: "NotFound", code: 404 })), ObjectRef { dyntype: ApiResource { group: "inference.michelecampi.dev", version: "v1alpha1", api_version: "inference.michelecampi.dev/v1alpha1", kind: "FleetService", plural: "fleetservices" }, name: "exp-fleet", namespace: Some("default"), extra: Extra { resource_version: Some("7533"), uid: Some("aaae7132-156a-4283-9c96-4253efd8ac06") } })
[2m2026-07-23T18:59:23.665354Z[0m [33m WARN[0m [2mvllm_coldstart_operator::fleet_controller[0m[2m:[0m fleet reconcile loop error: ObjectNotFound(ObjectRef { dyntype: ApiResource { group: "inference.michelecampi.dev", version: "v1alpha1", api_version: "inference.michelecampi.dev/v1alpha1", kind: "FleetService", plural: "fleetservices" }, name: "exp-fleet", namespace: Some("default"), extra: Extra { resource_version: None, uid: Some("aaae7132-156a-4283-9c96-4253efd8ac06") } })
[2m2026-07-23T18:59:23.674376Z[0m [33m WARN[0m [2mvllm_coldstart_operator::fleet_controller[0m[2m:[0m fleet reconcile loop error: ObjectNotFound(ObjectRef { dyntype: ApiResource { group: "inference.michelecampi.dev", version: "v1alpha1", api_version: "inference.michelecampi.dev/v1alpha1", kind: "FleetService", plural: "fleetservices" }, name: "exp-fleet", namespace: Some("default"), extra: Extra { resource_version: None, uid: Some("aaae7132-156a-4283-9c96-4253efd8ac06") } })
[2m2026-07-23T18:59:23.674740Z[0m [33m WARN[0m [2mvllm_coldstart_operator[0m[2m:[0m reconcile failed: Kube API error: ApiError: vllmservices.inference.michelecampi.dev "exp-fleet-0" not found: NotFound (ErrorResponse { status: "Failure", message: "vllmservices.inference.michelecampi.dev \"exp-fleet-0\" not found", reason: "NotFound", code: 404 })
[2m2026-07-23T18:59:23.674773Z[0m [33m WARN[0m [2mvllm_coldstart_operator[0m[2m:[0m reconcile loop error: ReconcilerFailed(Kube(Api(ErrorResponse { status: "Failure", message: "vllmservices.inference.michelecampi.dev \"exp-fleet-0\" not found", reason: "NotFound", code: 404 })), ObjectRef { dyntype: ApiResource { group: "inference.michelecampi.dev", version: "v1alpha1", api_version: "inference.michelecampi.dev/v1alpha1", kind: "VllmService", plural: "vllmservices" }, name: "exp-fleet-0", namespace: Some("default"), extra: Extra { resource_version: None, uid: Some("51c4f482-b154-4542-a143-f40fe4504929") } })
[2m2026-07-23T18:59:23.674792Z[0m [33m WARN[0m [2mvllm_coldstart_operator[0m[2m:[0m reconcile loop error: ObjectNotFound(ObjectRef { dyntype: ApiResource { group: "inference.michelecampi.dev", version: "v1alpha1", api_version: "inference.michelecampi.dev/v1alpha1", kind: "VllmService", plural: "vllmservices" }, name: "exp-fleet-0", namespace: Some("default"), extra: Extra { resource_version: None, uid: Some("8e4d7417-a814-412e-923a-7320b3b6cdd8") } })
[2m2026-07-23T18:59:23.676746Z[0m [33m WARN[0m [2mvllm_coldstart_operator[0m[2m:[0m reconcile loop error: ObjectNotFound(ObjectRef { dyntype: ApiResource { group: "inference.michelecampi.dev", version: "v1alpha1", api_version: "inference.michelecampi.dev/v1alpha1", kind: "VllmService", plural: "vllmservices" }, name: "exp-fleet-0", namespace: Some("default"), extra: Extra { resource_version: None, uid: Some("8e4d7417-a814-412e-923a-7320b3b6cdd8") } })
[2m2026-07-23T18:59:23.681236Z[0m [33m WARN[0m [2mvllm_coldstart_operator[0m[2m:[0m reconcile loop error: ObjectNotFound(ObjectRef { dyntype: ApiResource { group: "inference.michelecampi.dev", version: "v1alpha1", api_version: "inference.michelecampi.dev/v1alpha1", kind: "VllmService", plural: "vllmservices" }, name: "exp-fleet-0", namespace: Some("default"), extra: Extra { resource_version: None, uid: Some("8e4d7417-a814-412e-923a-7320b3b6cdd8") } })
[2m2026-07-23T19:03:18.197371Z[0m [32m INFO[0m [2mvllm_coldstart_operator::fleet_controller[0m[2m:[0m reconciling FleetService 'exp-fleet' in 'default': model=Qwen/Qwen2.5-7B-Instruct replicas=1
[2m2026-07-23T19:03:18.302354Z[0m [32m INFO[0m [2mvllm_coldstart_operator[0m[2m:[0m reconciling VllmService 'exp-fleet-0' in 'default': model=Qwen/Qwen2.5-7B-Instruct replicas=1 strategy=Eager
[2m2026-07-23T19:03:18.304223Z[0m [32m INFO[0m [2mvllm_coldstart_operator::fleet_controller[0m[2m:[0m FleetService 'exp-fleet': 1 slots placed (0 preserved, 1 newly planned) across 3 candidates
[2m2026-07-23T19:03:18.304290Z[0m [32m INFO[0m [2mvllm_coldstart_operator::fleet_controller[0m[2m:[0m reconciled FleetService exp-fleet
[2m2026-07-23T19:03:18.304322Z[0m [32m INFO[0m [2mvllm_coldstart_operator::fleet_controller[0m[2m:[0m reconciling FleetService 'exp-fleet' in 'default': model=Qwen/Qwen2.5-7B-Instruct replicas=1
[2m2026-07-23T19:03:18.356768Z[0m [32m INFO[0m [2mvllm_coldstart_operator[0m[2m:[0m status of 'exp-fleet-0' -> Pending (0/1 ready)
[2m2026-07-23T19:03:18.356822Z[0m [32m INFO[0m [2mvllm_coldstart_operator[0m[2m:[0m reconciled exp-fleet-0
[2m2026-07-23T19:03:18.356844Z[0m [32m INFO[0m [2mvllm_coldstart_operator[0m[2m:[0m reconciling VllmService 'exp-fleet-0' in 'default': model=Qwen/Qwen2.5-7B-Instruct replicas=1 strategy=Eager
[2m2026-07-23T19:03:18.364534Z[0m [32m INFO[0m [2mvllm_coldstart_operator[0m[2m:[0m status of 'exp-fleet-0' -> Pending (0/1 ready)
[2m2026-07-23T19:03:18.364602Z[0m [32m INFO[0m [2mvllm_coldstart_operator[0m[2m:[0m reconciled exp-fleet-0
[2m2026-07-23T19:03:18.364628Z[0m [32m INFO[0m [2mvllm_coldstart_operator[0m[2m:[0m reconciling VllmService 'exp-fleet-0' in 'default': model=Qwen/Qwen2.5-7B-Instruct replicas=1 strategy=Eager
[2m2026-07-23T19:03:18.372092Z[0m [32m INFO[0m [2mvllm_coldstart_operator[0m[2m:[0m status of 'exp-fleet-0' -> Pending (0/1 ready)
[2m2026-07-23T19:03:18.372149Z[0m [32m INFO[0m [2mvllm_coldstart_operator[0m[2m:[0m reconciled exp-fleet-0
[2m2026-07-23T19:03:19.099548Z[0m [32m INFO[0m [2mvllm_coldstart_operator[0m[2m:[0m reconciling VllmService 'exp-fleet-0' in 'default': model=Qwen/Qwen2.5-7B-Instruct replicas=1 strategy=Eager
[2m2026-07-23T19:03:19.105132Z[0m [32m INFO[0m [2mvllm_coldstart_operator::fleet_controller[0m[2m:[0m FleetService 'exp-fleet': 1 slots placed (1 preserved, 0 newly planned) across 3 candidates
[2m2026-07-23T19:03:19.105222Z[0m [32m INFO[0m [2mvllm_coldstart_operator::fleet_controller[0m[2m:[0m reconciled FleetService exp-fleet
[2m2026-07-23T19:03:19.105267Z[0m [32m INFO[0m [2mvllm_coldstart_operator::fleet_controller[0m[2m:[0m reconciling FleetService 'exp-fleet' in 'default': model=Qwen/Qwen2.5-7B-Instruct replicas=1
[2m2026-07-23T19:03:19.107300Z[0m [32m INFO[0m [2mvllm_coldstart_operator[0m[2m:[0m status of 'exp-fleet-0' -> Pending (0/1 ready)
[2m2026-07-23T19:03:19.107395Z[0m [32m INFO[0m [2mvllm_coldstart_operator[0m[2m:[0m reconciled exp-fleet-0
[2m2026-07-23T19:03:19.217377Z[0m [32m INFO[0m [2mvllm_coldstart_operator::fleet_controller[0m[2m:[0m FleetService 'exp-fleet': 1 slots placed (1 preserved, 0 newly planned) across 3 candidates
[2m2026-07-23T19:03:19.217478Z[0m [32m INFO[0m [2mvllm_coldstart_operator::fleet_controller[0m[2m:[0m reconciled FleetService exp-fleet
[2m2026-07-23T19:03:19.217536Z[0m [32m INFO[0m [2mvllm_coldstart_operator::fleet_controller[0m[2m:[0m reconciling FleetService 'exp-fleet' in 'default': model=Qwen/Qwen2.5-7B-Instruct replicas=1
[2m2026-07-23T19:03:19.224867Z[0m [32m INFO[0m [2mvllm_coldstart_operator::fleet_controller[0m[2m:[0m FleetService 'exp-fleet': 1 slots placed (1 preserved, 0 newly planned) across 3 candidates
[2m2026-07-23T19:03:19.224946Z[0m [32m INFO[0m [2mvllm_coldstart_operator::fleet_controller[0m[2m:[0m reconciled FleetService exp-fleet
[2m2026-07-23T19:03:20.072968Z[0m [32m INFO[0m [2mvllm_coldstart_operator::fleet_controller[0m[2m:[0m reconciling FleetService 'exp-fleet' in 'default': model=Qwen/Qwen2.5-7B-Instruct replicas=1
[2m2026-07-23T19:03:20.216234Z[0m [32m INFO[0m [2mvllm_coldstart_operator::fleet_controller[0m[2m:[0m FleetService 'exp-fleet': 1 slots placed (1 preserved, 0 newly planned) across 3 candidates
[2m2026-07-23T19:03:20.216319Z[0m [32m INFO[0m [2mvllm_coldstart_operator::fleet_controller[0m[2m:[0m reconciled FleetService exp-fleet
[2m2026-07-23T19:03:24.108669Z[0m [32m INFO[0m [2mvllm_coldstart_operator[0m[2m:[0m reconciling VllmService 'exp-fleet-0' in 'default': model=Qwen/Qwen2.5-7B-Instruct replicas=1 strategy=Eager
[2m2026-07-23T19:03:24.117525Z[0m [32m INFO[0m [2mvllm_coldstart_operator[0m[2m:[0m status of 'exp-fleet-0' -> Pending (0/1 ready)
[2m2026-07-23T19:03:24.117607Z[0m [32m INFO[0m [2mvllm_coldstart_operator[0m[2m:[0m reconciled exp-fleet-0
[2m2026-07-23T19:03:29.118858Z[0m [32m INFO[0m [2mvllm_coldstart_operator[0m[2m:[0m reconciling VllmService 'exp-fleet-0' in 'default': model=Qwen/Qwen2.5-7B-Instruct replicas=1 strategy=Eager
[2m2026-07-23T19:03:29.127525Z[0m [32m INFO[0m [2mvllm_coldstart_operator[0m[2m:[0m status of 'exp-fleet-0' -> Pending (0/1 ready)
[2m2026-07-23T19:03:29.127585Z[0m [32m INFO[0m [2mvllm_coldstart_operator[0m[2m:[0m reconciled exp-fleet-0
[2m2026-07-23T19:03:33.996327Z[0m [32m INFO[0m [2mvllm_coldstart_operator::fleet_controller[0m[2m:[0m reconciling FleetService 'exp-fleet' in 'default': model=Qwen/Qwen2.5-7B-Instruct replicas=1
[2m2026-07-23T19:03:34.129140Z[0m [32m INFO[0m [2mvllm_coldstart_operator[0m[2m:[0m reconciling VllmService 'exp-fleet-0' in 'default': model=Qwen/Qwen2.5-7B-Instruct replicas=1 strategy=Eager
[2m2026-07-23T19:03:34.137331Z[0m [32m INFO[0m [2mvllm_coldstart_operator::fleet_controller[0m[2m:[0m FleetService 'exp-fleet': 1 slots placed (1 preserved, 0 newly planned) across 3 candidates
[2m2026-07-23T19:03:34.137371Z[0m [32m INFO[0m [2mvllm_coldstart_operator[0m[2m:[0m status of 'exp-fleet-0' -> Pending (0/1 ready)
[2m2026-07-23T19:03:34.137544Z[0m [32m INFO[0m [2mvllm_coldstart_operator::fleet_controller[0m[2m:[0m reconciled FleetService exp-fleet
[2m2026-07-23T19:03:34.137572Z[0m [32m INFO[0m [2mvllm_coldstart_operator[0m[2m:[0m reconciled exp-fleet-0
[2m2026-07-23T19:03:34.137690Z[0m [32m INFO[0m [2mvllm_coldstart_operator::fleet_controller[0m[2m:[0m reconciling FleetService 'exp-fleet' in 'default': model=Qwen/Qwen2.5-7B-Instruct replicas=1
[2m2026-07-23T19:03:34.298672Z[0m [32m INFO[0m [2mvllm_coldstart_operator::fleet_controller[0m[2m:[0m FleetService 'exp-fleet': 1 slots placed (1 preserved, 0 newly planned) across 3 candidates
[2m2026-07-23T19:03:34.298900Z[0m [32m INFO[0m [2mvllm_coldstart_operator::fleet_controller[0m[2m:[0m reconciled FleetService exp-fleet
[2m2026-07-23T19:03:35.091081Z[0m [32m INFO[0m [2mvllm_coldstart_operator::fleet_controller[0m[2m:[0m reconciling FleetService 'exp-fleet' in 'default': model=Qwen/Qwen2.5-7B-Instruct replicas=1
[2m2026-07-23T19:03:35.217164Z[0m [32m INFO[0m [2mvllm_coldstart_operator::fleet_controller[0m[2m:[0m FleetService 'exp-fleet': 1 slots placed (1 preserved, 0 newly planned) across 3 candidates
[2m2026-07-23T19:03:35.217354Z[0m [32m INFO[0m [2mvllm_coldstart_operator::fleet_controller[0m[2m:[0m reconciled FleetService exp-fleet
[2m2026-07-23T19:03:39.139473Z[0m [32m INFO[0m [2mvllm_coldstart_operator[0m[2m:[0m reconciling VllmService 'exp-fleet-0' in 'default': model=Qwen/Qwen2.5-7B-Instruct replicas=1 strategy=Eager
[2m2026-07-23T19:03:39.148412Z[0m [32m INFO[0m [2mvllm_coldstart_operator[0m[2m:[0m status of 'exp-fleet-0' -> Pending (0/1 ready)
[2m2026-07-23T19:03:39.148463Z[0m [32m INFO[0m [2mvllm_coldstart_operator[0m[2m:[0m reconciled exp-fleet-0
[2m2026-07-23T19:03:44.149703Z[0m [32m INFO[0m [2mvllm_coldstart_operator[0m[2m:[0m reconciling VllmService 'exp-fleet-0' in 'default': model=Qwen/Qwen2.5-7B-Instruct replicas=1 strategy=Eager
[2m2026-07-23T19:03:44.158444Z[0m [32m INFO[0m [2mvllm_coldstart_operator[0m[2m:[0m status of 'exp-fleet-0' -> Pending (0/1 ready)
[2m2026-07-23T19:03:44.158513Z[0m [32m INFO[0m [2mvllm_coldstart_operator[0m[2m:[0m reconciled exp-fleet-0
[2m2026-07-23T19:03:49.013688Z[0m [32m INFO[0m [2mvllm_coldstart_operator::fleet_controller[0m[2m:[0m reconciling FleetService 'exp-fleet' in 'default': model=Qwen/Qwen2.5-7B-Instruct replicas=1
[2m2026-07-23T19:03:49.158518Z[0m [32m INFO[0m [2mvllm_coldstart_operator::fleet_controller[0m[2m:[0m FleetService 'exp-fleet': 1 slots placed (1 preserved, 0 newly planned) across 3 candidates
[2m2026-07-23T19:03:49.158581Z[0m [32m INFO[0m [2mvllm_coldstart_operator::fleet_controller[0m[2m:[0m reconciled FleetService exp-fleet
[2m2026-07-23T19:03:49.158607Z[0m [32m INFO[0m [2mvllm_coldstart_operator::fleet_controller[0m[2m:[0m reconciling FleetService 'exp-fleet' in 'default': model=Qwen/Qwen2.5-7B-Instruct replicas=1
[2m2026-07-23T19:03:49.160152Z[0m [32m INFO[0m [2mvllm_coldstart_operator[0m[2m:[0m reconciling VllmService 'exp-fleet-0' in 'default': model=Qwen/Qwen2.5-7B-Instruct replicas=1 strategy=Eager
[2m2026-07-23T19:03:49.171480Z[0m [32m INFO[0m [2mvllm_coldstart_operator[0m[2m:[0m status of 'exp-fleet-0' -> Pending (0/1 ready)
[2m2026-07-23T19:03:49.171543Z[0m [32m INFO[0m [2mvllm_coldstart_operator[0m[2m:[0m reconciled exp-fleet-0
[2m2026-07-23T19:03:49.294335Z[0m [32m INFO[0m [2mvllm_coldstart_operator::fleet_controller[0m[2m:[0m FleetService 'exp-fleet': 1 slots placed (1 preserved, 0 newly planned) across 3 candidates
[2m2026-07-23T19:03:49.294402Z[0m [32m INFO[0m [2mvllm_coldstart_operator::fleet_controller[0m[2m:[0m reconciled FleetService exp-fleet
[2m2026-07-23T19:03:50.109141Z[0m [32m INFO[0m [2mvllm_coldstart_operator::fleet_controller[0m[2m:[0m reconciling FleetService 'exp-fleet' in 'default': model=Qwen/Qwen2.5-7B-Instruct replicas=1
[2m2026-07-23T19:03:50.218204Z[0m [32m INFO[0m [2mvllm_coldstart_operator::fleet_controller[0m[2m:[0m FleetService 'exp-fleet': 1 slots placed (1 preserved, 0 newly planned) across 3 candidates
[2m2026-07-23T19:03:50.218296Z[0m [32m INFO[0m [2mvllm_coldstart_operator::fleet_controller[0m[2m:[0m reconciled FleetService exp-fleet
[2m2026-07-23T19:03:54.173391Z[0m [32m INFO[0m [2mvllm_coldstart_operator[0m[2m:[0m reconciling VllmService 'exp-fleet-0' in 'default': model=Qwen/Qwen2.5-7B-Instruct replicas=1 strategy=Eager
[2m2026-07-23T19:03:54.182473Z[0m [32m INFO[0m [2mvllm_coldstart_operator[0m[2m:[0m status of 'exp-fleet-0' -> Pending (0/1 ready)
[2m2026-07-23T19:03:54.182538Z[0m [32m INFO[0m [2mvllm_coldstart_operator[0m[2m:[0m reconciled exp-fleet-0
[2m2026-07-23T19:03:59.183567Z[0m [32m INFO[0m [2mvllm_coldstart_operator[0m[2m:[0m reconciling VllmService 'exp-fleet-0' in 'default': model=Qwen/Qwen2.5-7B-Instruct replicas=1 strategy=Eager
[2m2026-07-23T19:03:59.191970Z[0m [32m INFO[0m [2mvllm_coldstart_operator[0m[2m:[0m status of 'exp-fleet-0' -> Pending (0/1 ready)
[2m2026-07-23T19:03:59.192027Z[0m [32m INFO[0m [2mvllm_coldstart_operator[0m[2m:[0m reconciled exp-fleet-0
[2m2026-07-23T19:04:04.036527Z[0m [32m INFO[0m [2mvllm_coldstart_operator::fleet_controller[0m[2m:[0m reconciling FleetService 'exp-fleet' in 'default': model=Qwen/Qwen2.5-7B-Instruct replicas=1
[2m2026-07-23T19:04:04.175120Z[0m [32m INFO[0m [2mvllm_coldstart_operator::fleet_controller[0m[2m:[0m FleetService 'exp-fleet': 1 slots placed (1 preserved, 0 newly planned) across 3 candidates
[2m2026-07-23T19:04:04.175192Z[0m [32m INFO[0m [2mvllm_coldstart_operator::fleet_controller[0m[2m:[0m reconciled FleetService exp-fleet
[2m2026-07-23T19:04:04.175228Z[0m [32m INFO[0m [2mvllm_coldstart_operator::fleet_controller[0m[2m:[0m reconciling FleetService 'exp-fleet' in 'default': model=Qwen/Qwen2.5-7B-Instruct replicas=1
[2m2026-07-23T19:04:04.192677Z[0m [32m INFO[0m [2mvllm_coldstart_operator[0m[2m:[0m reconciling VllmService 'exp-fleet-0' in 'default': model=Qwen/Qwen2.5-7B-Instruct replicas=1 strategy=Eager
[2m2026-07-23T19:04:04.200432Z[0m [32m INFO[0m [2mvllm_coldstart_operator[0m[2m:[0m status of 'exp-fleet-0' -> Pending (0/1 ready)
[2m2026-07-23T19:04:04.200492Z[0m [32m INFO[0m [2mvllm_coldstart_operator[0m[2m:[0m reconciled exp-fleet-0
[2m2026-07-23T19:04:04.276644Z[0m [32m INFO[0m [2mvllm_coldstart_operator::fleet_controller[0m[2m:[0m FleetService 'exp-fleet': 1 slots placed (1 preserved, 0 newly planned) across 3 candidates
[2m2026-07-23T19:04:04.276709Z[0m [32m INFO[0m [2mvllm_coldstart_operator::fleet_controller[0m[2m:[0m reconciled FleetService exp-fleet
[2m2026-07-23T19:04:05.129529Z[0m [32m INFO[0m [2mvllm_coldstart_operator::fleet_controller[0m[2m:[0m reconciling FleetService 'exp-fleet' in 'default': model=Qwen/Qwen2.5-7B-Instruct replicas=1
[2m2026-07-23T19:04:05.216230Z[0m [32m INFO[0m [2mvllm_coldstart_operator::fleet_controller[0m[2m:[0m FleetService 'exp-fleet': 1 slots placed (1 preserved, 0 newly planned) across 3 candidates
[2m2026-07-23T19:04:05.216419Z[0m [32m INFO[0m [2mvllm_coldstart_operator::fleet_controller[0m[2m:[0m reconciled FleetService exp-fleet
[2m2026-07-23T19:04:09.202459Z[0m [32m INFO[0m [2mvllm_coldstart_operator[0m[2m:[0m reconciling VllmService 'exp-fleet-0' in 'default': model=Qwen/Qwen2.5-7B-Instruct replicas=1 strategy=Eager
[2m2026-07-23T19:04:09.211002Z[0m [32m INFO[0m [2mvllm_coldstart_operator[0m[2m:[0m status of 'exp-fleet-0' -> Pending (0/1 ready)
[2m2026-07-23T19:04:09.211048Z[0m [32m INFO[0m [2mvllm_coldstart_operator[0m[2m:[0m reconciled exp-fleet-0
[2m2026-07-23T19:04:14.211624Z[0m [32m INFO[0m [2mvllm_coldstart_operator[0m[2m:[0m reconciling VllmService 'exp-fleet-0' in 'default': model=Qwen/Qwen2.5-7B-Instruct replicas=1 strategy=Eager
[2m2026-07-23T19:04:14.220386Z[0m [32m INFO[0m [2mvllm_coldstart_operator[0m[2m:[0m status of 'exp-fleet-0' -> Pending (0/1 ready)
[2m2026-07-23T19:04:14.220559Z[0m [32m INFO[0m [2mvllm_coldstart_operator[0m[2m:[0m reconciled exp-fleet-0
[2m2026-07-23T19:04:19.054352Z[0m [32m INFO[0m [2mvllm_coldstart_operator::fleet_controller[0m[2m:[0m reconciling FleetService 'exp-fleet' in 'default': model=Qwen/Qwen2.5-7B-Instruct replicas=1
[2m2026-07-23T19:04:19.192635Z[0m [32m INFO[0m [2mvllm_coldstart_operator::fleet_controller[0m[2m:[0m FleetService 'exp-fleet': 1 slots placed (1 preserved, 0 newly planned) across 3 candidates
[2m2026-07-23T19:04:19.192724Z[0m [32m INFO[0m [2mvllm_coldstart_operator::fleet_controller[0m[2m:[0m reconciled FleetService exp-fleet
[2m2026-07-23T19:04:19.192748Z[0m [32m INFO[0m [2mvllm_coldstart_operator::fleet_controller[0m[2m:[0m reconciling FleetService 'exp-fleet' in 'default': model=Qwen/Qwen2.5-7B-Instruct replicas=1
[2m2026-07-23T19:04:19.222238Z[0m [32m INFO[0m [2mvllm_coldstart_operator[0m[2m:[0m reconciling VllmService 'exp-fleet-0' in 'default': model=Qwen/Qwen2.5-7B-Instruct replicas=1 strategy=Eager
[2m2026-07-23T19:04:19.230324Z[0m [32m INFO[0m [2mvllm_coldstart_operator[0m[2m:[0m status of 'exp-fleet-0' -> Pending (0/1 ready)
[2m2026-07-23T19:04:19.230383Z[0m [32m INFO[0m [2mvllm_coldstart_operator[0m[2m:[0m reconciled exp-fleet-0
[2m2026-07-23T19:04:19.294319Z[0m [32m INFO[0m [2mvllm_coldstart_operator::fleet_controller[0m[2m:[0m FleetService 'exp-fleet': 1 slots placed (1 preserved, 0 newly planned) across 3 candidates
[2m2026-07-23T19:04:19.294411Z[0m [32m INFO[0m [2mvllm_coldstart_operator::fleet_controller[0m[2m:[0m reconciled FleetService exp-fleet
[2m2026-07-23T19:04:20.147601Z[0m [32m INFO[0m [2mvllm_coldstart_operator::fleet_controller[0m[2m:[0m reconciling FleetService 'exp-fleet' in 'default': model=Qwen/Qwen2.5-7B-Instruct replicas=1
[2m2026-07-23T19:04:20.216434Z[0m [32m INFO[0m [2mvllm_coldstart_operator::fleet_controller[0m[2m:[0m FleetService 'exp-fleet': 1 slots placed (1 preserved, 0 newly planned) across 3 candidates
[2m2026-07-23T19:04:20.216524Z[0m [32m INFO[0m [2mvllm_coldstart_operator::fleet_controller[0m[2m:[0m reconciled FleetService exp-fleet
[2m2026-07-23T19:04:24.231586Z[0m [32m INFO[0m [2mvllm_coldstart_operator[0m[2m:[0m reconciling VllmService 'exp-fleet-0' in 'default': model=Qwen/Qwen2.5-7B-Instruct replicas=1 strategy=Eager
[2m2026-07-23T19:04:24.240221Z[0m [32m INFO[0m [2mvllm_coldstart_operator[0m[2m:[0m status of 'exp-fleet-0' -> Pending (0/1 ready)
[2m2026-07-23T19:04:24.240282Z[0m [32m INFO[0m [2mvllm_coldstart_operator[0m[2m:[0m reconciled exp-fleet-0
[2m2026-07-23T19:04:29.241705Z[0m [32m INFO[0m [2mvllm_coldstart_operator[0m[2m:[0m reconciling VllmService 'exp-fleet-0' in 'default': model=Qwen/Qwen2.5-7B-Instruct replicas=1 strategy=Eager
[2m2026-07-23T19:04:29.251641Z[0m [32m INFO[0m [2mvllm_coldstart_operator[0m[2m:[0m status of 'exp-fleet-0' -> Pending (0/1 ready)
[2m2026-07-23T19:04:29.251769Z[0m [32m INFO[0m [2mvllm_coldstart_operator[0m[2m:[0m reconciled exp-fleet-0
[2m2026-07-23T19:04:34.073442Z[0m [32m INFO[0m [2mvllm_coldstart_operator::fleet_controller[0m[2m:[0m reconciling FleetService 'exp-fleet' in 'default': model=Qwen/Qwen2.5-7B-Instruct replicas=1
[2m2026-07-23T19:04:34.216138Z[0m [32m INFO[0m [2mvllm_coldstart_operator::fleet_controller[0m[2m:[0m FleetService 'exp-fleet': 1 slots placed (1 preserved, 0 newly planned) across 3 candidates
[2m2026-07-23T19:04:34.216350Z[0m [32m INFO[0m [2mvllm_coldstart_operator::fleet_controller[0m[2m:[0m reconciled FleetService exp-fleet
[2m2026-07-23T19:04:34.216429Z[0m [32m INFO[0m [2mvllm_coldstart_operator::fleet_controller[0m[2m:[0m reconciling FleetService 'exp-fleet' in 'default': model=Qwen/Qwen2.5-7B-Instruct replicas=1
[2m2026-07-23T19:04:34.253007Z[0m [32m INFO[0m [2mvllm_coldstart_operator[0m[2m:[0m reconciling VllmService 'exp-fleet-0' in 'default': model=Qwen/Qwen2.5-7B-Instruct replicas=1 strategy=Eager
[2m2026-07-23T19:04:34.261777Z[0m [32m INFO[0m [2mvllm_coldstart_operator[0m[2m:[0m status of 'exp-fleet-0' -> Pending (0/1 ready)
[2m2026-07-23T19:04:34.261910Z[0m [32m INFO[0m [2mvllm_coldstart_operator[0m[2m:[0m reconciled exp-fleet-0
[2m2026-07-23T19:04:34.961674Z[0m [32m INFO[0m [2mvllm_coldstart_operator::fleet_controller[0m[2m:[0m FleetService 'exp-fleet': 1 slots placed (1 preserved, 0 newly planned) across 3 candidates
[2m2026-07-23T19:04:34.961850Z[0m [32m INFO[0m [2mvllm_coldstart_operator::fleet_controller[0m[2m:[0m reconciled FleetService exp-fleet
[2m2026-07-23T19:04:35.165951Z[0m [32m INFO[0m [2mvllm_coldstart_operator::fleet_controller[0m[2m:[0m reconciling FleetService 'exp-fleet' in 'default': model=Qwen/Qwen2.5-7B-Instruct replicas=1
[2m2026-07-23T19:04:35.263998Z[0m [32m INFO[0m [2mvllm_coldstart_operator::fleet_controller[0m[2m:[0m FleetService 'exp-fleet': 1 slots placed (1 preserved, 0 newly planned) across 3 candidates
[2m2026-07-23T19:04:35.264245Z[0m [32m INFO[0m [2mvllm_coldstart_operator::fleet_controller[0m[2m:[0m reconciled FleetService exp-fleet
[2m2026-07-23T19:04:39.263125Z[0m [32m INFO[0m [2mvllm_coldstart_operator[0m[2m:[0m reconciling VllmService 'exp-fleet-0' in 'default': model=Qwen/Qwen2.5-7B-Instruct replicas=1 strategy=Eager
[2m2026-07-23T19:04:39.271910Z[0m [32m INFO[0m [2mvllm_coldstart_operator[0m[2m:[0m status of 'exp-fleet-0' -> Pending (0/1 ready)
[2m2026-07-23T19:04:39.272036Z[0m [32m INFO[0m [2mvllm_coldstart_operator[0m[2m:[0m reconciled exp-fleet-0
[2m2026-07-23T19:04:44.273162Z[0m [32m INFO[0m [2mvllm_coldstart_operator[0m[2m:[0m reconciling VllmService 'exp-fleet-0' in 'default': model=Qwen/Qwen2.5-7B-Instruct replicas=1 strategy=Eager
[2m2026-07-23T19:04:44.281847Z[0m [32m INFO[0m [2mvllm_coldstart_operator[0m[2m:[0m status of 'exp-fleet-0' -> Pending (0/1 ready)
[2m2026-07-23T19:04:44.281979Z[0m [32m INFO[0m [2mvllm_coldstart_operator[0m[2m:[0m reconciled exp-fleet-0
[2m2026-07-23T19:04:49.093357Z[0m [32m INFO[0m [2mvllm_coldstart_operator::fleet_controller[0m[2m:[0m reconciling FleetService 'exp-fleet' in 'default': model=Qwen/Qwen2.5-7B-Instruct replicas=1
[2m2026-07-23T19:04:49.222095Z[0m [32m INFO[0m [2mvllm_coldstart_operator::fleet_controller[0m[2m:[0m FleetService 'exp-fleet': 1 slots placed (1 preserved, 0 newly planned) across 3 candidates
[2m2026-07-23T19:04:49.222185Z[0m [32m INFO[0m [2mvllm_coldstart_operator::fleet_controller[0m[2m:[0m reconciled FleetService exp-fleet
[2m2026-07-23T19:04:49.237283Z[0m [32m INFO[0m [2mvllm_coldstart_operator::fleet_controller[0m[2m:[0m reconciling FleetService 'exp-fleet' in 'default': model=Qwen/Qwen2.5-7B-Instruct replicas=1
[2m2026-07-23T19:04:49.283041Z[0m [32m INFO[0m [2mvllm_coldstart_operator[0m[2m:[0m reconciling VllmService 'exp-fleet-0' in 'default': model=Qwen/Qwen2.5-7B-Instruct replicas=1 strategy=Eager
[2m2026-07-23T19:04:49.292363Z[0m [32m INFO[0m [2mvllm_coldstart_operator[0m[2m:[0m status of 'exp-fleet-0' -> Pending (0/1 ready)
[2m2026-07-23T19:04:49.292446Z[0m [32m INFO[0m [2mvllm_coldstart_operator[0m[2m:[0m reconciled exp-fleet-0
[2m2026-07-23T19:04:49.631546Z[0m [32m INFO[0m [2mvllm_coldstart_operator::fleet_controller[0m[2m:[0m FleetService 'exp-fleet': 1 slots placed (1 preserved, 0 newly planned) across 3 candidates
[2m2026-07-23T19:04:49.631632Z[0m [32m INFO[0m [2mvllm_coldstart_operator::fleet_controller[0m[2m:[0m reconciled FleetService exp-fleet
[2m2026-07-23T19:04:50.183884Z[0m [32m INFO[0m [2mvllm_coldstart_operator::fleet_controller[0m[2m:[0m reconciling FleetService 'exp-fleet' in 'default': model=Qwen/Qwen2.5-7B-Instruct replicas=1
[2m2026-07-23T19:04:50.236146Z[0m [32m INFO[0m [2mvllm_coldstart_operator::fleet_controller[0m[2m:[0m FleetService 'exp-fleet': 1 slots placed (1 preserved, 0 newly planned) across 3 candidates
[2m2026-07-23T19:04:50.236231Z[0m [32m INFO[0m [2mvllm_coldstart_operator::fleet_controller[0m[2m:[0m reconciled FleetService exp-fleet
[2m2026-07-23T19:04:54.293489Z[0m [32m INFO[0m [2mvllm_coldstart_operator[0m[2m:[0m reconciling VllmService 'exp-fleet-0' in 'default': model=Qwen/Qwen2.5-7B-Instruct replicas=1 strategy=Eager
[2m2026-07-23T19:04:54.302374Z[0m [32m INFO[0m [2mvllm_coldstart_operator[0m[2m:[0m status of 'exp-fleet-0' -> Pending (0/1 ready)
[2m2026-07-23T19:04:54.302425Z[0m [32m INFO[0m [2mvllm_coldstart_operator[0m[2m:[0m reconciled exp-fleet-0
[2m2026-07-23T19:04:59.303693Z[0m [32m INFO[0m [2mvllm_coldstart_operator[0m[2m:[0m reconciling VllmService 'exp-fleet-0' in 'default': model=Qwen/Qwen2.5-7B-Instruct replicas=1 strategy=Eager
[2m2026-07-23T19:04:59.312623Z[0m [32m INFO[0m [2mvllm_coldstart_operator[0m[2m:[0m status of 'exp-fleet-0' -> Pending (0/1 ready)
[2m2026-07-23T19:04:59.312694Z[0m [32m INFO[0m [2mvllm_coldstart_operator[0m[2m:[0m reconciled exp-fleet-0
[2m2026-07-23T19:05:04.111770Z[0m [32m INFO[0m [2mvllm_coldstart_operator::fleet_controller[0m[2m:[0m reconciling FleetService 'exp-fleet' in 'default': model=Qwen/Qwen2.5-7B-Instruct replicas=1
[2m2026-07-23T19:05:04.217165Z[0m [32m INFO[0m [2mvllm_coldstart_operator::fleet_controller[0m[2m:[0m FleetService 'exp-fleet': 1 slots placed (1 preserved, 0 newly planned) across 3 candidates
[2m2026-07-23T19:05:04.217365Z[0m [32m INFO[0m [2mvllm_coldstart_operator::fleet_controller[0m[2m:[0m reconciled FleetService exp-fleet
[2m2026-07-23T19:05:04.254795Z[0m [32m INFO[0m [2mvllm_coldstart_operator::fleet_controller[0m[2m:[0m reconciling FleetService 'exp-fleet' in 'default': model=Qwen/Qwen2.5-7B-Instruct replicas=1
[2m2026-07-23T19:05:04.314332Z[0m [32m INFO[0m [2mvllm_coldstart_operator[0m[2m:[0m reconciling VllmService 'exp-fleet-0' in 'default': model=Qwen/Qwen2.5-7B-Instruct replicas=1 strategy=Eager
[2m2026-07-23T19:05:04.322690Z[0m [32m INFO[0m [2mvllm_coldstart_operator[0m[2m:[0m status of 'exp-fleet-0' -> Pending (0/1 ready)
[2m2026-07-23T19:05:04.322829Z[0m [32m INFO[0m [2mvllm_coldstart_operator[0m[2m:[0m reconciled exp-fleet-0
[2m2026-07-23T19:05:04.963380Z[0m [32m INFO[0m [2mvllm_coldstart_operator::fleet_controller[0m[2m:[0m FleetService 'exp-fleet': 1 slots placed (1 preserved, 0 newly planned) across 3 candidates
[2m2026-07-23T19:05:04.963533Z[0m [32m INFO[0m [2mvllm_coldstart_operator::fleet_controller[0m[2m:[0m reconciled FleetService exp-fleet
[2m2026-07-23T19:05:05.202112Z[0m [32m INFO[0m [2mvllm_coldstart_operator::fleet_controller[0m[2m:[0m reconciling FleetService 'exp-fleet' in 'default': model=Qwen/Qwen2.5-7B-Instruct replicas=1
[2m2026-07-23T19:05:05.264957Z[0m [32m INFO[0m [2mvllm_coldstart_operator::fleet_controller[0m[2m:[0m FleetService 'exp-fleet': 1 slots placed (1 preserved, 0 newly planned) across 3 candidates
[2m2026-07-23T19:05:05.265152Z[0m [32m INFO[0m [2mvllm_coldstart_operator::fleet_controller[0m[2m:[0m reconciled FleetService exp-fleet
[2m2026-07-23T19:05:09.324249Z[0m [32m INFO[0m [2mvllm_coldstart_operator[0m[2m:[0m reconciling VllmService 'exp-fleet-0' in 'default': model=Qwen/Qwen2.5-7B-Instruct replicas=1 strategy=Eager
[2m2026-07-23T19:05:09.333281Z[0m [32m INFO[0m [2mvllm_coldstart_operator[0m[2m:[0m status of 'exp-fleet-0' -> Pending (0/1 ready)
[2m2026-07-23T19:05:09.333346Z[0m [32m INFO[0m [2mvllm_coldstart_operator[0m[2m:[0m reconciled exp-fleet-0
[2m2026-07-23T19:05:14.334570Z[0m [32m INFO[0m [2mvllm_coldstart_operator[0m[2m:[0m reconciling VllmService 'exp-fleet-0' in 'default': model=Qwen/Qwen2.5-7B-Instruct replicas=1 strategy=Eager
[2m2026-07-23T19:05:14.343571Z[0m [32m INFO[0m [2mvllm_coldstart_operator[0m[2m:[0m status of 'exp-fleet-0' -> Pending (0/1 ready)
[2m2026-07-23T19:05:14.343634Z[0m [32m INFO[0m [2mvllm_coldstart_operator[0m[2m:[0m reconciled exp-fleet-0
[2m2026-07-23T19:05:19.131822Z[0m [32m INFO[0m [2mvllm_coldstart_operator::fleet_controller[0m[2m:[0m reconciling FleetService 'exp-fleet' in 'default': model=Qwen/Qwen2.5-7B-Instruct replicas=1
[2m2026-07-23T19:05:19.235954Z[0m [32m INFO[0m [2mvllm_coldstart_operator::fleet_controller[0m[2m:[0m FleetService 'exp-fleet': 1 slots placed (1 preserved, 0 newly planned) across 3 candidates
[2m2026-07-23T19:05:19.236049Z[0m [32m INFO[0m [2mvllm_coldstart_operator::fleet_controller[0m[2m:[0m reconciled FleetService exp-fleet
[2m2026-07-23T19:05:19.273047Z[0m [32m INFO[0m [2mvllm_coldstart_operator::fleet_controller[0m[2m:[0m reconciling FleetService 'exp-fleet' in 'default': model=Qwen/Qwen2.5-7B-Instruct replicas=1
[2m2026-07-23T19:05:19.344648Z[0m [32m INFO[0m [2mvllm_coldstart_operator[0m[2m:[0m reconciling VllmService 'exp-fleet-0' in 'default': model=Qwen/Qwen2.5-7B-Instruct replicas=1 strategy=Eager
[2m2026-07-23T19:05:19.353395Z[0m [32m INFO[0m [2mvllm_coldstart_operator[0m[2m:[0m status of 'exp-fleet-0' -> Pending (0/1 ready)
[2m2026-07-23T19:05:19.353467Z[0m [32m INFO[0m [2mvllm_coldstart_operator[0m[2m:[0m reconciled exp-fleet-0
[2m2026-07-23T19:05:19.958382Z[0m [32m INFO[0m [2mvllm_coldstart_operator::fleet_controller[0m[2m:[0m FleetService 'exp-fleet': 1 slots placed (1 preserved, 0 newly planned) across 3 candidates
[2m2026-07-23T19:05:19.958476Z[0m [32m INFO[0m [2mvllm_coldstart_operator::fleet_controller[0m[2m:[0m reconciled FleetService exp-fleet
[2m2026-07-23T19:05:20.219121Z[0m [32m INFO[0m [2mvllm_coldstart_operator::fleet_controller[0m[2m:[0m reconciling FleetService 'exp-fleet' in 'default': model=Qwen/Qwen2.5-7B-Instruct replicas=1
[2m2026-07-23T19:05:21.216999Z[0m [32m INFO[0m [2mvllm_coldstart_operator::fleet_controller[0m[2m:[0m FleetService 'exp-fleet': 1 slots placed (1 preserved, 0 newly planned) across 3 candidates
[2m2026-07-23T19:05:21.217099Z[0m [32m INFO[0m [2mvllm_coldstart_operator::fleet_controller[0m[2m:[0m reconciled FleetService exp-fleet
[2m2026-07-23T19:05:24.355479Z[0m [32m INFO[0m [2mvllm_coldstart_operator[0m[2m:[0m reconciling VllmService 'exp-fleet-0' in 'default': model=Qwen/Qwen2.5-7B-Instruct replicas=1 strategy=Eager
[2m2026-07-23T19:05:24.364331Z[0m [32m INFO[0m [2mvllm_coldstart_operator[0m[2m:[0m status of 'exp-fleet-0' -> Pending (0/1 ready)
[2m2026-07-23T19:05:24.364388Z[0m [32m INFO[0m [2mvllm_coldstart_operator[0m[2m:[0m reconciled exp-fleet-0
[2m2026-07-23T19:05:29.365610Z[0m [32m INFO[0m [2mvllm_coldstart_operator[0m[2m:[0m reconciling VllmService 'exp-fleet-0' in 'default': model=Qwen/Qwen2.5-7B-Instruct replicas=1 strategy=Eager
[2m2026-07-23T19:05:29.374344Z[0m [32m INFO[0m [2mvllm_coldstart_operator[0m[2m:[0m status of 'exp-fleet-0' -> Pending (0/1 ready)
[2m2026-07-23T19:05:29.374407Z[0m [32m INFO[0m [2mvllm_coldstart_operator[0m[2m:[0m reconciled exp-fleet-0
[2m2026-07-23T19:05:34.152994Z[0m [32m INFO[0m [2mvllm_coldstart_operator::fleet_controller[0m[2m:[0m reconciling FleetService 'exp-fleet' in 'default': model=Qwen/Qwen2.5-7B-Instruct replicas=1
[2m2026-07-23T19:05:34.216604Z[0m [32m INFO[0m [2mvllm_coldstart_operator::fleet_controller[0m[2m:[0m FleetService 'exp-fleet': 1 slots placed (1 preserved, 0 newly planned) across 3 candidates
[2m2026-07-23T19:05:34.216678Z[0m [32m INFO[0m [2mvllm_coldstart_operator::fleet_controller[0m[2m:[0m reconciled FleetService exp-fleet
[2m2026-07-23T19:05:34.288972Z[0m [32m INFO[0m [2mvllm_coldstart_operator::fleet_controller[0m[2m:[0m reconciling FleetService 'exp-fleet' in 'default': model=Qwen/Qwen2.5-7B-Instruct replicas=1
[2m2026-07-23T19:05:34.375602Z[0m [32m INFO[0m [2mvllm_coldstart_operator[0m[2m:[0m reconciling VllmService 'exp-fleet-0' in 'default': model=Qwen/Qwen2.5-7B-Instruct replicas=1 strategy=Eager
[2m2026-07-23T19:05:34.385049Z[0m [32m INFO[0m [2mvllm_coldstart_operator[0m[2m:[0m status of 'exp-fleet-0' -> Pending (0/1 ready)
[2m2026-07-23T19:05:34.385124Z[0m [32m INFO[0m [2mvllm_coldstart_operator[0m[2m:[0m reconciled exp-fleet-0
[2m2026-07-23T19:05:34.969588Z[0m [32m INFO[0m [2mvllm_coldstart_operator::fleet_controller[0m[2m:[0m FleetService 'exp-fleet': 1 slots placed (1 preserved, 0 newly planned) across 3 candidates
[2m2026-07-23T19:05:34.969687Z[0m [32m INFO[0m [2mvllm_coldstart_operator::fleet_controller[0m[2m:[0m reconciled FleetService exp-fleet
[2m2026-07-23T19:05:35.293662Z[0m [32m INFO[0m [2mvllm_coldstart_operator::fleet_controller[0m[2m:[0m reconciling FleetService 'exp-fleet' in 'default': model=Qwen/Qwen2.5-7B-Instruct replicas=1
[2m2026-07-23T19:05:36.217129Z[0m [32m INFO[0m [2mvllm_coldstart_operator::fleet_controller[0m[2m:[0m FleetService 'exp-fleet': 1 slots placed (1 preserved, 0 newly planned) across 3 candidates
[2m2026-07-23T19:05:36.217203Z[0m [32m INFO[0m [2mvllm_coldstart_operator::fleet_controller[0m[2m:[0m reconciled FleetService exp-fleet
[2m2026-07-23T19:05:39.387444Z[0m [32m INFO[0m [2mvllm_coldstart_operator[0m[2m:[0m reconciling VllmService 'exp-fleet-0' in 'default': model=Qwen/Qwen2.5-7B-Instruct replicas=1 strategy=Eager
[2m2026-07-23T19:05:39.396120Z[0m [32m INFO[0m [2mvllm_coldstart_operator[0m[2m:[0m status of 'exp-fleet-0' -> Pending (0/1 ready)
[2m2026-07-23T19:05:39.396169Z[0m [32m INFO[0m [2mvllm_coldstart_operator[0m[2m:[0m reconciled exp-fleet-0
[2m2026-07-23T19:05:44.397677Z[0m [32m INFO[0m [2mvllm_coldstart_operator[0m[2m:[0m reconciling VllmService 'exp-fleet-0' in 'default': model=Qwen/Qwen2.5-7B-Instruct replicas=1 strategy=Eager
[2m2026-07-23T19:05:44.406652Z[0m [32m INFO[0m [2mvllm_coldstart_operator[0m[2m:[0m status of 'exp-fleet-0' -> Pending (0/1 ready)
[2m2026-07-23T19:05:44.406843Z[0m [32m INFO[0m [2mvllm_coldstart_operator[0m[2m:[0m reconciled exp-fleet-0
[2m2026-07-23T19:05:49.170311Z[0m [32m INFO[0m [2mvllm_coldstart_operator::fleet_controller[0m[2m:[0m reconciling FleetService 'exp-fleet' in 'default': model=Qwen/Qwen2.5-7B-Instruct replicas=1
[2m2026-07-23T19:05:49.216412Z[0m [32m INFO[0m [2mvllm_coldstart_operator::fleet_controller[0m[2m:[0m FleetService 'exp-fleet': 1 slots placed (1 preserved, 0 newly planned) across 3 candidates
[2m2026-07-23T19:05:49.216593Z[0m [32m INFO[0m [2mvllm_coldstart_operator::fleet_controller[0m[2m:[0m reconciled FleetService exp-fleet
[2m2026-07-23T19:05:49.306977Z[0m [32m INFO[0m [2mvllm_coldstart_operator::fleet_controller[0m[2m:[0m reconciling FleetService 'exp-fleet' in 'default': model=Qwen/Qwen2.5-7B-Instruct replicas=1
[2m2026-07-23T19:05:49.407575Z[0m [32m INFO[0m [2mvllm_coldstart_operator[0m[2m:[0m reconciling VllmService 'exp-fleet-0' in 'default': model=Qwen/Qwen2.5-7B-Instruct replicas=1 strategy=Eager
[2m2026-07-23T19:05:49.416022Z[0m [32m INFO[0m [2mvllm_coldstart_operator[0m[2m:[0m status of 'exp-fleet-0' -> Pending (0/1 ready)
[2m2026-07-23T19:05:49.416090Z[0m [32m INFO[0m [2mvllm_coldstart_operator[0m[2m:[0m reconciled exp-fleet-0
[2m2026-07-23T19:05:50.218076Z[0m [32m INFO[0m [2mvllm_coldstart_operator::fleet_controller[0m[2m:[0m FleetService 'exp-fleet': 1 slots placed (1 preserved, 0 newly planned) across 3 candidates
[2m2026-07-23T19:05:50.218195Z[0m [32m INFO[0m [2mvllm_coldstart_operator::fleet_controller[0m[2m:[0m reconciled FleetService exp-fleet
[2m2026-07-23T19:05:50.393481Z[0m [32m INFO[0m [2mvllm_coldstart_operator::fleet_controller[0m[2m:[0m reconciling FleetService 'exp-fleet' in 'default': model=Qwen/Qwen2.5-7B-Instruct replicas=1
[2m2026-07-23T19:05:50.542440Z[0m [32m INFO[0m [2mvllm_coldstart_operator::fleet_controller[0m[2m:[0m FleetService 'exp-fleet': 1 slots placed (1 preserved, 0 newly planned) across 3 candidates
[2m2026-07-23T19:05:50.542526Z[0m [32m INFO[0m [2mvllm_coldstart_operator::fleet_controller[0m[2m:[0m reconciled FleetService exp-fleet
[2m2026-07-23T19:05:54.417029Z[0m [32m INFO[0m [2mvllm_coldstart_operator[0m[2m:[0m reconciling VllmService 'exp-fleet-0' in 'default': model=Qwen/Qwen2.5-7B-Instruct replicas=1 strategy=Eager
[2m2026-07-23T19:05:54.425675Z[0m [32m INFO[0m [2mvllm_coldstart_operator[0m[2m:[0m status of 'exp-fleet-0' -> Pending (0/1 ready)
[2m2026-07-23T19:05:54.425737Z[0m [32m INFO[0m [2mvllm_coldstart_operator[0m[2m:[0m reconciled exp-fleet-0
[2m2026-07-23T19:05:59.428020Z[0m [32m INFO[0m [2mvllm_coldstart_operator[0m[2m:[0m reconciling VllmService 'exp-fleet-0' in 'default': model=Qwen/Qwen2.5-7B-Instruct replicas=1 strategy=Eager
[2m2026-07-23T19:05:59.436695Z[0m [32m INFO[0m [2mvllm_coldstart_operator[0m[2m:[0m status of 'exp-fleet-0' -> Pending (0/1 ready)
[2m2026-07-23T19:05:59.436776Z[0m [32m INFO[0m [2mvllm_coldstart_operator[0m[2m:[0m reconciled exp-fleet-0
[2m2026-07-23T19:06:04.189666Z[0m [32m INFO[0m [2mvllm_coldstart_operator::fleet_controller[0m[2m:[0m reconciling FleetService 'exp-fleet' in 'default': model=Qwen/Qwen2.5-7B-Instruct replicas=1
[2m2026-07-23T19:06:04.218463Z[0m [32m INFO[0m [2mvllm_coldstart_operator::fleet_controller[0m[2m:[0m FleetService 'exp-fleet': 1 slots placed (1 preserved, 0 newly planned) across 3 candidates
[2m2026-07-23T19:06:04.218543Z[0m [32m INFO[0m [2mvllm_coldstart_operator::fleet_controller[0m[2m:[0m reconciled FleetService exp-fleet
[2m2026-07-23T19:06:04.325738Z[0m [32m INFO[0m [2mvllm_coldstart_operator::fleet_controller[0m[2m:[0m reconciling FleetService 'exp-fleet' in 'default': model=Qwen/Qwen2.5-7B-Instruct replicas=1
[2m2026-07-23T19:06:04.433619Z[0m [32m INFO[0m [2mvllm_coldstart_operator::fleet_controller[0m[2m:[0m FleetService 'exp-fleet': 1 slots placed (1 preserved, 0 newly planned) across 3 candidates
[2m2026-07-23T19:06:04.433704Z[0m [32m INFO[0m [2mvllm_coldstart_operator::fleet_controller[0m[2m:[0m reconciled FleetService exp-fleet
[2m2026-07-23T19:06:04.437730Z[0m [32m INFO[0m [2mvllm_coldstart_operator[0m[2m:[0m reconciling VllmService 'exp-fleet-0' in 'default': model=Qwen/Qwen2.5-7B-Instruct replicas=1 strategy=Eager
[2m2026-07-23T19:06:04.445388Z[0m [32m INFO[0m [2mvllm_coldstart_operator[0m[2m:[0m status of 'exp-fleet-0' -> Pending (0/1 ready)
[2m2026-07-23T19:06:04.445444Z[0m [32m INFO[0m [2mvllm_coldstart_operator[0m[2m:[0m reconciled exp-fleet-0
[2m2026-07-23T19:06:05.412505Z[0m [32m INFO[0m [2mvllm_coldstart_operator::fleet_controller[0m[2m:[0m reconciling FleetService 'exp-fleet' in 'default': model=Qwen/Qwen2.5-7B-Instruct replicas=1
[2m2026-07-23T19:06:06.216662Z[0m [32m INFO[0m [2mvllm_coldstart_operator::fleet_controller[0m[2m:[0m FleetService 'exp-fleet': 1 slots placed (1 preserved, 0 newly planned) across 3 candidates
[2m2026-07-23T19:06:06.216816Z[0m [32m INFO[0m [2mvllm_coldstart_operator::fleet_controller[0m[2m:[0m reconciled FleetService exp-fleet
[2m2026-07-23T19:06:09.447064Z[0m [32m INFO[0m [2mvllm_coldstart_operator[0m[2m:[0m reconciling VllmService 'exp-fleet-0' in 'default': model=Qwen/Qwen2.5-7B-Instruct replicas=1 strategy=Eager
[2m2026-07-23T19:06:09.455988Z[0m [32m INFO[0m [2mvllm_coldstart_operator[0m[2m:[0m status of 'exp-fleet-0' -> Pending (0/1 ready)
[2m2026-07-23T19:06:09.456052Z[0m [32m INFO[0m [2mvllm_coldstart_operator[0m[2m:[0m reconciled exp-fleet-0
[2m2026-07-23T19:06:14.456803Z[0m [32m INFO[0m [2mvllm_coldstart_operator[0m[2m:[0m reconciling VllmService 'exp-fleet-0' in 'default': model=Qwen/Qwen2.5-7B-Instruct replicas=1 strategy=Eager
[2m2026-07-23T19:06:14.466152Z[0m [32m INFO[0m [2mvllm_coldstart_operator[0m[2m:[0m status of 'exp-fleet-0' -> Pending (0/1 ready)
[2m2026-07-23T19:06:14.466386Z[0m [32m INFO[0m [2mvllm_coldstart_operator[0m[2m:[0m reconciled exp-fleet-0
[2m2026-07-23T19:06:19.208122Z[0m [32m INFO[0m [2mvllm_coldstart_operator::fleet_controller[0m[2m:[0m reconciling FleetService 'exp-fleet' in 'default': model=Qwen/Qwen2.5-7B-Instruct replicas=1
[2m2026-07-23T19:06:19.294046Z[0m [32m INFO[0m [2mvllm_coldstart_operator::fleet_controller[0m[2m:[0m FleetService 'exp-fleet': 1 slots placed (1 preserved, 0 newly planned) across 3 candidates
[2m2026-07-23T19:06:19.294191Z[0m [32m INFO[0m [2mvllm_coldstart_operator::fleet_controller[0m[2m:[0m reconciled FleetService exp-fleet
[2m2026-07-23T19:06:19.343353Z[0m [32m INFO[0m [2mvllm_coldstart_operator::fleet_controller[0m[2m:[0m reconciling FleetService 'exp-fleet' in 'default': model=Qwen/Qwen2.5-7B-Instruct replicas=1
[2m2026-07-23T19:06:19.468200Z[0m [32m INFO[0m [2mvllm_coldstart_operator[0m[2m:[0m reconciling VllmService 'exp-fleet-0' in 'default': model=Qwen/Qwen2.5-7B-Instruct replicas=1 strategy=Eager
[2m2026-07-23T19:06:19.476688Z[0m [32m INFO[0m [2mvllm_coldstart_operator[0m[2m:[0m status of 'exp-fleet-0' -> Pending (0/1 ready)
[2m2026-07-23T19:06:19.476807Z[0m [32m INFO[0m [2mvllm_coldstart_operator[0m[2m:[0m reconciled exp-fleet-0
[2m2026-07-23T19:06:19.701927Z[0m [32m INFO[0m [2mvllm_coldstart_operator::fleet_controller[0m[2m:[0m FleetService 'exp-fleet': 1 slots placed (1 preserved, 0 newly planned) across 3 candidates
[2m2026-07-23T19:06:19.702076Z[0m [32m INFO[0m [2mvllm_coldstart_operator::fleet_controller[0m[2m:[0m reconciled FleetService exp-fleet
[2m2026-07-23T19:06:20.428556Z[0m [32m INFO[0m [2mvllm_coldstart_operator::fleet_controller[0m[2m:[0m reconciling FleetService 'exp-fleet' in 'default': model=Qwen/Qwen2.5-7B-Instruct replicas=1
[2m2026-07-23T19:06:21.042943Z[0m [32m INFO[0m [2mvllm_coldstart_operator::fleet_controller[0m[2m:[0m FleetService 'exp-fleet': 1 slots placed (1 preserved, 0 newly planned) across 3 candidates
[2m2026-07-23T19:06:21.043127Z[0m [32m INFO[0m [2mvllm_coldstart_operator::fleet_controller[0m[2m:[0m reconciled FleetService exp-fleet
[2m2026-07-23T19:06:24.477520Z[0m [32m INFO[0m [2mvllm_coldstart_operator[0m[2m:[0m reconciling VllmService 'exp-fleet-0' in 'default': model=Qwen/Qwen2.5-7B-Instruct replicas=1 strategy=Eager
[2m2026-07-23T19:06:24.486372Z[0m [32m INFO[0m [2mvllm_coldstart_operator[0m[2m:[0m status of 'exp-fleet-0' -> Pending (0/1 ready)
[2m2026-07-23T19:06:24.486463Z[0m [32m INFO[0m [2mvllm_coldstart_operator[0m[2m:[0m reconciled exp-fleet-0
[2m2026-07-23T19:06:29.487611Z[0m [32m INFO[0m [2mvllm_coldstart_operator[0m[2m:[0m reconciling VllmService 'exp-fleet-0' in 'default': model=Qwen/Qwen2.5-7B-Instruct replicas=1 strategy=Eager
[2m2026-07-23T19:06:29.496512Z[0m [32m INFO[0m [2mvllm_coldstart_operator[0m[2m:[0m status of 'exp-fleet-0' -> Pending (0/1 ready)
[2m2026-07-23T19:06:29.496614Z[0m [32m INFO[0m [2mvllm_coldstart_operator[0m[2m:[0m reconciled exp-fleet-0
[2m2026-07-23T19:06:34.228079Z[0m [32m INFO[0m [2mvllm_coldstart_operator::fleet_controller[0m[2m:[0m reconciling FleetService 'exp-fleet' in 'default': model=Qwen/Qwen2.5-7B-Instruct replicas=1
[2m2026-07-23T19:06:34.367330Z[0m [32m INFO[0m [2mvllm_coldstart_operator::fleet_controller[0m[2m:[0m FleetService 'exp-fleet': 1 slots placed (1 preserved, 0 newly planned) across 3 candidates
[2m2026-07-23T19:06:34.367413Z[0m [32m INFO[0m [2mvllm_coldstart_operator::fleet_controller[0m[2m:[0m reconciled FleetService exp-fleet
[2m2026-07-23T19:06:34.367452Z[0m [32m INFO[0m [2mvllm_coldstart_operator::fleet_controller[0m[2m:[0m reconciling FleetService 'exp-fleet' in 'default': model=Qwen/Qwen2.5-7B-Instruct replicas=1
[2m2026-07-23T19:06:34.498203Z[0m [32m INFO[0m [2mvllm_coldstart_operator[0m[2m:[0m reconciling VllmService 'exp-fleet-0' in 'default': model=Qwen/Qwen2.5-7B-Instruct replicas=1 strategy=Eager
[2m2026-07-23T19:06:34.507219Z[0m [32m INFO[0m [2mvllm_coldstart_operator[0m[2m:[0m status of 'exp-fleet-0' -> Pending (0/1 ready)
[2m2026-07-23T19:06:34.507286Z[0m [32m INFO[0m [2mvllm_coldstart_operator[0m[2m:[0m reconciled exp-fleet-0
[2m2026-07-23T19:06:34.931520Z[0m [32m INFO[0m [2mvllm_coldstart_operator::fleet_controller[0m[2m:[0m FleetService 'exp-fleet': 1 slots placed (1 preserved, 0 newly planned) across 3 candidates
[2m2026-07-23T19:06:34.931593Z[0m [32m INFO[0m [2mvllm_coldstart_operator::fleet_controller[0m[2m:[0m reconciled FleetService exp-fleet
[2m2026-07-23T19:06:35.443551Z[0m [32m INFO[0m [2mvllm_coldstart_operator::fleet_controller[0m[2m:[0m reconciling FleetService 'exp-fleet' in 'default': model=Qwen/Qwen2.5-7B-Instruct replicas=1
[2m2026-07-23T19:06:35.607852Z[0m [32m INFO[0m [2mvllm_coldstart_operator::fleet_controller[0m[2m:[0m FleetService 'exp-fleet': 1 slots placed (1 preserved, 0 newly planned) across 3 candidates
[2m2026-07-23T19:06:35.608075Z[0m [32m INFO[0m [2mvllm_coldstart_operator::fleet_controller[0m[2m:[0m reconciled FleetService exp-fleet
[2m2026-07-23T19:06:39.509230Z[0m [32m INFO[0m [2mvllm_coldstart_operator[0m[2m:[0m reconciling VllmService 'exp-fleet-0' in 'default': model=Qwen/Qwen2.5-7B-Instruct replicas=1 strategy=Eager
[2m2026-07-23T19:06:39.518327Z[0m [32m INFO[0m [2mvllm_coldstart_operator[0m[2m:[0m status of 'exp-fleet-0' -> Pending (0/1 ready)
[2m2026-07-23T19:06:39.518493Z[0m [32m INFO[0m [2mvllm_coldstart_operator[0m[2m:[0m reconciled exp-fleet-0
[2m2026-07-23T19:06:44.519713Z[0m [32m INFO[0m [2mvllm_coldstart_operator[0m[2m:[0m reconciling VllmService 'exp-fleet-0' in 'default': model=Qwen/Qwen2.5-7B-Instruct replicas=1 strategy=Eager
[2m2026-07-23T19:06:44.528262Z[0m [32m INFO[0m [2mvllm_coldstart_operator[0m[2m:[0m status of 'exp-fleet-0' -> Pending (0/1 ready)
[2m2026-07-23T19:06:44.528350Z[0m [32m INFO[0m [2mvllm_coldstart_operator[0m[2m:[0m reconciled exp-fleet-0
[2m2026-07-23T19:06:49.246620Z[0m [32m INFO[0m [2mvllm_coldstart_operator::fleet_controller[0m[2m:[0m reconciling FleetService 'exp-fleet' in 'default': model=Qwen/Qwen2.5-7B-Instruct replicas=1
[2m2026-07-23T19:06:49.386895Z[0m [32m INFO[0m [2mvllm_coldstart_operator::fleet_controller[0m[2m:[0m FleetService 'exp-fleet': 1 slots placed (1 preserved, 0 newly planned) across 3 candidates
[2m2026-07-23T19:06:49.387103Z[0m [32m INFO[0m [2mvllm_coldstart_operator::fleet_controller[0m[2m:[0m reconciled FleetService exp-fleet
[2m2026-07-23T19:06:49.387148Z[0m [32m INFO[0m [2mvllm_coldstart_operator::fleet_controller[0m[2m:[0m reconciling FleetService 'exp-fleet' in 'default': model=Qwen/Qwen2.5-7B-Instruct replicas=1
[2m2026-07-23T19:06:49.529815Z[0m [32m INFO[0m [2mvllm_coldstart_operator[0m[2m:[0m reconciling VllmService 'exp-fleet-0' in 'default': model=Qwen/Qwen2.5-7B-Instruct replicas=1 strategy=Eager
[2m2026-07-23T19:06:49.538864Z[0m [32m INFO[0m [2mvllm_coldstart_operator[0m[2m:[0m status of 'exp-fleet-0' -> Pending (0/1 ready)
[2m2026-07-23T19:06:49.538955Z[0m [32m INFO[0m [2mvllm_coldstart_operator[0m[2m:[0m reconciled exp-fleet-0
[2m2026-07-23T19:06:49.679075Z[0m [32m INFO[0m [2mvllm_coldstart_operator::fleet_controller[0m[2m:[0m FleetService 'exp-fleet': 1 slots placed (1 preserved, 0 newly planned) across 3 candidates
[2m2026-07-23T19:06:49.679325Z[0m [32m INFO[0m [2mvllm_coldstart_operator::fleet_controller[0m[2m:[0m reconciled FleetService exp-fleet
[2m2026-07-23T19:06:50.459846Z[0m [32m INFO[0m [2mvllm_coldstart_operator::fleet_controller[0m[2m:[0m reconciling FleetService 'exp-fleet' in 'default': model=Qwen/Qwen2.5-7B-Instruct replicas=1
[2m2026-07-23T19:06:51.217126Z[0m [32m INFO[0m [2mvllm_coldstart_operator::fleet_controller[0m[2m:[0m FleetService 'exp-fleet': 1 slots placed (1 preserved, 0 newly planned) across 3 candidates
[2m2026-07-23T19:06:51.217272Z[0m [32m INFO[0m [2mvllm_coldstart_operator::fleet_controller[0m[2m:[0m reconciled FleetService exp-fleet
[2m2026-07-23T19:06:54.540034Z[0m [32m INFO[0m [2mvllm_coldstart_operator[0m[2m:[0m reconciling VllmService 'exp-fleet-0' in 'default': model=Qwen/Qwen2.5-7B-Instruct replicas=1 strategy=Eager
[2m2026-07-23T19:06:54.549120Z[0m [32m INFO[0m [2mvllm_coldstart_operator[0m[2m:[0m status of 'exp-fleet-0' -> Pending (0/1 ready)
[2m2026-07-23T19:06:54.549298Z[0m [32m INFO[0m [2mvllm_coldstart_operator[0m[2m:[0m reconciled exp-fleet-0
[2m2026-07-23T19:06:59.551003Z[0m [32m INFO[0m [2mvllm_coldstart_operator[0m[2m:[0m reconciling VllmService 'exp-fleet-0' in 'default': model=Qwen/Qwen2.5-7B-Instruct replicas=1 strategy=Eager
[2m2026-07-23T19:06:59.559872Z[0m [32m INFO[0m [2mvllm_coldstart_operator[0m[2m:[0m status of 'exp-fleet-0' -> Pending (0/1 ready)
[2m2026-07-23T19:06:59.559961Z[0m [32m INFO[0m [2mvllm_coldstart_operator[0m[2m:[0m reconciled exp-fleet-0
[2m2026-07-23T19:07:04.266641Z[0m [32m INFO[0m [2mvllm_coldstart_operator::fleet_controller[0m[2m:[0m reconciling FleetService 'exp-fleet' in 'default': model=Qwen/Qwen2.5-7B-Instruct replicas=1
[2m2026-07-23T19:07:04.404091Z[0m [32m INFO[0m [2mvllm_coldstart_operator::fleet_controller[0m[2m:[0m FleetService 'exp-fleet': 1 slots placed (1 preserved, 0 newly planned) across 3 candidates
[2m2026-07-23T19:07:04.404285Z[0m [32m INFO[0m [2mvllm_coldstart_operator::fleet_controller[0m[2m:[0m reconciled FleetService exp-fleet
[2m2026-07-23T19:07:04.404327Z[0m [32m INFO[0m [2mvllm_coldstart_operator::fleet_controller[0m[2m:[0m reconciling FleetService 'exp-fleet' in 'default': model=Qwen/Qwen2.5-7B-Instruct replicas=1
[2m2026-07-23T19:07:04.560822Z[0m [32m INFO[0m [2mvllm_coldstart_operator[0m[2m:[0m reconciling VllmService 'exp-fleet-0' in 'default': model=Qwen/Qwen2.5-7B-Instruct replicas=1 strategy=Eager
[2m2026-07-23T19:07:04.569430Z[0m [32m INFO[0m [2mvllm_coldstart_operator[0m[2m:[0m status of 'exp-fleet-0' -> Pending (0/1 ready)
[2m2026-07-23T19:07:04.569503Z[0m [32m INFO[0m [2mvllm_coldstart_operator[0m[2m:[0m reconciled exp-fleet-0
[2m2026-07-23T19:07:04.967929Z[0m [32m INFO[0m [2mvllm_coldstart_operator::fleet_controller[0m[2m:[0m FleetService 'exp-fleet': 1 slots placed (1 preserved, 0 newly planned) across 3 candidates
[2m2026-07-23T19:07:04.968029Z[0m [32m INFO[0m [2mvllm_coldstart_operator::fleet_controller[0m[2m:[0m reconciled FleetService exp-fleet
[2m2026-07-23T19:07:05.479089Z[0m [32m INFO[0m [2mvllm_coldstart_operator::fleet_controller[0m[2m:[0m reconciling FleetService 'exp-fleet' in 'default': model=Qwen/Qwen2.5-7B-Instruct replicas=1
[2m2026-07-23T19:07:05.592618Z[0m [32m INFO[0m [2mvllm_coldstart_operator::fleet_controller[0m[2m:[0m FleetService 'exp-fleet': 1 slots placed (1 preserved, 0 newly planned) across 3 candidates
[2m2026-07-23T19:07:05.592691Z[0m [32m INFO[0m [2mvllm_coldstart_operator::fleet_controller[0m[2m:[0m reconciled FleetService exp-fleet
[2m2026-07-23T19:07:09.571776Z[0m [32m INFO[0m [2mvllm_coldstart_operator[0m[2m:[0m reconciling VllmService 'exp-fleet-0' in 'default': model=Qwen/Qwen2.5-7B-Instruct replicas=1 strategy=Eager
[2m2026-07-23T19:07:09.580704Z[0m [32m INFO[0m [2mvllm_coldstart_operator[0m[2m:[0m status of 'exp-fleet-0' -> Pending (0/1 ready)
[2m2026-07-23T19:07:09.580768Z[0m [32m INFO[0m [2mvllm_coldstart_operator[0m[2m:[0m reconciled exp-fleet-0
[2m2026-07-23T19:07:14.581970Z[0m [32m INFO[0m [2mvllm_coldstart_operator[0m[2m:[0m reconciling VllmService 'exp-fleet-0' in 'default': model=Qwen/Qwen2.5-7B-Instruct replicas=1 strategy=Eager
[2m2026-07-23T19:07:14.590697Z[0m [32m INFO[0m [2mvllm_coldstart_operator[0m[2m:[0m status of 'exp-fleet-0' -> Pending (0/1 ready)
[2m2026-07-23T19:07:14.590758Z[0m [32m INFO[0m [2mvllm_coldstart_operator[0m[2m:[0m reconciled exp-fleet-0
[2m2026-07-23T19:07:19.286034Z[0m [32m INFO[0m [2mvllm_coldstart_operator::fleet_controller[0m[2m:[0m reconciling FleetService 'exp-fleet' in 'default': model=Qwen/Qwen2.5-7B-Instruct replicas=1
[2m2026-07-23T19:07:19.423609Z[0m [32m INFO[0m [2mvllm_coldstart_operator::fleet_controller[0m[2m:[0m FleetService 'exp-fleet': 1 slots placed (1 preserved, 0 newly planned) across 3 candidates
[2m2026-07-23T19:07:19.423676Z[0m [32m INFO[0m [2mvllm_coldstart_operator::fleet_controller[0m[2m:[0m reconciled FleetService exp-fleet
[2m2026-07-23T19:07:19.423702Z[0m [32m INFO[0m [2mvllm_coldstart_operator::fleet_controller[0m[2m:[0m reconciling FleetService 'exp-fleet' in 'default': model=Qwen/Qwen2.5-7B-Instruct replicas=1
[2m2026-07-23T19:07:19.591600Z[0m [32m INFO[0m [2mvllm_coldstart_operator[0m[2m:[0m reconciling VllmService 'exp-fleet-0' in 'default': model=Qwen/Qwen2.5-7B-Instruct replicas=1 strategy=Eager
[2m2026-07-23T19:07:19.602072Z[0m [32m INFO[0m [2mvllm_coldstart_operator[0m[2m:[0m status of 'exp-fleet-0' -> Pending (0/1 ready)
[2m2026-07-23T19:07:19.602138Z[0m [32m INFO[0m [2mvllm_coldstart_operator[0m[2m:[0m reconciled exp-fleet-0
[2m2026-07-23T19:07:20.217135Z[0m [32m INFO[0m [2mvllm_coldstart_operator::fleet_controller[0m[2m:[0m FleetService 'exp-fleet': 1 slots placed (1 preserved, 0 newly planned) across 3 candidates
[2m2026-07-23T19:07:20.217207Z[0m [32m INFO[0m [2mvllm_coldstart_operator::fleet_controller[0m[2m:[0m reconciled FleetService exp-fleet
[2m2026-07-23T19:07:20.496188Z[0m [32m INFO[0m [2mvllm_coldstart_operator::fleet_controller[0m[2m:[0m reconciling FleetService 'exp-fleet' in 'default': model=Qwen/Qwen2.5-7B-Instruct replicas=1
[2m2026-07-23T19:07:20.740881Z[0m [32m INFO[0m [2mvllm_coldstart_operator::fleet_controller[0m[2m:[0m FleetService 'exp-fleet': 1 slots placed (1 preserved, 0 newly planned) across 3 candidates
[2m2026-07-23T19:07:20.740989Z[0m [32m INFO[0m [2mvllm_coldstart_operator::fleet_controller[0m[2m:[0m reconciled FleetService exp-fleet
[2m2026-07-23T19:07:24.604121Z[0m [32m INFO[0m [2mvllm_coldstart_operator[0m[2m:[0m reconciling VllmService 'exp-fleet-0' in 'default': model=Qwen/Qwen2.5-7B-Instruct replicas=1 strategy=Eager
[2m2026-07-23T19:07:24.613164Z[0m [32m INFO[0m [2mvllm_coldstart_operator[0m[2m:[0m status of 'exp-fleet-0' -> Pending (0/1 ready)
[2m2026-07-23T19:07:24.613239Z[0m [32m INFO[0m [2mvllm_coldstart_operator[0m[2m:[0m reconciled exp-fleet-0
[2m2026-07-23T19:07:29.615449Z[0m [32m INFO[0m [2mvllm_coldstart_operator[0m[2m:[0m reconciling VllmService 'exp-fleet-0' in 'default': model=Qwen/Qwen2.5-7B-Instruct replicas=1 strategy=Eager
[2m2026-07-23T19:07:29.624698Z[0m [32m INFO[0m [2mvllm_coldstart_operator[0m[2m:[0m status of 'exp-fleet-0' -> Pending (0/1 ready)
[2m2026-07-23T19:07:29.624772Z[0m [32m INFO[0m [2mvllm_coldstart_operator[0m[2m:[0m reconciled exp-fleet-0
[2m2026-07-23T19:07:34.304647Z[0m [32m INFO[0m [2mvllm_coldstart_operator::fleet_controller[0m[2m:[0m reconciling FleetService 'exp-fleet' in 'default': model=Qwen/Qwen2.5-7B-Instruct replicas=1
[2m2026-07-23T19:07:34.438895Z[0m [32m INFO[0m [2mvllm_coldstart_operator::fleet_controller[0m[2m:[0m FleetService 'exp-fleet': 1 slots placed (1 preserved, 0 newly planned) across 3 candidates
[2m2026-07-23T19:07:34.438980Z[0m [32m INFO[0m [2mvllm_coldstart_operator::fleet_controller[0m[2m:[0m reconciled FleetService exp-fleet
[2m2026-07-23T19:07:34.439020Z[0m [32m INFO[0m [2mvllm_coldstart_operator::fleet_controller[0m[2m:[0m reconciling FleetService 'exp-fleet' in 'default': model=Qwen/Qwen2.5-7B-Instruct replicas=1
[2m2026-07-23T19:07:34.625779Z[0m [32m INFO[0m [2mvllm_coldstart_operator[0m[2m:[0m reconciling VllmService 'exp-fleet-0' in 'default': model=Qwen/Qwen2.5-7B-Instruct replicas=1 strategy=Eager
[2m2026-07-23T19:07:34.634568Z[0m [32m INFO[0m [2mvllm_coldstart_operator[0m[2m:[0m status of 'exp-fleet-0' -> Pending (0/1 ready)
[2m2026-07-23T19:07:34.634638Z[0m [32m INFO[0m [2mvllm_coldstart_operator[0m[2m:[0m reconciled exp-fleet-0
[2m2026-07-23T19:07:34.969013Z[0m [32m INFO[0m [2mvllm_coldstart_operator::fleet_controller[0m[2m:[0m FleetService 'exp-fleet': 1 slots placed (1 preserved, 0 newly planned) across 3 candidates
[2m2026-07-23T19:07:34.969117Z[0m [32m INFO[0m [2mvllm_coldstart_operator::fleet_controller[0m[2m:[0m reconciled FleetService exp-fleet
[2m2026-07-23T19:07:35.514525Z[0m [32m INFO[0m [2mvllm_coldstart_operator::fleet_controller[0m[2m:[0m reconciling FleetService 'exp-fleet' in 'default': model=Qwen/Qwen2.5-7B-Instruct replicas=1
[2m2026-07-23T19:07:36.041205Z[0m [32m INFO[0m [2mvllm_coldstart_operator::fleet_controller[0m[2m:[0m FleetService 'exp-fleet': 1 slots placed (1 preserved, 0 newly planned) across 3 candidates
[2m2026-07-23T19:07:36.041296Z[0m [32m INFO[0m [2mvllm_coldstart_operator::fleet_controller[0m[2m:[0m reconciled FleetService exp-fleet
[2m2026-07-23T19:07:39.635946Z[0m [32m INFO[0m [2mvllm_coldstart_operator[0m[2m:[0m reconciling VllmService 'exp-fleet-0' in 'default': model=Qwen/Qwen2.5-7B-Instruct replicas=1 strategy=Eager
[2m2026-07-23T19:07:39.645609Z[0m [32m INFO[0m [2mvllm_coldstart_operator[0m[2m:[0m status of 'exp-fleet-0' -> Pending (0/1 ready)
[2m2026-07-23T19:07:39.645676Z[0m [32m INFO[0m [2mvllm_coldstart_operator[0m[2m:[0m reconciled exp-fleet-0
[2m2026-07-23T19:07:44.646760Z[0m [32m INFO[0m [2mvllm_coldstart_operator[0m[2m:[0m reconciling VllmService 'exp-fleet-0' in 'default': model=Qwen/Qwen2.5-7B-Instruct replicas=1 strategy=Eager
[2m2026-07-23T19:07:44.655689Z[0m [32m INFO[0m [2mvllm_coldstart_operator[0m[2m:[0m status of 'exp-fleet-0' -> Pending (0/1 ready)
[2m2026-07-23T19:07:44.655747Z[0m [32m INFO[0m [2mvllm_coldstart_operator[0m[2m:[0m reconciled exp-fleet-0
[2m2026-07-23T19:07:49.323685Z[0m [32m INFO[0m [2mvllm_coldstart_operator::fleet_controller[0m[2m:[0m reconciling FleetService 'exp-fleet' in 'default': model=Qwen/Qwen2.5-7B-Instruct replicas=1
[2m2026-07-23T19:07:49.456145Z[0m [32m INFO[0m [2mvllm_coldstart_operator::fleet_controller[0m[2m:[0m FleetService 'exp-fleet': 1 slots placed (1 preserved, 0 newly planned) across 3 candidates
[2m2026-07-23T19:07:49.456220Z[0m [32m INFO[0m [2mvllm_coldstart_operator::fleet_controller[0m[2m:[0m reconciled FleetService exp-fleet
[2m2026-07-23T19:07:49.456373Z[0m [32m INFO[0m [2mvllm_coldstart_operator::fleet_controller[0m[2m:[0m reconciling FleetService 'exp-fleet' in 'default': model=Qwen/Qwen2.5-7B-Instruct replicas=1
[2m2026-07-23T19:07:49.657069Z[0m [32m INFO[0m [2mvllm_coldstart_operator[0m[2m:[0m reconciling VllmService 'exp-fleet-0' in 'default': model=Qwen/Qwen2.5-7B-Instruct replicas=1 strategy=Eager
[2m2026-07-23T19:07:49.665985Z[0m [32m INFO[0m [2mvllm_coldstart_operator[0m[2m:[0m status of 'exp-fleet-0' -> Pending (0/1 ready)
[2m2026-07-23T19:07:49.666058Z[0m [32m INFO[0m [2mvllm_coldstart_operator[0m[2m:[0m reconciled exp-fleet-0
[2m2026-07-23T19:07:50.216790Z[0m [32m INFO[0m [2mvllm_coldstart_operator::fleet_controller[0m[2m:[0m FleetService 'exp-fleet': 1 slots placed (1 preserved, 0 newly planned) across 3 candidates
[2m2026-07-23T19:07:50.216897Z[0m [32m INFO[0m [2mvllm_coldstart_operator::fleet_controller[0m[2m:[0m reconciled FleetService exp-fleet
[2m2026-07-23T19:07:50.532219Z[0m [32m INFO[0m [2mvllm_coldstart_operator::fleet_controller[0m[2m:[0m reconciling FleetService 'exp-fleet' in 'default': model=Qwen/Qwen2.5-7B-Instruct replicas=1
[2m2026-07-23T19:07:50.971262Z[0m [32m INFO[0m [2mvllm_coldstart_operator::fleet_controller[0m[2m:[0m FleetService 'exp-fleet': 1 slots placed (1 preserved, 0 newly planned) across 3 candidates
[2m2026-07-23T19:07:50.971346Z[0m [32m INFO[0m [2mvllm_coldstart_operator::fleet_controller[0m[2m:[0m reconciled FleetService exp-fleet
[2m2026-07-23T19:07:54.667127Z[0m [32m INFO[0m [2mvllm_coldstart_operator[0m[2m:[0m reconciling VllmService 'exp-fleet-0' in 'default': model=Qwen/Qwen2.5-7B-Instruct replicas=1 strategy=Eager
[2m2026-07-23T19:07:54.675953Z[0m [32m INFO[0m [2mvllm_coldstart_operator[0m[2m:[0m status of 'exp-fleet-0' -> Pending (0/1 ready)
[2m2026-07-23T19:07:54.676022Z[0m [32m INFO[0m [2mvllm_coldstart_operator[0m[2m:[0m reconciled exp-fleet-0
[2m2026-07-23T19:07:59.676704Z[0m [32m INFO[0m [2mvllm_coldstart_operator[0m[2m:[0m reconciling VllmService 'exp-fleet-0' in 'default': model=Qwen/Qwen2.5-7B-Instruct replicas=1 strategy=Eager
[2m2026-07-23T19:07:59.685819Z[0m [32m INFO[0m [2mvllm_coldstart_operator[0m[2m:[0m status of 'exp-fleet-0' -> Pending (0/1 ready)
[2m2026-07-23T19:07:59.685879Z[0m [32m INFO[0m [2mvllm_coldstart_operator[0m[2m:[0m reconciled exp-fleet-0
[2m2026-07-23T19:08:04.342374Z[0m [32m INFO[0m [2mvllm_coldstart_operator::fleet_controller[0m[2m:[0m reconciling FleetService 'exp-fleet' in 'default': model=Qwen/Qwen2.5-7B-Instruct replicas=1
[2m2026-07-23T19:08:04.473082Z[0m [32m INFO[0m [2mvllm_coldstart_operator::fleet_controller[0m[2m:[0m FleetService 'exp-fleet': 1 slots placed (1 preserved, 0 newly planned) across 3 candidates
[2m2026-07-23T19:08:04.473161Z[0m [32m INFO[0m [2mvllm_coldstart_operator::fleet_controller[0m[2m:[0m reconciled FleetService exp-fleet
[2m2026-07-23T19:08:04.473316Z[0m [32m INFO[0m [2mvllm_coldstart_operator::fleet_controller[0m[2m:[0m reconciling FleetService 'exp-fleet' in 'default': model=Qwen/Qwen2.5-7B-Instruct replicas=1
[2m2026-07-23T19:08:04.687119Z[0m [32m INFO[0m [2mvllm_coldstart_operator[0m[2m:[0m reconciling VllmService 'exp-fleet-0' in 'default': model=Qwen/Qwen2.5-7B-Instruct replicas=1 strategy=Eager
[2m2026-07-23T19:08:04.695988Z[0m [32m INFO[0m [2mvllm_coldstart_operator[0m[2m:[0m status of 'exp-fleet-0' -> Pending (0/1 ready)
[2m2026-07-23T19:08:04.696060Z[0m [32m INFO[0m [2mvllm_coldstart_operator[0m[2m:[0m reconciled exp-fleet-0
[2m2026-07-23T19:08:04.969330Z[0m [32m INFO[0m [2mvllm_coldstart_operator::fleet_controller[0m[2m:[0m FleetService 'exp-fleet': 1 slots placed (1 preserved, 0 newly planned) across 3 candidates
[2m2026-07-23T19:08:04.969415Z[0m [32m INFO[0m [2mvllm_coldstart_operator::fleet_controller[0m[2m:[0m reconciled FleetService exp-fleet
[2m2026-07-23T19:08:05.594593Z[0m [32m INFO[0m [2mvllm_coldstart_operator::fleet_controller[0m[2m:[0m reconciling FleetService 'exp-fleet' in 'default': model=Qwen/Qwen2.5-7B-Instruct replicas=1
[2m2026-07-23T19:08:06.216712Z[0m [32m INFO[0m [2mvllm_coldstart_operator::fleet_controller[0m[2m:[0m FleetService 'exp-fleet': 1 slots placed (1 preserved, 0 newly planned) across 3 candidates
[2m2026-07-23T19:08:06.216937Z[0m [32m INFO[0m [2mvllm_coldstart_operator::fleet_controller[0m[2m:[0m reconciled FleetService exp-fleet
[2m2026-07-23T19:08:09.697459Z[0m [32m INFO[0m [2mvllm_coldstart_operator[0m[2m:[0m reconciling VllmService 'exp-fleet-0' in 'default': model=Qwen/Qwen2.5-7B-Instruct replicas=1 strategy=Eager
[2m2026-07-23T19:08:09.706370Z[0m [32m INFO[0m [2mvllm_coldstart_operator[0m[2m:[0m status of 'exp-fleet-0' -> Pending (0/1 ready)
[2m2026-07-23T19:08:09.706433Z[0m [32m INFO[0m [2mvllm_coldstart_operator[0m[2m:[0m reconciled exp-fleet-0
[2m2026-07-23T19:08:14.707624Z[0m [32m INFO[0m [2mvllm_coldstart_operator[0m[2m:[0m reconciling VllmService 'exp-fleet-0' in 'default': model=Qwen/Qwen2.5-7B-Instruct replicas=1 strategy=Eager
[2m2026-07-23T19:08:14.716846Z[0m [32m INFO[0m [2mvllm_coldstart_operator[0m[2m:[0m status of 'exp-fleet-0' -> Pending (0/1 ready)
[2m2026-07-23T19:08:14.717045Z[0m [32m INFO[0m [2mvllm_coldstart_operator[0m[2m:[0m reconciled exp-fleet-0
[2m2026-07-23T19:08:19.359792Z[0m [32m INFO[0m [2mvllm_coldstart_operator::fleet_controller[0m[2m:[0m reconciling FleetService 'exp-fleet' in 'default': model=Qwen/Qwen2.5-7B-Instruct replicas=1
[2m2026-07-23T19:08:19.491138Z[0m [32m INFO[0m [2mvllm_coldstart_operator::fleet_controller[0m[2m:[0m FleetService 'exp-fleet': 1 slots placed (1 preserved, 0 newly planned) across 3 candidates
[2m2026-07-23T19:08:19.491225Z[0m [32m INFO[0m [2mvllm_coldstart_operator::fleet_controller[0m[2m:[0m reconciled FleetService exp-fleet
[2m2026-07-23T19:08:19.491289Z[0m [32m INFO[0m [2mvllm_coldstart_operator::fleet_controller[0m[2m:[0m reconciling FleetService 'exp-fleet' in 'default': model=Qwen/Qwen2.5-7B-Instruct replicas=1
[2m2026-07-23T19:08:19.718024Z[0m [32m INFO[0m [2mvllm_coldstart_operator[0m[2m:[0m reconciling VllmService 'exp-fleet-0' in 'default': model=Qwen/Qwen2.5-7B-Instruct replicas=1 strategy=Eager
[2m2026-07-23T19:08:19.726906Z[0m [32m INFO[0m [2mvllm_coldstart_operator[0m[2m:[0m status of 'exp-fleet-0' -> Pending (0/1 ready)
[2m2026-07-23T19:08:19.727055Z[0m [32m INFO[0m [2mvllm_coldstart_operator[0m[2m:[0m reconciled exp-fleet-0
[2m2026-07-23T19:08:20.217207Z[0m [32m INFO[0m [2mvllm_coldstart_operator::fleet_controller[0m[2m:[0m FleetService 'exp-fleet': 1 slots placed (1 preserved, 0 newly planned) across 3 candidates
[2m2026-07-23T19:08:20.217426Z[0m [32m INFO[0m [2mvllm_coldstart_operator::fleet_controller[0m[2m:[0m reconciled FleetService exp-fleet
[2m2026-07-23T19:08:20.615585Z[0m [32m INFO[0m [2mvllm_coldstart_operator::fleet_controller[0m[2m:[0m reconciling FleetService 'exp-fleet' in 'default': model=Qwen/Qwen2.5-7B-Instruct replicas=1
[2m2026-07-23T19:08:21.216714Z[0m [32m INFO[0m [2mvllm_coldstart_operator::fleet_controller[0m[2m:[0m FleetService 'exp-fleet': 1 slots placed (1 preserved, 0 newly planned) across 3 candidates
[2m2026-07-23T19:08:21.216859Z[0m [32m INFO[0m [2mvllm_coldstart_operator::fleet_controller[0m[2m:[0m reconciled FleetService exp-fleet
[2m2026-07-23T19:08:23.103664Z[0m [32m INFO[0m [2mvllm_coldstart_operator::fleet_controller[0m[2m:[0m reconciling FleetService 'exp-fleet' in 'default': model=Qwen/Qwen2.5-7B-Instruct replicas=1
[2m2026-07-23T19:08:23.210431Z[0m [32m INFO[0m [2mvllm_coldstart_operator::fleet_controller[0m[2m:[0m FleetService 'exp-fleet': preemption notice on '157-151-148-27' — rescheduling slot 0 to '129-159-182-206'
[2m2026-07-23T19:08:23.214880Z[0m [32m INFO[0m [2mvllm_coldstart_operator[0m[2m:[0m reconciling VllmService 'exp-fleet-0' in 'default': model=Qwen/Qwen2.5-7B-Instruct replicas=1 strategy=Eager
[2m2026-07-23T19:08:23.216482Z[0m [32m INFO[0m [2mvllm_coldstart_operator::fleet_controller[0m[2m:[0m FleetService 'exp-fleet': 1 slots placed (1 preserved, 0 newly planned) across 3 candidates
[2m2026-07-23T19:08:23.216635Z[0m [32m INFO[0m [2mvllm_coldstart_operator::fleet_controller[0m[2m:[0m reconciled FleetService exp-fleet
[2m2026-07-23T19:08:23.216672Z[0m [32m INFO[0m [2mvllm_coldstart_operator::fleet_controller[0m[2m:[0m reconciling FleetService 'exp-fleet' in 'default': model=Qwen/Qwen2.5-7B-Instruct replicas=1
[2m2026-07-23T19:08:23.223025Z[0m [32m INFO[0m [2mvllm_coldstart_operator[0m[2m:[0m status of 'exp-fleet-0' -> Pending (0/1 ready)
[2m2026-07-23T19:08:23.223151Z[0m [32m INFO[0m [2mvllm_coldstart_operator[0m[2m:[0m reconciled exp-fleet-0
[2m2026-07-23T19:08:23.223183Z[0m [32m INFO[0m [2mvllm_coldstart_operator[0m[2m:[0m reconciling VllmService 'exp-fleet-0' in 'default': model=Qwen/Qwen2.5-7B-Instruct replicas=1 strategy=Eager
[2m2026-07-23T19:08:23.230414Z[0m [32m INFO[0m [2mvllm_coldstart_operator[0m[2m:[0m status of 'exp-fleet-0' -> Pending (0/1 ready)
[2m2026-07-23T19:08:23.230551Z[0m [32m INFO[0m [2mvllm_coldstart_operator[0m[2m:[0m reconciled exp-fleet-0
[2m2026-07-23T19:08:23.230572Z[0m [32m INFO[0m [2mvllm_coldstart_operator[0m[2m:[0m reconciling VllmService 'exp-fleet-0' in 'default': model=Qwen/Qwen2.5-7B-Instruct replicas=1 strategy=Eager
[2m2026-07-23T19:08:23.237840Z[0m [32m INFO[0m [2mvllm_coldstart_operator[0m[2m:[0m status of 'exp-fleet-0' -> Pending (0/1 ready)
[2m2026-07-23T19:08:23.237933Z[0m [32m INFO[0m [2mvllm_coldstart_operator[0m[2m:[0m reconciled exp-fleet-0
[2m2026-07-23T19:08:23.917397Z[0m [32m INFO[0m [2mvllm_coldstart_operator[0m[2m:[0m reconciling VllmService 'exp-fleet-0' in 'default': model=Qwen/Qwen2.5-7B-Instruct replicas=1 strategy=Eager
[2m2026-07-23T19:08:23.917513Z[0m [33m WARN[0m [2mvllm_coldstart_operator::fleet_controller[0m[2m:[0m FleetService 'exp-fleet' reconcile failed: Kube(Api(ErrorResponse { status: "Failure", message: "fleetservices.inference.michelecampi.dev \"exp-fleet\" not found", reason: "NotFound", code: 404 }))
[2m2026-07-23T19:08:23.917533Z[0m [33m WARN[0m [2mvllm_coldstart_operator::fleet_controller[0m[2m:[0m fleet reconcile loop error: ReconcilerFailed(Kube(Api(ErrorResponse { status: "Failure", message: "fleetservices.inference.michelecampi.dev \"exp-fleet\" not found", reason: "NotFound", code: 404 })), ObjectRef { dyntype: ApiResource { group: "inference.michelecampi.dev", version: "v1alpha1", api_version: "inference.michelecampi.dev/v1alpha1", kind: "FleetService", plural: "fleetservices" }, name: "exp-fleet", namespace: Some("default"), extra: Extra { resource_version: None, uid: Some("39181751-054a-4dd9-8c0e-5cf69fca27f6") } })
[2m2026-07-23T19:08:23.917551Z[0m [33m WARN[0m [2mvllm_coldstart_operator::fleet_controller[0m[2m:[0m fleet reconcile loop error: ObjectNotFound(ObjectRef { dyntype: ApiResource { group: "inference.michelecampi.dev", version: "v1alpha1", api_version: "inference.michelecampi.dev/v1alpha1", kind: "FleetService", plural: "fleetservices" }, name: "exp-fleet", namespace: Some("default"), extra: Extra { resource_version: Some("8289"), uid: Some("39181751-054a-4dd9-8c0e-5cf69fca27f6") } })
[2m2026-07-23T19:08:23.922571Z[0m [33m WARN[0m [2mvllm_coldstart_operator::fleet_controller[0m[2m:[0m fleet reconcile loop error: ObjectNotFound(ObjectRef { dyntype: ApiResource { group: "inference.michelecampi.dev", version: "v1alpha1", api_version: "inference.michelecampi.dev/v1alpha1", kind: "FleetService", plural: "fleetservices" }, name: "exp-fleet", namespace: Some("default"), extra: Extra { resource_version: None, uid: Some("39181751-054a-4dd9-8c0e-5cf69fca27f6") } })
[2m2026-07-23T19:08:23.928487Z[0m [33m WARN[0m [2mvllm_coldstart_operator[0m[2m:[0m reconcile failed: Kube API error: ApiError: vllmservices.inference.michelecampi.dev "exp-fleet-0" not found: NotFound (ErrorResponse { status: "Failure", message: "vllmservices.inference.michelecampi.dev \"exp-fleet-0\" not found", reason: "NotFound", code: 404 })
[2m2026-07-23T19:08:23.928527Z[0m [33m WARN[0m [2mvllm_coldstart_operator[0m[2m:[0m reconcile loop error: ReconcilerFailed(Kube(Api(ErrorResponse { status: "Failure", message: "vllmservices.inference.michelecampi.dev \"exp-fleet-0\" not found", reason: "NotFound", code: 404 })), ObjectRef { dyntype: ApiResource { group: "inference.michelecampi.dev", version: "v1alpha1", api_version: "inference.michelecampi.dev/v1alpha1", kind: "VllmService", plural: "vllmservices" }, name: "exp-fleet-0", namespace: Some("default"), extra: Extra { resource_version: Some("8303"), uid: Some("bc7e5cf0-aa41-47d9-8279-a4d4f44170ec") } })
[2m2026-07-23T19:08:23.928550Z[0m [33m WARN[0m [2mvllm_coldstart_operator[0m[2m:[0m reconcile loop error: ObjectNotFound(ObjectRef { dyntype: ApiResource { group: "inference.michelecampi.dev", version: "v1alpha1", api_version: "inference.michelecampi.dev/v1alpha1", kind: "VllmService", plural: "vllmservices" }, name: "exp-fleet-0", namespace: Some("default"), extra: Extra { resource_version: None, uid: Some("f0ff6773-9018-4596-b56e-b4e0c91363f7") } })
[2m2026-07-23T19:08:23.935896Z[0m [33m WARN[0m [2mvllm_coldstart_operator[0m[2m:[0m reconcile loop error: ObjectNotFound(ObjectRef { dyntype: ApiResource { group: "inference.michelecampi.dev", version: "v1alpha1", api_version: "inference.michelecampi.dev/v1alpha1", kind: "VllmService", plural: "vllmservices" }, name: "exp-fleet-0", namespace: Some("default"), extra: Extra { resource_version: None, uid: Some("bc7e5cf0-aa41-47d9-8279-a4d4f44170ec") } })
