[2m2026-07-23T17:41:25.498083Z[0m [32m INFO[0m [2mreporter[0m[2m:[0m reporter started: node='129-213-131-210' namespace='default' source='real'
[2m2026-07-23T17:41:25.596105Z[0m [32m INFO[0m [2mreporter[0m[2m:[0m reported: Signals { gpu_utilization: Some(0.0), gpu_memory_used_bytes: Some(21110128640), active_service_count: Some(1), kv_cache_hit_rate: None, tokens_per_joule: None }
[2m2026-07-23T17:41:40.610347Z[0m [32m INFO[0m [2mreporter[0m[2m:[0m reported: Signals { gpu_utilization: Some(0.0), gpu_memory_used_bytes: Some(21110128640), active_service_count: Some(1), kv_cache_hit_rate: None, tokens_per_joule: Some(0.0) }
[2m2026-07-23T17:41:55.625666Z[0m [32m INFO[0m [2mreporter[0m[2m:[0m reported: Signals { gpu_utilization: Some(0.0), gpu_memory_used_bytes: Some(21110128640), active_service_count: Some(1), kv_cache_hit_rate: None, tokens_per_joule: Some(0.0) }
[2m2026-07-23T17:42:10.640618Z[0m [32m INFO[0m [2mreporter[0m[2m:[0m reported: Signals { gpu_utilization: Some(0.0), gpu_memory_used_bytes: Some(21110128640), active_service_count: Some(1), kv_cache_hit_rate: None, tokens_per_joule: Some(0.0) }
[2m2026-07-23T17:42:25.655779Z[0m [32m INFO[0m [2mreporter[0m[2m:[0m reported: Signals { gpu_utilization: Some(0.0), gpu_memory_used_bytes: Some(21110128640), active_service_count: Some(1), kv_cache_hit_rate: None, tokens_per_joule: Some(0.0) }
[2m2026-07-23T17:42:40.670583Z[0m [32m INFO[0m [2mreporter[0m[2m:[0m reported: Signals { gpu_utilization: Some(0.0), gpu_memory_used_bytes: Some(21110128640), active_service_count: Some(1), kv_cache_hit_rate: None, tokens_per_joule: Some(0.0) }
[2m2026-07-23T17:42:55.688769Z[0m [32m INFO[0m [2mreporter[0m[2m:[0m reported: Signals { gpu_utilization: Some(100.0), gpu_memory_used_bytes: Some(21112225792), active_service_count: Some(1), kv_cache_hit_rate: Some(0.0), tokens_per_joule: Some(0.008742319) }
[2m2026-07-23T17:43:10.703535Z[0m [32m INFO[0m [2mreporter[0m[2m:[0m reported: Signals { gpu_utilization: Some(0.0), gpu_memory_used_bytes: Some(21112225792), active_service_count: Some(1), kv_cache_hit_rate: None, tokens_per_joule: Some(0.13108173) }
[2m2026-07-23T17:43:25.717768Z[0m [32m INFO[0m [2mreporter[0m[2m:[0m reported: Signals { gpu_utilization: Some(0.0), gpu_memory_used_bytes: Some(21112225792), active_service_count: Some(1), kv_cache_hit_rate: None, tokens_per_joule: Some(0.0) }
[2m2026-07-23T17:43:40.734168Z[0m [32m INFO[0m [2mreporter[0m[2m:[0m reported: Signals { gpu_utilization: Some(0.0), gpu_memory_used_bytes: Some(21112225792), active_service_count: Some(1), kv_cache_hit_rate: None, tokens_per_joule: Some(0.0) }
[2m2026-07-23T17:43:55.748305Z[0m [32m INFO[0m [2mreporter[0m[2m:[0m reported: Signals { gpu_utilization: Some(0.0), gpu_memory_used_bytes: Some(21112225792), active_service_count: Some(1), kv_cache_hit_rate: None, tokens_per_joule: Some(0.0) }
[2m2026-07-23T17:44:10.762508Z[0m [32m INFO[0m [2mreporter[0m[2m:[0m reported: Signals { gpu_utilization: Some(0.0), gpu_memory_used_bytes: Some(21112225792), active_service_count: Some(1), kv_cache_hit_rate: None, tokens_per_joule: Some(0.0) }
[2m2026-07-23T17:44:25.780103Z[0m [32m INFO[0m [2mreporter[0m[2m:[0m reported: Signals { gpu_utilization: Some(0.0), gpu_memory_used_bytes: Some(21112225792), active_service_count: Some(1), kv_cache_hit_rate: None, tokens_per_joule: Some(0.0) }
[2m2026-07-23T17:44:40.794285Z[0m [32m INFO[0m [2mreporter[0m[2m:[0m reported: Signals { gpu_utilization: Some(0.0), gpu_memory_used_bytes: Some(21112225792), active_service_count: Some(1), kv_cache_hit_rate: None, tokens_per_joule: Some(0.0) }
[2m2026-07-23T17:44:55.809310Z[0m [32m INFO[0m [2mreporter[0m[2m:[0m reported: Signals { gpu_utilization: Some(0.0), gpu_memory_used_bytes: Some(21112225792), active_service_count: Some(1), kv_cache_hit_rate: None, tokens_per_joule: Some(0.0) }
[2m2026-07-23T17:45:10.831197Z[0m [32m INFO[0m [2mreporter[0m[2m:[0m reported: Signals { gpu_utilization: Some(100.0), gpu_memory_used_bytes: Some(21112225792), active_service_count: Some(1), kv_cache_hit_rate: Some(0.76500386), tokens_per_joule: Some(1.2392056) }
[2m2026-07-23T17:45:25.847516Z[0m [32m INFO[0m [2mreporter[0m[2m:[0m reported: Signals { gpu_utilization: Some(100.0), gpu_memory_used_bytes: Some(21112225792), active_service_count: Some(1), kv_cache_hit_rate: Some(0.8339678), tokens_per_joule: Some(1.7094307) }
[2m2026-07-23T17:45:40.865618Z[0m [32m INFO[0m [2mreporter[0m[2m:[0m reported: Signals { gpu_utilization: Some(100.0), gpu_memory_used_bytes: Some(21112225792), active_service_count: Some(1), kv_cache_hit_rate: Some(0.83108586), tokens_per_joule: Some(1.7143614) }
[2m2026-07-23T17:45:55.880647Z[0m [32m INFO[0m [2mreporter[0m[2m:[0m reported: Signals { gpu_utilization: Some(100.0), gpu_memory_used_bytes: Some(21112225792), active_service_count: Some(1), kv_cache_hit_rate: Some(0.8322387), tokens_per_joule: Some(1.6961623) }
[2m2026-07-23T17:46:10.895244Z[0m [32m INFO[0m [2mreporter[0m[2m:[0m reported: Signals { gpu_utilization: Some(0.0), gpu_memory_used_bytes: Some(21112225792), active_service_count: Some(1), kv_cache_hit_rate: Some(0.73725086), tokens_per_joule: Some(0.9073388) }
[2m2026-07-23T17:46:25.909866Z[0m [32m INFO[0m [2mreporter[0m[2m:[0m reported: Signals { gpu_utilization: Some(0.0), gpu_memory_used_bytes: Some(21112225792), active_service_count: Some(1), kv_cache_hit_rate: None, tokens_per_joule: Some(0.0) }
[2m2026-07-23T17:46:40.924200Z[0m [32m INFO[0m [2mreporter[0m[2m:[0m reported: Signals { gpu_utilization: Some(0.0), gpu_memory_used_bytes: Some(21112225792), active_service_count: Some(1), kv_cache_hit_rate: None, tokens_per_joule: Some(0.0) }
[2m2026-07-23T17:46:55.937579Z[0m [32m INFO[0m [2mreporter[0m[2m:[0m reported: Signals { gpu_utilization: Some(0.0), gpu_memory_used_bytes: Some(21112225792), active_service_count: Some(1), kv_cache_hit_rate: None, tokens_per_joule: Some(0.0) }
[2m2026-07-23T17:47:10.954420Z[0m [32m INFO[0m [2mreporter[0m[2m:[0m reported: Signals { gpu_utilization: Some(0.0), gpu_memory_used_bytes: Some(21112225792), active_service_count: Some(1), kv_cache_hit_rate: None, tokens_per_joule: Some(0.0) }
[2m2026-07-23T17:47:25.967986Z[0m [32m INFO[0m [2mreporter[0m[2m:[0m reported: Signals { gpu_utilization: Some(0.0), gpu_memory_used_bytes: Some(21112225792), active_service_count: Some(1), kv_cache_hit_rate: None, tokens_per_joule: Some(0.0) }
[2m2026-07-23T17:47:40.982208Z[0m [32m INFO[0m [2mreporter[0m[2m:[0m reported: Signals { gpu_utilization: Some(0.0), gpu_memory_used_bytes: Some(21112225792), active_service_count: Some(1), kv_cache_hit_rate: None, tokens_per_joule: Some(0.0) }
[2m2026-07-23T17:47:55.996365Z[0m [32m INFO[0m [2mreporter[0m[2m:[0m reported: Signals { gpu_utilization: Some(0.0), gpu_memory_used_bytes: Some(21112225792), active_service_count: Some(1), kv_cache_hit_rate: None, tokens_per_joule: Some(0.0) }
[2m2026-07-23T17:48:11.010392Z[0m [32m INFO[0m [2mreporter[0m[2m:[0m reported: Signals { gpu_utilization: Some(0.0), gpu_memory_used_bytes: Some(21112225792), active_service_count: Some(1), kv_cache_hit_rate: None, tokens_per_joule: Some(0.0) }
[2m2026-07-23T17:48:26.033868Z[0m [32m INFO[0m [2mreporter[0m[2m:[0m reported: Signals { gpu_utilization: Some(100.0), gpu_memory_used_bytes: Some(21112225792), active_service_count: Some(1), kv_cache_hit_rate: Some(0.9934228), tokens_per_joule: Some(0.025889378) }
[2m2026-07-23T17:48:41.091668Z[0m [32m INFO[0m [2mreporter[0m[2m:[0m reported: Signals { gpu_utilization: Some(100.0), gpu_memory_used_bytes: Some(21112225792), active_service_count: Some(1), kv_cache_hit_rate: Some(0.9963379), tokens_per_joule: Some(1.5350628) }
[2m2026-07-23T17:48:56.112162Z[0m [32m INFO[0m [2mreporter[0m[2m:[0m reported: Signals { gpu_utilization: Some(100.0), gpu_memory_used_bytes: Some(21112225792), active_service_count: Some(1), kv_cache_hit_rate: Some(0.99609536), tokens_per_joule: Some(1.7124363) }
[2m2026-07-23T17:49:11.129900Z[0m [32m INFO[0m [2mreporter[0m[2m:[0m reported: Signals { gpu_utilization: Some(100.0), gpu_memory_used_bytes: Some(21112225792), active_service_count: Some(1), kv_cache_hit_rate: Some(0.996537), tokens_per_joule: Some(1.7128513) }
[2m2026-07-23T17:49:26.148839Z[0m [32m INFO[0m [2mreporter[0m[2m:[0m reported: Signals { gpu_utilization: Some(100.0), gpu_memory_used_bytes: Some(21112225792), active_service_count: Some(1), kv_cache_hit_rate: Some(0.9969651), tokens_per_joule: Some(1.6926162) }
[2m2026-07-23T17:49:41.163779Z[0m [32m INFO[0m [2mreporter[0m[2m:[0m reported: Signals { gpu_utilization: Some(0.0), gpu_memory_used_bytes: Some(21112225792), active_service_count: Some(1), kv_cache_hit_rate: None, tokens_per_joule: Some(0.27730596) }
[2m2026-07-23T17:49:56.178736Z[0m [32m INFO[0m [2mreporter[0m[2m:[0m reported: Signals { gpu_utilization: Some(0.0), gpu_memory_used_bytes: Some(21112225792), active_service_count: Some(1), kv_cache_hit_rate: None, tokens_per_joule: Some(0.0) }
[2m2026-07-23T17:50:11.194165Z[0m [32m INFO[0m [2mreporter[0m[2m:[0m reported: Signals { gpu_utilization: Some(0.0), gpu_memory_used_bytes: Some(21112225792), active_service_count: Some(1), kv_cache_hit_rate: None, tokens_per_joule: Some(0.0) }
[2m2026-07-23T17:50:26.208555Z[0m [32m INFO[0m [2mreporter[0m[2m:[0m reported: Signals { gpu_utilization: Some(0.0), gpu_memory_used_bytes: Some(21112225792), active_service_count: Some(1), kv_cache_hit_rate: None, tokens_per_joule: Some(0.0) }
[2m2026-07-23T17:50:41.222516Z[0m [32m INFO[0m [2mreporter[0m[2m:[0m reported: Signals { gpu_utilization: Some(0.0), gpu_memory_used_bytes: Some(21112225792), active_service_count: Some(1), kv_cache_hit_rate: None, tokens_per_joule: Some(0.0) }
[2m2026-07-23T17:50:56.237395Z[0m [32m INFO[0m [2mreporter[0m[2m:[0m reported: Signals { gpu_utilization: Some(0.0), gpu_memory_used_bytes: Some(21112225792), active_service_count: Some(1), kv_cache_hit_rate: None, tokens_per_joule: Some(0.0) }
[2m2026-07-23T17:51:11.250633Z[0m [32m INFO[0m [2mreporter[0m[2m:[0m reported: Signals { gpu_utilization: Some(0.0), gpu_memory_used_bytes: Some(21112225792), active_service_count: Some(1), kv_cache_hit_rate: None, tokens_per_joule: Some(0.0) }
[2m2026-07-23T17:51:26.264880Z[0m [32m INFO[0m [2mreporter[0m[2m:[0m reported: Signals { gpu_utilization: Some(0.0), gpu_memory_used_bytes: Some(21112225792), active_service_count: Some(1), kv_cache_hit_rate: None, tokens_per_joule: Some(0.0) }
[2m2026-07-23T17:51:41.278800Z[0m [32m INFO[0m [2mreporter[0m[2m:[0m reported: Signals { gpu_utilization: Some(0.0), gpu_memory_used_bytes: Some(21112225792), active_service_count: Some(1), kv_cache_hit_rate: None, tokens_per_joule: Some(0.0) }
[2m2026-07-23T17:51:56.293715Z[0m [32m INFO[0m [2mreporter[0m[2m:[0m reported: Signals { gpu_utilization: Some(0.0), gpu_memory_used_bytes: Some(21112225792), active_service_count: Some(1), kv_cache_hit_rate: None, tokens_per_joule: Some(0.0) }
[2m2026-07-23T17:52:11.307532Z[0m [32m INFO[0m [2mreporter[0m[2m:[0m reported: Signals { gpu_utilization: Some(0.0), gpu_memory_used_bytes: Some(21112225792), active_service_count: Some(1), kv_cache_hit_rate: None, tokens_per_joule: Some(0.0) }
[2m2026-07-23T17:52:26.322689Z[0m [32m INFO[0m [2mreporter[0m[2m:[0m reported: Signals { gpu_utilization: Some(0.0), gpu_memory_used_bytes: Some(21112225792), active_service_count: Some(1), kv_cache_hit_rate: None, tokens_per_joule: Some(0.0) }
[2m2026-07-23T17:52:41.336997Z[0m [32m INFO[0m [2mreporter[0m[2m:[0m reported: Signals { gpu_utilization: Some(0.0), gpu_memory_used_bytes: Some(21112225792), active_service_count: Some(1), kv_cache_hit_rate: None, tokens_per_joule: Some(0.0) }
[2m2026-07-23T17:52:56.350763Z[0m [32m INFO[0m [2mreporter[0m[2m:[0m reported: Signals { gpu_utilization: Some(0.0), gpu_memory_used_bytes: Some(21112225792), active_service_count: Some(1), kv_cache_hit_rate: None, tokens_per_joule: Some(0.0) }
[2m2026-07-23T17:53:11.365668Z[0m [32m INFO[0m [2mreporter[0m[2m:[0m reported: Signals { gpu_utilization: Some(0.0), gpu_memory_used_bytes: Some(21112225792), active_service_count: Some(1), kv_cache_hit_rate: None, tokens_per_joule: Some(0.0) }
[2m2026-07-23T17:53:26.379784Z[0m [32m INFO[0m [2mreporter[0m[2m:[0m reported: Signals { gpu_utilization: Some(0.0), gpu_memory_used_bytes: Some(21112225792), active_service_count: Some(1), kv_cache_hit_rate: None, tokens_per_joule: Some(0.0) }
[2m2026-07-23T17:53:41.394342Z[0m [32m INFO[0m [2mreporter[0m[2m:[0m reported: Signals { gpu_utilization: Some(0.0), gpu_memory_used_bytes: Some(21112225792), active_service_count: Some(1), kv_cache_hit_rate: None, tokens_per_joule: Some(0.0) }
[2m2026-07-23T17:53:56.408397Z[0m [32m INFO[0m [2mreporter[0m[2m:[0m reported: Signals { gpu_utilization: Some(0.0), gpu_memory_used_bytes: Some(21112225792), active_service_count: Some(1), kv_cache_hit_rate: None, tokens_per_joule: Some(0.0) }
[2m2026-07-23T17:54:11.422256Z[0m [32m INFO[0m [2mreporter[0m[2m:[0m reported: Signals { gpu_utilization: Some(0.0), gpu_memory_used_bytes: Some(21112225792), active_service_count: Some(1), kv_cache_hit_rate: None, tokens_per_joule: Some(0.0) }
[2m2026-07-23T17:54:26.436522Z[0m [32m INFO[0m [2mreporter[0m[2m:[0m reported: Signals { gpu_utilization: Some(0.0), gpu_memory_used_bytes: Some(21112225792), active_service_count: Some(1), kv_cache_hit_rate: None, tokens_per_joule: Some(0.0) }
[2m2026-07-23T17:54:41.451641Z[0m [32m INFO[0m [2mreporter[0m[2m:[0m reported: Signals { gpu_utilization: Some(0.0), gpu_memory_used_bytes: Some(21112225792), active_service_count: Some(1), kv_cache_hit_rate: None, tokens_per_joule: Some(0.0) }
[2m2026-07-23T17:54:56.466423Z[0m [32m INFO[0m [2mreporter[0m[2m:[0m reported: Signals { gpu_utilization: Some(0.0), gpu_memory_used_bytes: Some(21112225792), active_service_count: Some(1), kv_cache_hit_rate: None, tokens_per_joule: Some(0.0) }
[2m2026-07-23T17:55:11.480350Z[0m [32m INFO[0m [2mreporter[0m[2m:[0m reported: Signals { gpu_utilization: Some(0.0), gpu_memory_used_bytes: Some(21112225792), active_service_count: Some(1), kv_cache_hit_rate: None, tokens_per_joule: Some(0.0) }
[2m2026-07-23T17:55:26.494817Z[0m [32m INFO[0m [2mreporter[0m[2m:[0m reported: Signals { gpu_utilization: Some(0.0), gpu_memory_used_bytes: Some(21112225792), active_service_count: Some(1), kv_cache_hit_rate: None, tokens_per_joule: Some(0.0) }
[2m2026-07-23T17:55:41.509329Z[0m [32m INFO[0m [2mreporter[0m[2m:[0m reported: Signals { gpu_utilization: Some(0.0), gpu_memory_used_bytes: Some(21112225792), active_service_count: Some(1), kv_cache_hit_rate: None, tokens_per_joule: Some(0.0) }
[2m2026-07-23T17:55:56.523273Z[0m [32m INFO[0m [2mreporter[0m[2m:[0m reported: Signals { gpu_utilization: Some(0.0), gpu_memory_used_bytes: Some(21112225792), active_service_count: Some(1), kv_cache_hit_rate: None, tokens_per_joule: Some(0.0) }
[2m2026-07-23T17:56:11.536711Z[0m [32m INFO[0m [2mreporter[0m[2m:[0m reported: Signals { gpu_utilization: Some(0.0), gpu_memory_used_bytes: Some(21112225792), active_service_count: Some(1), kv_cache_hit_rate: None, tokens_per_joule: Some(0.0) }
[2m2026-07-23T17:56:26.551705Z[0m [32m INFO[0m [2mreporter[0m[2m:[0m reported: Signals { gpu_utilization: Some(0.0), gpu_memory_used_bytes: Some(21112225792), active_service_count: Some(1), kv_cache_hit_rate: None, tokens_per_joule: Some(0.0) }
[2m2026-07-23T17:56:41.567178Z[0m [32m INFO[0m [2mreporter[0m[2m:[0m reported: Signals { gpu_utilization: Some(0.0), gpu_memory_used_bytes: Some(21112225792), active_service_count: Some(1), kv_cache_hit_rate: None, tokens_per_joule: Some(0.0) }
[2m2026-07-23T17:56:56.581952Z[0m [32m INFO[0m [2mreporter[0m[2m:[0m reported: Signals { gpu_utilization: Some(0.0), gpu_memory_used_bytes: Some(21112225792), active_service_count: Some(1), kv_cache_hit_rate: None, tokens_per_joule: Some(0.0) }
[2m2026-07-23T17:57:11.601882Z[0m [32m INFO[0m [2mreporter[0m[2m:[0m reported: Signals { gpu_utilization: Some(0.0), gpu_memory_used_bytes: Some(21112225792), active_service_count: Some(1), kv_cache_hit_rate: None, tokens_per_joule: Some(0.0) }
[2m2026-07-23T17:57:26.616529Z[0m [32m INFO[0m [2mreporter[0m[2m:[0m reported: Signals { gpu_utilization: Some(0.0), gpu_memory_used_bytes: Some(21112225792), active_service_count: Some(1), kv_cache_hit_rate: None, tokens_per_joule: Some(0.0) }
[2m2026-07-23T17:57:41.631209Z[0m [32m INFO[0m [2mreporter[0m[2m:[0m reported: Signals { gpu_utilization: Some(0.0), gpu_memory_used_bytes: Some(21112225792), active_service_count: Some(1), kv_cache_hit_rate: None, tokens_per_joule: Some(0.0) }
[2m2026-07-23T17:57:56.648476Z[0m [32m INFO[0m [2mreporter[0m[2m:[0m reported: Signals { gpu_utilization: Some(100.0), gpu_memory_used_bytes: Some(21112225792), active_service_count: Some(1), kv_cache_hit_rate: Some(0.79909706), tokens_per_joule: Some(0.7018687) }
[2m2026-07-23T17:58:11.667093Z[0m [32m INFO[0m [2mreporter[0m[2m:[0m reported: Signals { gpu_utilization: Some(100.0), gpu_memory_used_bytes: Some(21112225792), active_service_count: Some(1), kv_cache_hit_rate: Some(0.8031479), tokens_per_joule: Some(1.7396953) }
[2m2026-07-23T17:58:26.686207Z[0m [32m INFO[0m [2mreporter[0m[2m:[0m reported: Signals { gpu_utilization: Some(100.0), gpu_memory_used_bytes: Some(21112225792), active_service_count: Some(1), kv_cache_hit_rate: Some(0.85269684), tokens_per_joule: Some(1.7013887) }
[2m2026-07-23T17:58:41.792710Z[0m [32m INFO[0m [2mreporter[0m[2m:[0m reported: Signals { gpu_utilization: Some(100.0), gpu_memory_used_bytes: Some(21112225792), active_service_count: Some(1), kv_cache_hit_rate: Some(0.80852276), tokens_per_joule: Some(1.7049983) }
[2m2026-07-23T17:58:56.814157Z[0m [32m INFO[0m [2mreporter[0m[2m:[0m reported: Signals { gpu_utilization: Some(100.0), gpu_memory_used_bytes: Some(21112225792), active_service_count: Some(1), kv_cache_hit_rate: Some(0.84925294), tokens_per_joule: Some(1.7013369) }
[2m2026-07-23T17:59:11.831674Z[0m [32m INFO[0m [2mreporter[0m[2m:[0m reported: Signals { gpu_utilization: Some(100.0), gpu_memory_used_bytes: Some(21112225792), active_service_count: Some(1), kv_cache_hit_rate: Some(0.7938193), tokens_per_joule: Some(1.7373143) }
[2m2026-07-23T17:59:26.892837Z[0m [32m INFO[0m [2mreporter[0m[2m:[0m reported: Signals { gpu_utilization: Some(100.0), gpu_memory_used_bytes: Some(21112225792), active_service_count: Some(1), kv_cache_hit_rate: Some(0.7951929), tokens_per_joule: Some(1.7164259) }
[2m2026-07-23T17:59:41.910103Z[0m [32m INFO[0m [2mreporter[0m[2m:[0m reported: Signals { gpu_utilization: Some(100.0), gpu_memory_used_bytes: Some(21112225792), active_service_count: Some(1), kv_cache_hit_rate: Some(0.80445135), tokens_per_joule: Some(1.6948215) }
[2m2026-07-23T17:59:56.926566Z[0m [32m INFO[0m [2mreporter[0m[2m:[0m reported: Signals { gpu_utilization: Some(100.0), gpu_memory_used_bytes: Some(21112225792), active_service_count: Some(1), kv_cache_hit_rate: Some(0.82590944), tokens_per_joule: Some(1.7329717) }
[2m2026-07-23T18:00:11.942645Z[0m [32m INFO[0m [2mreporter[0m[2m:[0m reported: Signals { gpu_utilization: Some(100.0), gpu_memory_used_bytes: Some(21112225792), active_service_count: Some(1), kv_cache_hit_rate: Some(0.80386037), tokens_per_joule: Some(1.6998063) }
[2m2026-07-23T18:00:26.959347Z[0m [32m INFO[0m [2mreporter[0m[2m:[0m reported: Signals { gpu_utilization: Some(100.0), gpu_memory_used_bytes: Some(21112225792), active_service_count: Some(1), kv_cache_hit_rate: Some(0.8561064), tokens_per_joule: Some(1.7100277) }
[2m2026-07-23T18:00:41.975955Z[0m [32m INFO[0m [2mreporter[0m[2m:[0m reported: Signals { gpu_utilization: Some(100.0), gpu_memory_used_bytes: Some(21112225792), active_service_count: Some(1), kv_cache_hit_rate: Some(0.83689123), tokens_per_joule: Some(1.7077637) }
[2m2026-07-23T18:00:56.993250Z[0m [32m INFO[0m [2mreporter[0m[2m:[0m reported: Signals { gpu_utilization: Some(100.0), gpu_memory_used_bytes: Some(21112225792), active_service_count: Some(1), kv_cache_hit_rate: Some(0.85305876), tokens_per_joule: Some(1.7095724) }
[2m2026-07-23T18:01:12.009707Z[0m [32m INFO[0m [2mreporter[0m[2m:[0m reported: Signals { gpu_utilization: Some(100.0), gpu_memory_used_bytes: Some(21112225792), active_service_count: Some(1), kv_cache_hit_rate: Some(0.8333701), tokens_per_joule: Some(1.6983697) }
[2m2026-07-23T18:01:27.027215Z[0m [32m INFO[0m [2mreporter[0m[2m:[0m reported: Signals { gpu_utilization: Some(100.0), gpu_memory_used_bytes: Some(21112225792), active_service_count: Some(1), kv_cache_hit_rate: Some(0.79441774), tokens_per_joule: Some(1.7161497) }
[2m2026-07-23T18:01:42.044884Z[0m [32m INFO[0m [2mreporter[0m[2m:[0m reported: Signals { gpu_utilization: Some(100.0), gpu_memory_used_bytes: Some(21112225792), active_service_count: Some(1), kv_cache_hit_rate: Some(0.7972692), tokens_per_joule: Some(1.7236394) }
[2m2026-07-23T18:01:57.063454Z[0m [32m INFO[0m [2mreporter[0m[2m:[0m reported: Signals { gpu_utilization: Some(100.0), gpu_memory_used_bytes: Some(21112225792), active_service_count: Some(1), kv_cache_hit_rate: Some(0.8106552), tokens_per_joule: Some(1.7145795) }
[2m2026-07-23T18:02:12.085840Z[0m [32m INFO[0m [2mreporter[0m[2m:[0m reported: Signals { gpu_utilization: Some(100.0), gpu_memory_used_bytes: Some(21112225792), active_service_count: Some(1), kv_cache_hit_rate: Some(0.8480698), tokens_per_joule: Some(1.7084099) }
[2m2026-07-23T18:02:27.103579Z[0m [32m INFO[0m [2mreporter[0m[2m:[0m reported: Signals { gpu_utilization: Some(100.0), gpu_memory_used_bytes: Some(21112225792), active_service_count: Some(1), kv_cache_hit_rate: Some(0.8275353), tokens_per_joule: Some(1.7161436) }
[2m2026-07-23T18:02:42.121528Z[0m [32m INFO[0m [2mreporter[0m[2m:[0m reported: Signals { gpu_utilization: Some(100.0), gpu_memory_used_bytes: Some(21112225792), active_service_count: Some(1), kv_cache_hit_rate: Some(0.79466856), tokens_per_joule: Some(1.7073503) }
[2m2026-07-23T18:02:57.139639Z[0m [32m INFO[0m [2mreporter[0m[2m:[0m reported: Signals { gpu_utilization: Some(100.0), gpu_memory_used_bytes: Some(21112225792), active_service_count: Some(1), kv_cache_hit_rate: Some(0.8500953), tokens_per_joule: Some(1.6944865) }
[2m2026-07-23T18:03:12.158491Z[0m [32m INFO[0m [2mreporter[0m[2m:[0m reported: Signals { gpu_utilization: Some(100.0), gpu_memory_used_bytes: Some(21112225792), active_service_count: Some(1), kv_cache_hit_rate: Some(0.79504406), tokens_per_joule: Some(1.7436582) }
[2m2026-07-23T18:03:27.254131Z[0m [32m INFO[0m [2mreporter[0m[2m:[0m reported: Signals { gpu_utilization: Some(100.0), gpu_memory_used_bytes: Some(21112225792), active_service_count: Some(1), kv_cache_hit_rate: Some(0.8249218), tokens_per_joule: Some(1.703222) }
[2m2026-07-23T18:03:42.354380Z[0m [32m INFO[0m [2mreporter[0m[2m:[0m reported: Signals { gpu_utilization: Some(100.0), gpu_memory_used_bytes: Some(21112225792), active_service_count: Some(1), kv_cache_hit_rate: Some(0.8421162), tokens_per_joule: Some(1.6893) }
[2m2026-07-23T18:03:57.372508Z[0m [32m INFO[0m [2mreporter[0m[2m:[0m reported: Signals { gpu_utilization: Some(100.0), gpu_memory_used_bytes: Some(21112225792), active_service_count: Some(1), kv_cache_hit_rate: Some(0.82805806), tokens_per_joule: Some(1.7236674) }
[2m2026-07-23T18:04:12.390396Z[0m [32m INFO[0m [2mreporter[0m[2m:[0m reported: Signals { gpu_utilization: Some(100.0), gpu_memory_used_bytes: Some(21112225792), active_service_count: Some(1), kv_cache_hit_rate: Some(0.7914345), tokens_per_joule: Some(1.7153133) }
[2m2026-07-23T18:04:27.405435Z[0m [32m INFO[0m [2mreporter[0m[2m:[0m reported: Signals { gpu_utilization: Some(100.0), gpu_memory_used_bytes: Some(21112225792), active_service_count: Some(1), kv_cache_hit_rate: Some(0.82125306), tokens_per_joule: Some(1.7198626) }
[2m2026-07-23T18:04:42.420449Z[0m [32m INFO[0m [2mreporter[0m[2m:[0m reported: Signals { gpu_utilization: Some(100.0), gpu_memory_used_bytes: Some(21112225792), active_service_count: Some(1), kv_cache_hit_rate: Some(0.8069142), tokens_per_joule: Some(1.7081593) }
[2m2026-07-23T18:04:59.425138Z[0m [33m WARN[0m [2mreporter[0m[2m:[0m scrape 'http://vllm-a-np.default.svc.cluster.local:8000/metrics': request failed: error sending request for url (http://vllm-a-np.default.svc.cluster.local:8000/metrics)
[2m2026-07-23T18:04:59.431260Z[0m [32m INFO[0m [2mreporter[0m[2m:[0m reported: Signals { gpu_utilization: Some(0.0), gpu_memory_used_bytes: Some(0), active_service_count: Some(0), kv_cache_hit_rate: None, tokens_per_joule: None }
[2m2026-07-23T18:05:14.435845Z[0m [33m WARN[0m [2mreporter[0m[2m:[0m scrape 'http://vllm-a-np.default.svc.cluster.local:8000/metrics': request failed: error sending request for url (http://vllm-a-np.default.svc.cluster.local:8000/metrics)
[2m2026-07-23T18:05:14.443282Z[0m [32m INFO[0m [2mreporter[0m[2m:[0m reported: Signals { gpu_utilization: Some(0.0), gpu_memory_used_bytes: Some(0), active_service_count: Some(0), kv_cache_hit_rate: None, tokens_per_joule: None }
[2m2026-07-23T18:05:29.447060Z[0m [33m WARN[0m [2mreporter[0m[2m:[0m scrape 'http://vllm-a-np.default.svc.cluster.local:8000/metrics': request failed: error sending request for url (http://vllm-a-np.default.svc.cluster.local:8000/metrics)
[2m2026-07-23T18:05:29.454168Z[0m [32m INFO[0m [2mreporter[0m[2m:[0m reported: Signals { gpu_utilization: Some(0.0), gpu_memory_used_bytes: Some(3014656), active_service_count: Some(0), kv_cache_hit_rate: None, tokens_per_joule: None }
[2m2026-07-23T18:05:44.458671Z[0m [33m WARN[0m [2mreporter[0m[2m:[0m scrape 'http://vllm-a-np.default.svc.cluster.local:8000/metrics': request failed: error sending request for url (http://vllm-a-np.default.svc.cluster.local:8000/metrics)
[2m2026-07-23T18:05:44.463902Z[0m [32m INFO[0m [2mreporter[0m[2m:[0m reported: Signals { gpu_utilization: Some(0.0), gpu_memory_used_bytes: Some(15680602112), active_service_count: Some(0), kv_cache_hit_rate: None, tokens_per_joule: None }
[2m2026-07-23T18:05:59.468393Z[0m [33m WARN[0m [2mreporter[0m[2m:[0m scrape 'http://vllm-a-np.default.svc.cluster.local:8000/metrics': request failed: error sending request for url (http://vllm-a-np.default.svc.cluster.local:8000/metrics)
[2m2026-07-23T18:05:59.473617Z[0m [32m INFO[0m [2mreporter[0m[2m:[0m reported: Signals { gpu_utilization: Some(0.0), gpu_memory_used_bytes: Some(16829841408), active_service_count: Some(0), kv_cache_hit_rate: None, tokens_per_joule: None }
[2m2026-07-23T18:06:14.511613Z[0m [32m INFO[0m [2mreporter[0m[2m:[0m reported: Signals { gpu_utilization: Some(0.0), gpu_memory_used_bytes: Some(21110128640), active_service_count: Some(1), kv_cache_hit_rate: None, tokens_per_joule: None }
[2m2026-07-23T18:06:29.529354Z[0m [32m INFO[0m [2mreporter[0m[2m:[0m reported: Signals { gpu_utilization: Some(0.0), gpu_memory_used_bytes: Some(21110128640), active_service_count: Some(1), kv_cache_hit_rate: None, tokens_per_joule: Some(0.0) }
[2m2026-07-23T18:06:44.542725Z[0m [32m INFO[0m [2mreporter[0m[2m:[0m reported: Signals { gpu_utilization: Some(0.0), gpu_memory_used_bytes: Some(21110128640), active_service_count: Some(1), kv_cache_hit_rate: None, tokens_per_joule: Some(0.0) }
[2m2026-07-23T18:06:59.560376Z[0m [32m INFO[0m [2mreporter[0m[2m:[0m reported: Signals { gpu_utilization: Some(100.0), gpu_memory_used_bytes: Some(21112225792), active_service_count: Some(1), kv_cache_hit_rate: Some(0.6326724), tokens_per_joule: Some(0.30765) }
[2m2026-07-23T18:07:14.577310Z[0m [32m INFO[0m [2mreporter[0m[2m:[0m reported: Signals { gpu_utilization: Some(100.0), gpu_memory_used_bytes: Some(21112225792), active_service_count: Some(1), kv_cache_hit_rate: Some(0.81397504), tokens_per_joule: Some(1.7296357) }
[2m2026-07-23T18:07:29.599466Z[0m [32m INFO[0m [2mreporter[0m[2m:[0m reported: Signals { gpu_utilization: Some(100.0), gpu_memory_used_bytes: Some(21112225792), active_service_count: Some(1), kv_cache_hit_rate: Some(0.8400133), tokens_per_joule: Some(1.6927391) }
[2m2026-07-23T18:07:44.692237Z[0m [32m INFO[0m [2mreporter[0m[2m:[0m reported: Signals { gpu_utilization: Some(100.0), gpu_memory_used_bytes: Some(21112225792), active_service_count: Some(1), kv_cache_hit_rate: Some(0.801812), tokens_per_joule: Some(1.7165543) }
[2m2026-07-23T18:07:59.791659Z[0m [32m INFO[0m [2mreporter[0m[2m:[0m reported: Signals { gpu_utilization: Some(100.0), gpu_memory_used_bytes: Some(21112225792), active_service_count: Some(1), kv_cache_hit_rate: Some(0.8174602), tokens_per_joule: Some(1.704876) }
[2m2026-07-23T18:08:14.811867Z[0m [32m INFO[0m [2mreporter[0m[2m:[0m reported: Signals { gpu_utilization: Some(100.0), gpu_memory_used_bytes: Some(21112225792), active_service_count: Some(1), kv_cache_hit_rate: Some(0.8395091), tokens_per_joule: Some(1.7349814) }
[2m2026-07-23T18:08:29.831564Z[0m [32m INFO[0m [2mreporter[0m[2m:[0m reported: Signals { gpu_utilization: Some(100.0), gpu_memory_used_bytes: Some(21112225792), active_service_count: Some(1), kv_cache_hit_rate: Some(0.8218098), tokens_per_joule: Some(1.701612) }
[2m2026-07-23T18:08:44.848673Z[0m [32m INFO[0m [2mreporter[0m[2m:[0m reported: Signals { gpu_utilization: Some(100.0), gpu_memory_used_bytes: Some(21112225792), active_service_count: Some(1), kv_cache_hit_rate: Some(0.8075406), tokens_per_joule: Some(1.7085893) }
[2m2026-07-23T18:08:59.867761Z[0m [32m INFO[0m [2mreporter[0m[2m:[0m reported: Signals { gpu_utilization: Some(100.0), gpu_memory_used_bytes: Some(21112225792), active_service_count: Some(1), kv_cache_hit_rate: Some(0.8204499), tokens_per_joule: Some(1.7375032) }
[2m2026-07-23T18:09:14.886290Z[0m [32m INFO[0m [2mreporter[0m[2m:[0m reported: Signals { gpu_utilization: Some(100.0), gpu_memory_used_bytes: Some(21112225792), active_service_count: Some(1), kv_cache_hit_rate: Some(0.80751425), tokens_per_joule: Some(1.6968884) }
[2m2026-07-23T18:09:29.991690Z[0m [32m INFO[0m [2mreporter[0m[2m:[0m reported: Signals { gpu_utilization: Some(100.0), gpu_memory_used_bytes: Some(21112225792), active_service_count: Some(1), kv_cache_hit_rate: Some(0.83002454), tokens_per_joule: Some(1.7081704) }
[2m2026-07-23T18:09:45.006271Z[0m [32m INFO[0m [2mreporter[0m[2m:[0m reported: Signals { gpu_utilization: Some(100.0), gpu_memory_used_bytes: Some(21112225792), active_service_count: Some(1), kv_cache_hit_rate: Some(0.7720268), tokens_per_joule: Some(1.7105129) }
[2m2026-07-23T18:10:00.020912Z[0m [32m INFO[0m [2mreporter[0m[2m:[0m reported: Signals { gpu_utilization: Some(100.0), gpu_memory_used_bytes: Some(21112225792), active_service_count: Some(1), kv_cache_hit_rate: Some(0.8426861), tokens_per_joule: Some(1.7132881) }
[2m2026-07-23T18:10:15.041182Z[0m [32m INFO[0m [2mreporter[0m[2m:[0m reported: Signals { gpu_utilization: Some(100.0), gpu_memory_used_bytes: Some(21112225792), active_service_count: Some(1), kv_cache_hit_rate: Some(0.78608435), tokens_per_joule: Some(1.7126021) }
[2m2026-07-23T18:10:30.059430Z[0m [32m INFO[0m [2mreporter[0m[2m:[0m reported: Signals { gpu_utilization: Some(100.0), gpu_memory_used_bytes: Some(21112225792), active_service_count: Some(1), kv_cache_hit_rate: Some(0.74820143), tokens_per_joule: Some(1.6988034) }
[2m2026-07-23T18:10:45.077053Z[0m [32m INFO[0m [2mreporter[0m[2m:[0m reported: Signals { gpu_utilization: Some(100.0), gpu_memory_used_bytes: Some(21112225792), active_service_count: Some(1), kv_cache_hit_rate: Some(0.7856918), tokens_per_joule: Some(1.7272899) }
[2m2026-07-23T18:11:00.154482Z[0m [32m INFO[0m [2mreporter[0m[2m:[0m reported: Signals { gpu_utilization: Some(100.0), gpu_memory_used_bytes: Some(21112225792), active_service_count: Some(1), kv_cache_hit_rate: Some(0.7722182), tokens_per_joule: Some(1.7087786) }
[2m2026-07-23T18:11:15.175929Z[0m [32m INFO[0m [2mreporter[0m[2m:[0m reported: Signals { gpu_utilization: Some(100.0), gpu_memory_used_bytes: Some(21112225792), active_service_count: Some(1), kv_cache_hit_rate: Some(0.85020626), tokens_per_joule: Some(1.7042867) }
[2m2026-07-23T18:11:30.192778Z[0m [32m INFO[0m [2mreporter[0m[2m:[0m reported: Signals { gpu_utilization: Some(100.0), gpu_memory_used_bytes: Some(21112225792), active_service_count: Some(1), kv_cache_hit_rate: Some(0.7690915), tokens_per_joule: Some(1.7240809) }
[2m2026-07-23T18:11:45.211799Z[0m [32m INFO[0m [2mreporter[0m[2m:[0m reported: Signals { gpu_utilization: Some(100.0), gpu_memory_used_bytes: Some(21112225792), active_service_count: Some(1), kv_cache_hit_rate: Some(0.8276117), tokens_per_joule: Some(1.7195312) }
[2m2026-07-23T18:12:00.228831Z[0m [32m INFO[0m [2mreporter[0m[2m:[0m reported: Signals { gpu_utilization: Some(100.0), gpu_memory_used_bytes: Some(21112225792), active_service_count: Some(1), kv_cache_hit_rate: Some(0.82374614), tokens_per_joule: Some(1.6785817) }
[2m2026-07-23T18:12:15.245498Z[0m [32m INFO[0m [2mreporter[0m[2m:[0m reported: Signals { gpu_utilization: Some(100.0), gpu_memory_used_bytes: Some(21112225792), active_service_count: Some(1), kv_cache_hit_rate: Some(0.84181917), tokens_per_joule: Some(1.7443832) }
[2m2026-07-23T18:12:30.262756Z[0m [32m INFO[0m [2mreporter[0m[2m:[0m reported: Signals { gpu_utilization: Some(100.0), gpu_memory_used_bytes: Some(21112225792), active_service_count: Some(1), kv_cache_hit_rate: Some(0.8076369), tokens_per_joule: Some(1.7065402) }
[2m2026-07-23T18:12:45.280628Z[0m [32m INFO[0m [2mreporter[0m[2m:[0m reported: Signals { gpu_utilization: Some(100.0), gpu_memory_used_bytes: Some(21112225792), active_service_count: Some(1), kv_cache_hit_rate: Some(0.81962234), tokens_per_joule: Some(1.7094139) }
[2m2026-07-23T18:13:00.392162Z[0m [32m INFO[0m [2mreporter[0m[2m:[0m reported: Signals { gpu_utilization: Some(100.0), gpu_memory_used_bytes: Some(21112225792), active_service_count: Some(1), kv_cache_hit_rate: Some(0.8300117), tokens_per_joule: Some(1.7233506) }
[2m2026-07-23T18:13:15.492825Z[0m [32m INFO[0m [2mreporter[0m[2m:[0m reported: Signals { gpu_utilization: Some(100.0), gpu_memory_used_bytes: Some(21112225792), active_service_count: Some(1), kv_cache_hit_rate: Some(0.8296105), tokens_per_joule: Some(1.711779) }
[2m2026-07-23T18:13:30.512932Z[0m [32m INFO[0m [2mreporter[0m[2m:[0m reported: Signals { gpu_utilization: Some(100.0), gpu_memory_used_bytes: Some(21112225792), active_service_count: Some(1), kv_cache_hit_rate: Some(0.77384096), tokens_per_joule: Some(1.704437) }
[2m2026-07-23T18:13:45.529698Z[0m [32m INFO[0m [2mreporter[0m[2m:[0m reported: Signals { gpu_utilization: Some(100.0), gpu_memory_used_bytes: Some(21112225792), active_service_count: Some(1), kv_cache_hit_rate: Some(0.7979994), tokens_per_joule: Some(1.7121882) }
[2m2026-07-23T18:14:00.544317Z[0m [32m INFO[0m [2mreporter[0m[2m:[0m reported: Signals { gpu_utilization: Some(0.0), gpu_memory_used_bytes: Some(21112225792), active_service_count: Some(1), kv_cache_hit_rate: Some(0.81089103), tokens_per_joule: Some(1.4814364) }
[2m2026-07-23T18:14:15.548821Z[0m [33m WARN[0m [2mreporter[0m[2m:[0m scrape 'http://vllm-a-np.default.svc.cluster.local:8000/metrics': request failed: error sending request for url (http://vllm-a-np.default.svc.cluster.local:8000/metrics)
[2m2026-07-23T18:14:15.555783Z[0m [32m INFO[0m [2mreporter[0m[2m:[0m reported: Signals { gpu_utilization: Some(0.0), gpu_memory_used_bytes: Some(0), active_service_count: Some(0), kv_cache_hit_rate: None, tokens_per_joule: None }
[2m2026-07-23T18:14:30.561389Z[0m [33m WARN[0m [2mreporter[0m[2m:[0m scrape 'http://vllm-a-np.default.svc.cluster.local:8000/metrics': request failed: error sending request for url (http://vllm-a-np.default.svc.cluster.local:8000/metrics)
[2m2026-07-23T18:14:30.568756Z[0m [32m INFO[0m [2mreporter[0m[2m:[0m reported: Signals { gpu_utilization: Some(0.0), gpu_memory_used_bytes: Some(3014656), active_service_count: Some(0), kv_cache_hit_rate: None, tokens_per_joule: None }
[2m2026-07-23T18:14:45.573190Z[0m [33m WARN[0m [2mreporter[0m[2m:[0m scrape 'http://vllm-a-np.default.svc.cluster.local:8000/metrics': request failed: error sending request for url (http://vllm-a-np.default.svc.cluster.local:8000/metrics)
[2m2026-07-23T18:14:45.578612Z[0m [32m INFO[0m [2mreporter[0m[2m:[0m reported: Signals { gpu_utilization: Some(0.0), gpu_memory_used_bytes: Some(15680602112), active_service_count: Some(0), kv_cache_hit_rate: None, tokens_per_joule: None }
[2m2026-07-23T18:15:00.583372Z[0m [33m WARN[0m [2mreporter[0m[2m:[0m scrape 'http://vllm-a-np.default.svc.cluster.local:8000/metrics': request failed: error sending request for url (http://vllm-a-np.default.svc.cluster.local:8000/metrics)
[2m2026-07-23T18:15:00.588984Z[0m [32m INFO[0m [2mreporter[0m[2m:[0m reported: Signals { gpu_utilization: Some(0.0), gpu_memory_used_bytes: Some(16829841408), active_service_count: Some(0), kv_cache_hit_rate: None, tokens_per_joule: None }
[2m2026-07-23T18:15:15.593777Z[0m [33m WARN[0m [2mreporter[0m[2m:[0m scrape 'http://vllm-a-np.default.svc.cluster.local:8000/metrics': request failed: error sending request for url (http://vllm-a-np.default.svc.cluster.local:8000/metrics)
[2m2026-07-23T18:15:15.599262Z[0m [32m INFO[0m [2mreporter[0m[2m:[0m reported: Signals { gpu_utilization: Some(0.0), gpu_memory_used_bytes: Some(21110128640), active_service_count: Some(0), kv_cache_hit_rate: None, tokens_per_joule: None }
[2m2026-07-23T18:15:30.635482Z[0m [32m INFO[0m [2mreporter[0m[2m:[0m reported: Signals { gpu_utilization: Some(0.0), gpu_memory_used_bytes: Some(21110128640), active_service_count: Some(1), kv_cache_hit_rate: None, tokens_per_joule: None }
[2m2026-07-23T18:15:45.650215Z[0m [32m INFO[0m [2mreporter[0m[2m:[0m reported: Signals { gpu_utilization: Some(0.0), gpu_memory_used_bytes: Some(21110128640), active_service_count: Some(1), kv_cache_hit_rate: None, tokens_per_joule: Some(0.0) }
[2m2026-07-23T18:16:00.668263Z[0m [32m INFO[0m [2mreporter[0m[2m:[0m reported: Signals { gpu_utilization: Some(100.0), gpu_memory_used_bytes: Some(21112225792), active_service_count: Some(1), kv_cache_hit_rate: Some(0.489179), tokens_per_joule: Some(0.23368503) }
[2m2026-07-23T18:16:15.683636Z[0m [32m INFO[0m [2mreporter[0m[2m:[0m reported: Signals { gpu_utilization: Some(100.0), gpu_memory_used_bytes: Some(21112225792), active_service_count: Some(1), kv_cache_hit_rate: Some(0.78172725), tokens_per_joule: Some(1.7085053) }
[2m2026-07-23T18:16:30.702034Z[0m [32m INFO[0m [2mreporter[0m[2m:[0m reported: Signals { gpu_utilization: Some(100.0), gpu_memory_used_bytes: Some(21112225792), active_service_count: Some(1), kv_cache_hit_rate: Some(0.83169067), tokens_per_joule: Some(1.6988758) }
[2m2026-07-23T18:16:45.717398Z[0m [32m INFO[0m [2mreporter[0m[2m:[0m reported: Signals { gpu_utilization: Some(100.0), gpu_memory_used_bytes: Some(21112225792), active_service_count: Some(1), kv_cache_hit_rate: Some(0.7976408), tokens_per_joule: Some(1.7241633) }
[2m2026-07-23T18:17:00.734534Z[0m [32m INFO[0m [2mreporter[0m[2m:[0m reported: Signals { gpu_utilization: Some(100.0), gpu_memory_used_bytes: Some(21112225792), active_service_count: Some(1), kv_cache_hit_rate: Some(0.8525488), tokens_per_joule: Some(1.7053636) }
[2m2026-07-23T18:17:15.750302Z[0m [32m INFO[0m [2mreporter[0m[2m:[0m reported: Signals { gpu_utilization: Some(100.0), gpu_memory_used_bytes: Some(21112225792), active_service_count: Some(1), kv_cache_hit_rate: Some(0.7994105), tokens_per_joule: Some(1.7121279) }
[2m2026-07-23T18:17:30.765403Z[0m [32m INFO[0m [2mreporter[0m[2m:[0m reported: Signals { gpu_utilization: Some(100.0), gpu_memory_used_bytes: Some(21112225792), active_service_count: Some(1), kv_cache_hit_rate: Some(0.8159221), tokens_per_joule: Some(1.7131313) }
[2m2026-07-23T18:17:45.780565Z[0m [32m INFO[0m [2mreporter[0m[2m:[0m reported: Signals { gpu_utilization: Some(100.0), gpu_memory_used_bytes: Some(21112225792), active_service_count: Some(1), kv_cache_hit_rate: Some(0.8443295), tokens_per_joule: Some(1.708232) }
[2m2026-07-23T18:18:00.798938Z[0m [32m INFO[0m [2mreporter[0m[2m:[0m reported: Signals { gpu_utilization: Some(100.0), gpu_memory_used_bytes: Some(21112225792), active_service_count: Some(1), kv_cache_hit_rate: Some(0.8242875), tokens_per_joule: Some(1.7088763) }
[2m2026-07-23T18:18:15.813998Z[0m [32m INFO[0m [2mreporter[0m[2m:[0m reported: Signals { gpu_utilization: Some(100.0), gpu_memory_used_bytes: Some(21112225792), active_service_count: Some(1), kv_cache_hit_rate: Some(0.8240239), tokens_per_joule: Some(1.715291) }
[2m2026-07-23T18:18:30.834231Z[0m [32m INFO[0m [2mreporter[0m[2m:[0m reported: Signals { gpu_utilization: Some(100.0), gpu_memory_used_bytes: Some(21112225792), active_service_count: Some(1), kv_cache_hit_rate: Some(0.81412476), tokens_per_joule: Some(1.7042185) }
[2m2026-07-23T18:18:45.855716Z[0m [32m INFO[0m [2mreporter[0m[2m:[0m reported: Signals { gpu_utilization: Some(100.0), gpu_memory_used_bytes: Some(21112225792), active_service_count: Some(1), kv_cache_hit_rate: Some(0.7949038), tokens_per_joule: Some(1.7140133) }
[2m2026-07-23T18:19:00.873948Z[0m [32m INFO[0m [2mreporter[0m[2m:[0m reported: Signals { gpu_utilization: Some(100.0), gpu_memory_used_bytes: Some(21112225792), active_service_count: Some(1), kv_cache_hit_rate: Some(0.83876306), tokens_per_joule: Some(1.7232901) }
[2m2026-07-23T18:19:15.892427Z[0m [32m INFO[0m [2mreporter[0m[2m:[0m reported: Signals { gpu_utilization: Some(100.0), gpu_memory_used_bytes: Some(21112225792), active_service_count: Some(1), kv_cache_hit_rate: Some(0.77701426), tokens_per_joule: Some(1.6884943) }
[2m2026-07-23T18:19:30.910926Z[0m [32m INFO[0m [2mreporter[0m[2m:[0m reported: Signals { gpu_utilization: Some(100.0), gpu_memory_used_bytes: Some(21112225792), active_service_count: Some(1), kv_cache_hit_rate: Some(0.7834076), tokens_per_joule: Some(1.7295065) }
[2m2026-07-23T18:19:45.928537Z[0m [32m INFO[0m [2mreporter[0m[2m:[0m reported: Signals { gpu_utilization: Some(100.0), gpu_memory_used_bytes: Some(21112225792), active_service_count: Some(1), kv_cache_hit_rate: Some(0.7884246), tokens_per_joule: Some(1.723621) }
[2m2026-07-23T18:20:00.992548Z[0m [32m INFO[0m [2mreporter[0m[2m:[0m reported: Signals { gpu_utilization: Some(100.0), gpu_memory_used_bytes: Some(21112225792), active_service_count: Some(1), kv_cache_hit_rate: Some(0.8121876), tokens_per_joule: Some(1.6929761) }
[2m2026-07-23T18:20:16.010719Z[0m [32m INFO[0m [2mreporter[0m[2m:[0m reported: Signals { gpu_utilization: Some(100.0), gpu_memory_used_bytes: Some(21112225792), active_service_count: Some(1), kv_cache_hit_rate: Some(0.78803194), tokens_per_joule: Some(1.7256886) }
[2m2026-07-23T18:20:31.028576Z[0m [32m INFO[0m [2mreporter[0m[2m:[0m reported: Signals { gpu_utilization: Some(100.0), gpu_memory_used_bytes: Some(21112225792), active_service_count: Some(1), kv_cache_hit_rate: Some(0.81899387), tokens_per_joule: Some(1.7216985) }
[2m2026-07-23T18:20:46.046195Z[0m [32m INFO[0m [2mreporter[0m[2m:[0m reported: Signals { gpu_utilization: Some(100.0), gpu_memory_used_bytes: Some(21112225792), active_service_count: Some(1), kv_cache_hit_rate: Some(0.80646884), tokens_per_joule: Some(1.7101368) }
[2m2026-07-23T18:21:01.063725Z[0m [32m INFO[0m [2mreporter[0m[2m:[0m reported: Signals { gpu_utilization: Some(100.0), gpu_memory_used_bytes: Some(21112225792), active_service_count: Some(1), kv_cache_hit_rate: Some(0.84728664), tokens_per_joule: Some(1.6989787) }
[2m2026-07-23T18:21:16.081551Z[0m [32m INFO[0m [2mreporter[0m[2m:[0m reported: Signals { gpu_utilization: Some(100.0), gpu_memory_used_bytes: Some(21112225792), active_service_count: Some(1), kv_cache_hit_rate: Some(0.8433283), tokens_per_joule: Some(1.7198204) }
[2m2026-07-23T18:21:31.105357Z[0m [32m INFO[0m [2mreporter[0m[2m:[0m reported: Signals { gpu_utilization: Some(100.0), gpu_memory_used_bytes: Some(21112225792), active_service_count: Some(1), kv_cache_hit_rate: Some(0.8414154), tokens_per_joule: Some(1.6919546) }
[2m2026-07-23T18:21:46.123039Z[0m [32m INFO[0m [2mreporter[0m[2m:[0m reported: Signals { gpu_utilization: Some(100.0), gpu_memory_used_bytes: Some(21112225792), active_service_count: Some(1), kv_cache_hit_rate: Some(0.78327835), tokens_per_joule: Some(1.7164382) }
[2m2026-07-23T18:22:01.141251Z[0m [32m INFO[0m [2mreporter[0m[2m:[0m reported: Signals { gpu_utilization: Some(100.0), gpu_memory_used_bytes: Some(21112225792), active_service_count: Some(1), kv_cache_hit_rate: Some(0.8476305), tokens_per_joule: Some(1.7223588) }
[2m2026-07-23T18:22:16.158769Z[0m [32m INFO[0m [2mreporter[0m[2m:[0m reported: Signals { gpu_utilization: Some(100.0), gpu_memory_used_bytes: Some(21112225792), active_service_count: Some(1), kv_cache_hit_rate: Some(0.8153709), tokens_per_joule: Some(1.6999402) }
[2m2026-07-23T18:22:31.175613Z[0m [32m INFO[0m [2mreporter[0m[2m:[0m reported: Signals { gpu_utilization: Some(100.0), gpu_memory_used_bytes: Some(21112225792), active_service_count: Some(1), kv_cache_hit_rate: Some(0.8434234), tokens_per_joule: Some(1.7291465) }
[2m2026-07-23T18:22:46.192739Z[0m [32m INFO[0m [2mreporter[0m[2m:[0m reported: Signals { gpu_utilization: Some(100.0), gpu_memory_used_bytes: Some(21112225792), active_service_count: Some(1), kv_cache_hit_rate: Some(0.78120655), tokens_per_joule: Some(1.7105026) }
[2m2026-07-23T18:23:01.292110Z[0m [32m INFO[0m [2mreporter[0m[2m:[0m reported: Signals { gpu_utilization: Some(0.0), gpu_memory_used_bytes: Some(21112225792), active_service_count: Some(1), kv_cache_hit_rate: Some(0.770271), tokens_per_joule: Some(1.5513489) }
[2m2026-07-23T18:23:16.296752Z[0m [33m WARN[0m [2mreporter[0m[2m:[0m scrape 'http://vllm-a-np.default.svc.cluster.local:8000/metrics': request failed: error sending request for url (http://vllm-a-np.default.svc.cluster.local:8000/metrics)
[2m2026-07-23T18:23:16.304242Z[0m [32m INFO[0m [2mreporter[0m[2m:[0m reported: Signals { gpu_utilization: Some(0.0), gpu_memory_used_bytes: Some(0), active_service_count: Some(0), kv_cache_hit_rate: None, tokens_per_joule: None }
[2m2026-07-23T18:23:31.308028Z[0m [33m WARN[0m [2mreporter[0m[2m:[0m scrape 'http://vllm-a-np.default.svc.cluster.local:8000/metrics': request failed: error sending request for url (http://vllm-a-np.default.svc.cluster.local:8000/metrics)
[2m2026-07-23T18:23:31.315952Z[0m [32m INFO[0m [2mreporter[0m[2m:[0m reported: Signals { gpu_utilization: Some(0.0), gpu_memory_used_bytes: Some(3014656), active_service_count: Some(0), kv_cache_hit_rate: None, tokens_per_joule: None }
[2m2026-07-23T18:23:46.320694Z[0m [33m WARN[0m [2mreporter[0m[2m:[0m scrape 'http://vllm-a-np.default.svc.cluster.local:8000/metrics': request failed: error sending request for url (http://vllm-a-np.default.svc.cluster.local:8000/metrics)
[2m2026-07-23T18:23:46.326988Z[0m [32m INFO[0m [2mreporter[0m[2m:[0m reported: Signals { gpu_utilization: Some(31.0), gpu_memory_used_bytes: Some(15739322368), active_service_count: Some(0), kv_cache_hit_rate: None, tokens_per_joule: None }
[2m2026-07-23T18:24:01.331131Z[0m [33m WARN[0m [2mreporter[0m[2m:[0m scrape 'http://vllm-a-np.default.svc.cluster.local:8000/metrics': request failed: error sending request for url (http://vllm-a-np.default.svc.cluster.local:8000/metrics)
[2m2026-07-23T18:24:01.336483Z[0m [32m INFO[0m [2mreporter[0m[2m:[0m reported: Signals { gpu_utilization: Some(0.0), gpu_memory_used_bytes: Some(16810967040), active_service_count: Some(0), kv_cache_hit_rate: None, tokens_per_joule: None }
[2m2026-07-23T18:24:16.340530Z[0m [33m WARN[0m [2mreporter[0m[2m:[0m scrape 'http://vllm-a-np.default.svc.cluster.local:8000/metrics': request failed: error sending request for url (http://vllm-a-np.default.svc.cluster.local:8000/metrics)
[2m2026-07-23T18:24:16.351246Z[0m [32m INFO[0m [2mreporter[0m[2m:[0m reported: Signals { gpu_utilization: Some(60.0), gpu_memory_used_bytes: Some(20529217536), active_service_count: Some(0), kv_cache_hit_rate: None, tokens_per_joule: None }
[2m2026-07-23T18:24:31.401161Z[0m [32m INFO[0m [2mreporter[0m[2m:[0m reported: Signals { gpu_utilization: Some(0.0), gpu_memory_used_bytes: Some(21110128640), active_service_count: Some(1), kv_cache_hit_rate: None, tokens_per_joule: None }
[2m2026-07-23T18:24:46.416034Z[0m [32m INFO[0m [2mreporter[0m[2m:[0m reported: Signals { gpu_utilization: Some(0.0), gpu_memory_used_bytes: Some(21110128640), active_service_count: Some(1), kv_cache_hit_rate: None, tokens_per_joule: Some(0.0) }
[2m2026-07-23T18:25:01.430638Z[0m [32m INFO[0m [2mreporter[0m[2m:[0m reported: Signals { gpu_utilization: Some(0.0), gpu_memory_used_bytes: Some(21110128640), active_service_count: Some(1), kv_cache_hit_rate: None, tokens_per_joule: Some(0.0) }
[2m2026-07-23T18:25:16.492383Z[0m [32m INFO[0m [2mreporter[0m[2m:[0m reported: Signals { gpu_utilization: Some(100.0), gpu_memory_used_bytes: Some(21112225792), active_service_count: Some(1), kv_cache_hit_rate: Some(0.653642), tokens_per_joule: Some(1.2507104) }
[2m2026-07-23T18:25:31.511684Z[0m [32m INFO[0m [2mreporter[0m[2m:[0m reported: Signals { gpu_utilization: Some(100.0), gpu_memory_used_bytes: Some(21112225792), active_service_count: Some(1), kv_cache_hit_rate: Some(0.8369554), tokens_per_joule: Some(1.6989014) }
[2m2026-07-23T18:25:46.531590Z[0m [32m INFO[0m [2mreporter[0m[2m:[0m reported: Signals { gpu_utilization: Some(100.0), gpu_memory_used_bytes: Some(21112225792), active_service_count: Some(1), kv_cache_hit_rate: Some(0.8107981), tokens_per_joule: Some(1.7321714) }
[2m2026-07-23T18:26:01.550836Z[0m [32m INFO[0m [2mreporter[0m[2m:[0m reported: Signals { gpu_utilization: Some(100.0), gpu_memory_used_bytes: Some(21112225792), active_service_count: Some(1), kv_cache_hit_rate: Some(0.82058036), tokens_per_joule: Some(1.6936114) }
[2m2026-07-23T18:26:16.654256Z[0m [32m INFO[0m [2mreporter[0m[2m:[0m reported: Signals { gpu_utilization: Some(100.0), gpu_memory_used_bytes: Some(21112225792), active_service_count: Some(1), kv_cache_hit_rate: Some(0.85235435), tokens_per_joule: Some(1.7221917) }
[2m2026-07-23T18:26:31.670409Z[0m [32m INFO[0m [2mreporter[0m[2m:[0m reported: Signals { gpu_utilization: Some(100.0), gpu_memory_used_bytes: Some(21112225792), active_service_count: Some(1), kv_cache_hit_rate: Some(0.7371395), tokens_per_joule: Some(1.702205) }
[2m2026-07-23T18:26:46.686230Z[0m [32m INFO[0m [2mreporter[0m[2m:[0m reported: Signals { gpu_utilization: Some(100.0), gpu_memory_used_bytes: Some(21112225792), active_service_count: Some(1), kv_cache_hit_rate: Some(0.81912464), tokens_per_joule: Some(1.7175447) }
[2m2026-07-23T18:27:01.704085Z[0m [32m INFO[0m [2mreporter[0m[2m:[0m reported: Signals { gpu_utilization: Some(100.0), gpu_memory_used_bytes: Some(21112225792), active_service_count: Some(1), kv_cache_hit_rate: Some(0.77568364), tokens_per_joule: Some(1.7113415) }
[2m2026-07-23T18:27:16.723043Z[0m [32m INFO[0m [2mreporter[0m[2m:[0m reported: Signals { gpu_utilization: Some(100.0), gpu_memory_used_bytes: Some(21112225792), active_service_count: Some(1), kv_cache_hit_rate: Some(0.8288938), tokens_per_joule: Some(1.7145194) }
[2m2026-07-23T18:27:31.742020Z[0m [32m INFO[0m [2mreporter[0m[2m:[0m reported: Signals { gpu_utilization: Some(100.0), gpu_memory_used_bytes: Some(21112225792), active_service_count: Some(1), kv_cache_hit_rate: Some(0.81783783), tokens_per_joule: Some(1.6975574) }
[2m2026-07-23T18:27:46.762261Z[0m [32m INFO[0m [2mreporter[0m[2m:[0m reported: Signals { gpu_utilization: Some(100.0), gpu_memory_used_bytes: Some(21112225792), active_service_count: Some(1), kv_cache_hit_rate: Some(0.8252441), tokens_per_joule: Some(1.7107309) }
[2m2026-07-23T18:28:01.851180Z[0m [32m INFO[0m [2mreporter[0m[2m:[0m reported: Signals { gpu_utilization: Some(100.0), gpu_memory_used_bytes: Some(21112225792), active_service_count: Some(1), kv_cache_hit_rate: Some(0.8318914), tokens_per_joule: Some(1.7323984) }
[2m2026-07-23T18:28:16.870844Z[0m [32m INFO[0m [2mreporter[0m[2m:[0m reported: Signals { gpu_utilization: Some(100.0), gpu_memory_used_bytes: Some(21112225792), active_service_count: Some(1), kv_cache_hit_rate: Some(0.78454596), tokens_per_joule: Some(1.689324) }
[2m2026-07-23T18:28:31.954533Z[0m [32m INFO[0m [2mreporter[0m[2m:[0m reported: Signals { gpu_utilization: Some(100.0), gpu_memory_used_bytes: Some(21112225792), active_service_count: Some(1), kv_cache_hit_rate: Some(0.7823316), tokens_per_joule: Some(1.7320367) }
[2m2026-07-23T18:28:46.972318Z[0m [32m INFO[0m [2mreporter[0m[2m:[0m reported: Signals { gpu_utilization: Some(100.0), gpu_memory_used_bytes: Some(21112225792), active_service_count: Some(1), kv_cache_hit_rate: Some(0.8475044), tokens_per_joule: Some(1.7189307) }
[2m2026-07-23T18:29:01.991128Z[0m [32m INFO[0m [2mreporter[0m[2m:[0m reported: Signals { gpu_utilization: Some(100.0), gpu_memory_used_bytes: Some(21112225792), active_service_count: Some(1), kv_cache_hit_rate: Some(0.822576), tokens_per_joule: Some(1.7162482) }
[2m2026-07-23T18:29:17.009218Z[0m [32m INFO[0m [2mreporter[0m[2m:[0m reported: Signals { gpu_utilization: Some(100.0), gpu_memory_used_bytes: Some(21112225792), active_service_count: Some(1), kv_cache_hit_rate: Some(0.81258076), tokens_per_joule: Some(1.7178894) }
[2m2026-07-23T18:29:32.027723Z[0m [32m INFO[0m [2mreporter[0m[2m:[0m reported: Signals { gpu_utilization: Some(100.0), gpu_memory_used_bytes: Some(21112225792), active_service_count: Some(1), kv_cache_hit_rate: Some(0.8161197), tokens_per_joule: Some(1.700307) }
[2m2026-07-23T18:29:47.050121Z[0m [32m INFO[0m [2mreporter[0m[2m:[0m reported: Signals { gpu_utilization: Some(100.0), gpu_memory_used_bytes: Some(21112225792), active_service_count: Some(1), kv_cache_hit_rate: Some(0.8267587), tokens_per_joule: Some(1.7126863) }
[2m2026-07-23T18:30:02.068319Z[0m [32m INFO[0m [2mreporter[0m[2m:[0m reported: Signals { gpu_utilization: Some(100.0), gpu_memory_used_bytes: Some(21112225792), active_service_count: Some(1), kv_cache_hit_rate: Some(0.82695806), tokens_per_joule: Some(1.7248864) }
[2m2026-07-23T18:30:17.086337Z[0m [32m INFO[0m [2mreporter[0m[2m:[0m reported: Signals { gpu_utilization: Some(100.0), gpu_memory_used_bytes: Some(21112225792), active_service_count: Some(1), kv_cache_hit_rate: Some(0.8059997), tokens_per_joule: Some(1.6850849) }
[2m2026-07-23T18:30:32.100874Z[0m [32m INFO[0m [2mreporter[0m[2m:[0m reported: Signals { gpu_utilization: Some(100.0), gpu_memory_used_bytes: Some(21112225792), active_service_count: Some(1), kv_cache_hit_rate: Some(0.81106764), tokens_per_joule: Some(1.7163818) }
[2m2026-07-23T18:30:47.116875Z[0m [32m INFO[0m [2mreporter[0m[2m:[0m reported: Signals { gpu_utilization: Some(100.0), gpu_memory_used_bytes: Some(21112225792), active_service_count: Some(1), kv_cache_hit_rate: Some(0.82556355), tokens_per_joule: Some(1.7110116) }
[2m2026-07-23T18:31:02.132629Z[0m [32m INFO[0m [2mreporter[0m[2m:[0m reported: Signals { gpu_utilization: Some(100.0), gpu_memory_used_bytes: Some(21112225792), active_service_count: Some(1), kv_cache_hit_rate: Some(0.83254164), tokens_per_joule: Some(1.7247629) }
[2m2026-07-23T18:31:17.148983Z[0m [32m INFO[0m [2mreporter[0m[2m:[0m reported: Signals { gpu_utilization: Some(100.0), gpu_memory_used_bytes: Some(21112225792), active_service_count: Some(1), kv_cache_hit_rate: Some(0.8232967), tokens_per_joule: Some(1.7100534) }
[2m2026-07-23T18:31:32.163879Z[0m [32m INFO[0m [2mreporter[0m[2m:[0m reported: Signals { gpu_utilization: Some(100.0), gpu_memory_used_bytes: Some(21112225792), active_service_count: Some(1), kv_cache_hit_rate: Some(0.8283252), tokens_per_joule: Some(1.705199) }
[2m2026-07-23T18:31:47.183053Z[0m [32m INFO[0m [2mreporter[0m[2m:[0m reported: Signals { gpu_utilization: Some(100.0), gpu_memory_used_bytes: Some(21112225792), active_service_count: Some(1), kv_cache_hit_rate: Some(0.8275461), tokens_per_joule: Some(1.7062304) }
[2m2026-07-23T18:32:02.199127Z[0m [32m INFO[0m [2mreporter[0m[2m:[0m reported: Signals { gpu_utilization: Some(100.0), gpu_memory_used_bytes: Some(21112225792), active_service_count: Some(1), kv_cache_hit_rate: Some(0.83060896), tokens_per_joule: Some(1.695704) }
[2m2026-07-23T18:32:17.203457Z[0m [33m WARN[0m [2mreporter[0m[2m:[0m scrape 'http://vllm-a-np.default.svc.cluster.local:8000/metrics': request failed: error sending request for url (http://vllm-a-np.default.svc.cluster.local:8000/metrics)
[2m2026-07-23T18:32:17.208949Z[0m [32m INFO[0m [2mreporter[0m[2m:[0m reported: Signals { gpu_utilization: Some(0.0), gpu_memory_used_bytes: Some(0), active_service_count: Some(0), kv_cache_hit_rate: None, tokens_per_joule: None }
[2m2026-07-23T18:32:32.213254Z[0m [33m WARN[0m [2mreporter[0m[2m:[0m scrape 'http://vllm-a-np.default.svc.cluster.local:8000/metrics': request failed: error sending request for url (http://vllm-a-np.default.svc.cluster.local:8000/metrics)
[2m2026-07-23T18:32:32.219810Z[0m [32m INFO[0m [2mreporter[0m[2m:[0m reported: Signals { gpu_utilization: Some(0.0), gpu_memory_used_bytes: Some(0), active_service_count: Some(0), kv_cache_hit_rate: None, tokens_per_joule: None }
[2m2026-07-23T18:32:47.224356Z[0m [33m WARN[0m [2mreporter[0m[2m:[0m scrape 'http://vllm-a-np.default.svc.cluster.local:8000/metrics': request failed: error sending request for url (http://vllm-a-np.default.svc.cluster.local:8000/metrics)
[2m2026-07-23T18:32:47.231312Z[0m [32m INFO[0m [2mreporter[0m[2m:[0m reported: Signals { gpu_utilization: Some(0.0), gpu_memory_used_bytes: Some(3014656), active_service_count: Some(0), kv_cache_hit_rate: None, tokens_per_joule: None }
[2m2026-07-23T18:33:02.235687Z[0m [33m WARN[0m [2mreporter[0m[2m:[0m scrape 'http://vllm-a-np.default.svc.cluster.local:8000/metrics': request failed: error sending request for url (http://vllm-a-np.default.svc.cluster.local:8000/metrics)
[2m2026-07-23T18:33:02.245606Z[0m [32m INFO[0m [2mreporter[0m[2m:[0m reported: Signals { gpu_utilization: Some(0.0), gpu_memory_used_bytes: Some(16810967040), active_service_count: Some(0), kv_cache_hit_rate: None, tokens_per_joule: None }
[2m2026-07-23T18:33:17.250117Z[0m [33m WARN[0m [2mreporter[0m[2m:[0m scrape 'http://vllm-a-np.default.svc.cluster.local:8000/metrics': request failed: error sending request for url (http://vllm-a-np.default.svc.cluster.local:8000/metrics)
[2m2026-07-23T18:33:17.255888Z[0m [32m INFO[0m [2mreporter[0m[2m:[0m reported: Signals { gpu_utilization: Some(0.0), gpu_memory_used_bytes: Some(20151730176), active_service_count: Some(0), kv_cache_hit_rate: None, tokens_per_joule: None }
[2m2026-07-23T18:33:32.292893Z[0m [32m INFO[0m [2mreporter[0m[2m:[0m reported: Signals { gpu_utilization: Some(0.0), gpu_memory_used_bytes: Some(21110128640), active_service_count: Some(1), kv_cache_hit_rate: None, tokens_per_joule: None }
[2m2026-07-23T18:33:47.307435Z[0m [32m INFO[0m [2mreporter[0m[2m:[0m reported: Signals { gpu_utilization: Some(0.0), gpu_memory_used_bytes: Some(21110128640), active_service_count: Some(1), kv_cache_hit_rate: None, tokens_per_joule: Some(0.0) }
[2m2026-07-23T18:34:02.322123Z[0m [32m INFO[0m [2mreporter[0m[2m:[0m reported: Signals { gpu_utilization: Some(0.0), gpu_memory_used_bytes: Some(21110128640), active_service_count: Some(1), kv_cache_hit_rate: None, tokens_per_joule: Some(0.0) }
[2m2026-07-23T18:34:17.392133Z[0m [32m INFO[0m [2mreporter[0m[2m:[0m reported: Signals { gpu_utilization: Some(100.0), gpu_memory_used_bytes: Some(21112225792), active_service_count: Some(1), kv_cache_hit_rate: Some(0.7027978), tokens_per_joule: Some(0.8923555) }
[2m2026-07-23T18:34:32.410862Z[0m [32m INFO[0m [2mreporter[0m[2m:[0m reported: Signals { gpu_utilization: Some(100.0), gpu_memory_used_bytes: Some(21112225792), active_service_count: Some(1), kv_cache_hit_rate: Some(0.82255834), tokens_per_joule: Some(1.7133775) }
[2m2026-07-23T18:34:47.430249Z[0m [32m INFO[0m [2mreporter[0m[2m:[0m reported: Signals { gpu_utilization: Some(100.0), gpu_memory_used_bytes: Some(21112225792), active_service_count: Some(1), kv_cache_hit_rate: Some(0.75624007), tokens_per_joule: Some(1.7220863) }
[2m2026-07-23T18:35:02.451541Z[0m [32m INFO[0m [2mreporter[0m[2m:[0m reported: Signals { gpu_utilization: Some(100.0), gpu_memory_used_bytes: Some(21112225792), active_service_count: Some(1), kv_cache_hit_rate: Some(0.82239646), tokens_per_joule: Some(1.69634) }
[2m2026-07-23T18:35:17.469078Z[0m [32m INFO[0m [2mreporter[0m[2m:[0m reported: Signals { gpu_utilization: Some(100.0), gpu_memory_used_bytes: Some(21112225792), active_service_count: Some(1), kv_cache_hit_rate: Some(0.8512234), tokens_per_joule: Some(1.7239264) }
[2m2026-07-23T18:35:32.490232Z[0m [32m INFO[0m [2mreporter[0m[2m:[0m reported: Signals { gpu_utilization: Some(100.0), gpu_memory_used_bytes: Some(21112225792), active_service_count: Some(1), kv_cache_hit_rate: Some(0.74176323), tokens_per_joule: Some(1.7149526) }
[2m2026-07-23T18:35:47.510535Z[0m [32m INFO[0m [2mreporter[0m[2m:[0m reported: Signals { gpu_utilization: Some(100.0), gpu_memory_used_bytes: Some(21112225792), active_service_count: Some(1), kv_cache_hit_rate: Some(0.8248617), tokens_per_joule: Some(1.6972809) }
[2m2026-07-23T18:36:02.535234Z[0m [32m INFO[0m [2mreporter[0m[2m:[0m reported: Signals { gpu_utilization: Some(100.0), gpu_memory_used_bytes: Some(21112225792), active_service_count: Some(1), kv_cache_hit_rate: Some(0.8385161), tokens_per_joule: Some(1.7231302) }
[2m2026-07-23T18:36:17.553944Z[0m [32m INFO[0m [2mreporter[0m[2m:[0m reported: Signals { gpu_utilization: Some(100.0), gpu_memory_used_bytes: Some(21112225792), active_service_count: Some(1), kv_cache_hit_rate: Some(0.77934873), tokens_per_joule: Some(1.7184339) }
[2m2026-07-23T18:36:32.572293Z[0m [32m INFO[0m [2mreporter[0m[2m:[0m reported: Signals { gpu_utilization: Some(100.0), gpu_memory_used_bytes: Some(21112225792), active_service_count: Some(1), kv_cache_hit_rate: Some(0.8558251), tokens_per_joule: Some(1.7088776) }
[2m2026-07-23T18:36:47.590509Z[0m [32m INFO[0m [2mreporter[0m[2m:[0m reported: Signals { gpu_utilization: Some(100.0), gpu_memory_used_bytes: Some(21112225792), active_service_count: Some(1), kv_cache_hit_rate: Some(0.7892339), tokens_per_joule: Some(1.7075754) }
[2m2026-07-23T18:37:02.691980Z[0m [32m INFO[0m [2mreporter[0m[2m:[0m reported: Signals { gpu_utilization: Some(100.0), gpu_memory_used_bytes: Some(21112225792), active_service_count: Some(1), kv_cache_hit_rate: Some(0.8070006), tokens_per_joule: Some(1.715933) }
[2m2026-07-23T18:37:17.708568Z[0m [32m INFO[0m [2mreporter[0m[2m:[0m reported: Signals { gpu_utilization: Some(100.0), gpu_memory_used_bytes: Some(21112225792), active_service_count: Some(1), kv_cache_hit_rate: Some(0.78924763), tokens_per_joule: Some(1.7130196) }
[2m2026-07-23T18:37:32.725825Z[0m [32m INFO[0m [2mreporter[0m[2m:[0m reported: Signals { gpu_utilization: Some(100.0), gpu_memory_used_bytes: Some(21112225792), active_service_count: Some(1), kv_cache_hit_rate: Some(0.7647984), tokens_per_joule: Some(1.7186168) }
[2m2026-07-23T18:37:47.741558Z[0m [32m INFO[0m [2mreporter[0m[2m:[0m reported: Signals { gpu_utilization: Some(100.0), gpu_memory_used_bytes: Some(21112225792), active_service_count: Some(1), kv_cache_hit_rate: Some(0.8161074), tokens_per_joule: Some(1.7047203) }
[2m2026-07-23T18:38:02.757753Z[0m [32m INFO[0m [2mreporter[0m[2m:[0m reported: Signals { gpu_utilization: Some(100.0), gpu_memory_used_bytes: Some(21112225792), active_service_count: Some(1), kv_cache_hit_rate: Some(0.8500109), tokens_per_joule: Some(1.7099482) }
[2m2026-07-23T18:38:17.774497Z[0m [32m INFO[0m [2mreporter[0m[2m:[0m reported: Signals { gpu_utilization: Some(100.0), gpu_memory_used_bytes: Some(21112225792), active_service_count: Some(1), kv_cache_hit_rate: Some(0.7851498), tokens_per_joule: Some(1.7108301) }
[2m2026-07-23T18:38:32.790788Z[0m [32m INFO[0m [2mreporter[0m[2m:[0m reported: Signals { gpu_utilization: Some(100.0), gpu_memory_used_bytes: Some(21112225792), active_service_count: Some(1), kv_cache_hit_rate: Some(0.8044663), tokens_per_joule: Some(1.7021652) }
[2m2026-07-23T18:38:47.805828Z[0m [32m INFO[0m [2mreporter[0m[2m:[0m reported: Signals { gpu_utilization: Some(100.0), gpu_memory_used_bytes: Some(21112225792), active_service_count: Some(1), kv_cache_hit_rate: Some(0.8156953), tokens_per_joule: Some(1.7030115) }
[2m2026-07-23T18:39:02.824212Z[0m [32m INFO[0m [2mreporter[0m[2m:[0m reported: Signals { gpu_utilization: Some(100.0), gpu_memory_used_bytes: Some(21112225792), active_service_count: Some(1), kv_cache_hit_rate: Some(0.82211816), tokens_per_joule: Some(1.717226) }
[2m2026-07-23T18:39:17.841094Z[0m [32m INFO[0m [2mreporter[0m[2m:[0m reported: Signals { gpu_utilization: Some(100.0), gpu_memory_used_bytes: Some(21112225792), active_service_count: Some(1), kv_cache_hit_rate: Some(0.83555174), tokens_per_joule: Some(1.7265917) }
[2m2026-07-23T18:39:32.860792Z[0m [32m INFO[0m [2mreporter[0m[2m:[0m reported: Signals { gpu_utilization: Some(100.0), gpu_memory_used_bytes: Some(21112225792), active_service_count: Some(1), kv_cache_hit_rate: Some(0.81653976), tokens_per_joule: Some(1.714558) }
[2m2026-07-23T18:39:47.954341Z[0m [32m INFO[0m [2mreporter[0m[2m:[0m reported: Signals { gpu_utilization: Some(100.0), gpu_memory_used_bytes: Some(21112225792), active_service_count: Some(1), kv_cache_hit_rate: Some(0.7658606), tokens_per_joule: Some(1.7036946) }
[2m2026-07-23T18:40:02.971658Z[0m [32m INFO[0m [2mreporter[0m[2m:[0m reported: Signals { gpu_utilization: Some(100.0), gpu_memory_used_bytes: Some(21112225792), active_service_count: Some(1), kv_cache_hit_rate: Some(0.8245632), tokens_per_joule: Some(1.7245797) }
[2m2026-07-23T18:40:17.993969Z[0m [32m INFO[0m [2mreporter[0m[2m:[0m reported: Signals { gpu_utilization: Some(100.0), gpu_memory_used_bytes: Some(21112225792), active_service_count: Some(1), kv_cache_hit_rate: Some(0.8475455), tokens_per_joule: Some(1.6800802) }
[2m2026-07-23T18:40:33.011618Z[0m [32m INFO[0m [2mreporter[0m[2m:[0m reported: Signals { gpu_utilization: Some(100.0), gpu_memory_used_bytes: Some(21112225792), active_service_count: Some(1), kv_cache_hit_rate: Some(0.8426716), tokens_per_joule: Some(1.7311496) }
[2m2026-07-23T18:40:48.030164Z[0m [32m INFO[0m [2mreporter[0m[2m:[0m reported: Signals { gpu_utilization: Some(100.0), gpu_memory_used_bytes: Some(21112225792), active_service_count: Some(1), kv_cache_hit_rate: Some(0.8574944), tokens_per_joule: Some(1.7091959) }
[2m2026-07-23T18:41:03.050397Z[0m [32m INFO[0m [2mreporter[0m[2m:[0m reported: Signals { gpu_utilization: Some(100.0), gpu_memory_used_bytes: Some(21112225792), active_service_count: Some(1), kv_cache_hit_rate: Some(0.8235617), tokens_per_joule: Some(1.7182766) }
[2m2026-07-23T18:41:18.063728Z[0m [32m INFO[0m [2mreporter[0m[2m:[0m reported: Signals { gpu_utilization: Some(0.0), gpu_memory_used_bytes: Some(21112225792), active_service_count: Some(1), kv_cache_hit_rate: Some(0.7152185), tokens_per_joule: Some(1.1830577) }
[2m2026-07-23T18:41:33.068625Z[0m [33m WARN[0m [2mreporter[0m[2m:[0m scrape 'http://vllm-a-np.default.svc.cluster.local:8000/metrics': request failed: error sending request for url (http://vllm-a-np.default.svc.cluster.local:8000/metrics)
[2m2026-07-23T18:41:33.075973Z[0m [32m INFO[0m [2mreporter[0m[2m:[0m reported: Signals { gpu_utilization: Some(0.0), gpu_memory_used_bytes: Some(0), active_service_count: Some(0), kv_cache_hit_rate: None, tokens_per_joule: None }
[2m2026-07-23T18:41:48.080536Z[0m [33m WARN[0m [2mreporter[0m[2m:[0m scrape 'http://vllm-a-np.default.svc.cluster.local:8000/metrics': request failed: error sending request for url (http://vllm-a-np.default.svc.cluster.local:8000/metrics)
[2m2026-07-23T18:41:48.087771Z[0m [32m INFO[0m [2mreporter[0m[2m:[0m reported: Signals { gpu_utilization: Some(0.0), gpu_memory_used_bytes: Some(3014656), active_service_count: Some(0), kv_cache_hit_rate: None, tokens_per_joule: None }
[2m2026-07-23T18:42:03.091977Z[0m [33m WARN[0m [2mreporter[0m[2m:[0m scrape 'http://vllm-a-np.default.svc.cluster.local:8000/metrics': request failed: error sending request for url (http://vllm-a-np.default.svc.cluster.local:8000/metrics)
[2m2026-07-23T18:42:03.097364Z[0m [32m INFO[0m [2mreporter[0m[2m:[0m reported: Signals { gpu_utilization: Some(0.0), gpu_memory_used_bytes: Some(15680602112), active_service_count: Some(0), kv_cache_hit_rate: None, tokens_per_joule: None }
[2m2026-07-23T18:42:18.100859Z[0m [33m WARN[0m [2mreporter[0m[2m:[0m scrape 'http://vllm-a-np.default.svc.cluster.local:8000/metrics': request failed: error sending request for url (http://vllm-a-np.default.svc.cluster.local:8000/metrics)
[2m2026-07-23T18:42:18.106508Z[0m [32m INFO[0m [2mreporter[0m[2m:[0m reported: Signals { gpu_utilization: Some(0.0), gpu_memory_used_bytes: Some(16829841408), active_service_count: Some(0), kv_cache_hit_rate: None, tokens_per_joule: None }
[2m2026-07-23T18:42:33.110518Z[0m [33m WARN[0m [2mreporter[0m[2m:[0m scrape 'http://vllm-a-np.default.svc.cluster.local:8000/metrics': request failed: error sending request for url (http://vllm-a-np.default.svc.cluster.local:8000/metrics)
[2m2026-07-23T18:42:33.115905Z[0m [32m INFO[0m [2mreporter[0m[2m:[0m reported: Signals { gpu_utilization: Some(0.0), gpu_memory_used_bytes: Some(21110128640), active_service_count: Some(0), kv_cache_hit_rate: None, tokens_per_joule: None }
[2m2026-07-23T18:42:48.152633Z[0m [32m INFO[0m [2mreporter[0m[2m:[0m reported: Signals { gpu_utilization: Some(0.0), gpu_memory_used_bytes: Some(21110128640), active_service_count: Some(1), kv_cache_hit_rate: None, tokens_per_joule: None }
[2m2026-07-23T18:43:03.166402Z[0m [32m INFO[0m [2mreporter[0m[2m:[0m reported: Signals { gpu_utilization: Some(0.0), gpu_memory_used_bytes: Some(21110128640), active_service_count: Some(1), kv_cache_hit_rate: None, tokens_per_joule: Some(0.0) }
[2m2026-07-23T18:43:18.184312Z[0m [32m INFO[0m [2mreporter[0m[2m:[0m reported: Signals { gpu_utilization: Some(100.0), gpu_memory_used_bytes: Some(21112225792), active_service_count: Some(1), kv_cache_hit_rate: Some(0.6652963), tokens_per_joule: Some(0.2722429) }
[2m2026-07-23T18:43:33.202293Z[0m [32m INFO[0m [2mreporter[0m[2m:[0m reported: Signals { gpu_utilization: Some(100.0), gpu_memory_used_bytes: Some(21112225792), active_service_count: Some(1), kv_cache_hit_rate: Some(0.8134732), tokens_per_joule: Some(1.6984822) }
[2m2026-07-23T18:43:48.219989Z[0m [32m INFO[0m [2mreporter[0m[2m:[0m reported: Signals { gpu_utilization: Some(100.0), gpu_memory_used_bytes: Some(21112225792), active_service_count: Some(1), kv_cache_hit_rate: Some(0.8121595), tokens_per_joule: Some(1.7091228) }
[2m2026-07-23T18:44:03.292154Z[0m [32m INFO[0m [2mreporter[0m[2m:[0m reported: Signals { gpu_utilization: Some(100.0), gpu_memory_used_bytes: Some(21112225792), active_service_count: Some(1), kv_cache_hit_rate: Some(0.83184606), tokens_per_joule: Some(1.7011962) }
[2m2026-07-23T18:44:18.310764Z[0m [32m INFO[0m [2mreporter[0m[2m:[0m reported: Signals { gpu_utilization: Some(100.0), gpu_memory_used_bytes: Some(21112225792), active_service_count: Some(1), kv_cache_hit_rate: Some(0.82468224), tokens_per_joule: Some(1.722178) }
[2m2026-07-23T18:44:33.392332Z[0m [32m INFO[0m [2mreporter[0m[2m:[0m reported: Signals { gpu_utilization: Some(100.0), gpu_memory_used_bytes: Some(21112225792), active_service_count: Some(1), kv_cache_hit_rate: Some(0.82043153), tokens_per_joule: Some(1.7075782) }
[2m2026-07-23T18:44:48.410730Z[0m [32m INFO[0m [2mreporter[0m[2m:[0m reported: Signals { gpu_utilization: Some(100.0), gpu_memory_used_bytes: Some(21112225792), active_service_count: Some(1), kv_cache_hit_rate: Some(0.8250947), tokens_per_joule: Some(1.7172709) }
[2m2026-07-23T18:45:03.428885Z[0m [32m INFO[0m [2mreporter[0m[2m:[0m reported: Signals { gpu_utilization: Some(100.0), gpu_memory_used_bytes: Some(21112225792), active_service_count: Some(1), kv_cache_hit_rate: Some(0.73669773), tokens_per_joule: Some(1.7233788) }
[2m2026-07-23T18:45:18.447713Z[0m [32m INFO[0m [2mreporter[0m[2m:[0m reported: Signals { gpu_utilization: Some(100.0), gpu_memory_used_bytes: Some(21112225792), active_service_count: Some(1), kv_cache_hit_rate: Some(0.7510513), tokens_per_joule: Some(1.7056975) }
[2m2026-07-23T18:45:33.466858Z[0m [32m INFO[0m [2mreporter[0m[2m:[0m reported: Signals { gpu_utilization: Some(100.0), gpu_memory_used_bytes: Some(21112225792), active_service_count: Some(1), kv_cache_hit_rate: Some(0.83189255), tokens_per_joule: Some(1.7055099) }
[2m2026-07-23T18:45:48.489166Z[0m [32m INFO[0m [2mreporter[0m[2m:[0m reported: Signals { gpu_utilization: Some(100.0), gpu_memory_used_bytes: Some(21112225792), active_service_count: Some(1), kv_cache_hit_rate: Some(0.8225385), tokens_per_joule: Some(1.7177119) }
[2m2026-07-23T18:46:03.505537Z[0m [32m INFO[0m [2mreporter[0m[2m:[0m reported: Signals { gpu_utilization: Some(100.0), gpu_memory_used_bytes: Some(21112225792), active_service_count: Some(1), kv_cache_hit_rate: Some(0.82676935), tokens_per_joule: Some(1.716963) }
[2m2026-07-23T18:46:18.522638Z[0m [32m INFO[0m [2mreporter[0m[2m:[0m reported: Signals { gpu_utilization: Some(100.0), gpu_memory_used_bytes: Some(21112225792), active_service_count: Some(1), kv_cache_hit_rate: Some(0.8170678), tokens_per_joule: Some(1.704625) }
[2m2026-07-23T18:46:33.538530Z[0m [32m INFO[0m [2mreporter[0m[2m:[0m reported: Signals { gpu_utilization: Some(100.0), gpu_memory_used_bytes: Some(21112225792), active_service_count: Some(1), kv_cache_hit_rate: Some(0.81555074), tokens_per_joule: Some(1.7195132) }
[2m2026-07-23T18:46:48.556906Z[0m [32m INFO[0m [2mreporter[0m[2m:[0m reported: Signals { gpu_utilization: Some(100.0), gpu_memory_used_bytes: Some(21112225792), active_service_count: Some(1), kv_cache_hit_rate: Some(0.7522245), tokens_per_joule: Some(1.7099146) }
[2m2026-07-23T18:47:03.574871Z[0m [32m INFO[0m [2mreporter[0m[2m:[0m reported: Signals { gpu_utilization: Some(100.0), gpu_memory_used_bytes: Some(21112225792), active_service_count: Some(1), kv_cache_hit_rate: Some(0.7962029), tokens_per_joule: Some(1.6917243) }
[2m2026-07-23T18:47:18.593817Z[0m [32m INFO[0m [2mreporter[0m[2m:[0m reported: Signals { gpu_utilization: Some(100.0), gpu_memory_used_bytes: Some(21112225792), active_service_count: Some(1), kv_cache_hit_rate: Some(0.8106789), tokens_per_joule: Some(1.728336) }
[2m2026-07-23T18:47:33.618258Z[0m [32m INFO[0m [2mreporter[0m[2m:[0m reported: Signals { gpu_utilization: Some(100.0), gpu_memory_used_bytes: Some(21112225792), active_service_count: Some(1), kv_cache_hit_rate: Some(0.83174133), tokens_per_joule: Some(1.7157876) }
[2m2026-07-23T18:47:48.635261Z[0m [32m INFO[0m [2mreporter[0m[2m:[0m reported: Signals { gpu_utilization: Some(100.0), gpu_memory_used_bytes: Some(21112225792), active_service_count: Some(1), kv_cache_hit_rate: Some(0.7887701), tokens_per_joule: Some(1.7236165) }
[2m2026-07-23T18:48:03.655996Z[0m [32m INFO[0m [2mreporter[0m[2m:[0m reported: Signals { gpu_utilization: Some(100.0), gpu_memory_used_bytes: Some(21112225792), active_service_count: Some(1), kv_cache_hit_rate: Some(0.83886254), tokens_per_joule: Some(1.7025945) }
[2m2026-07-23T18:48:18.673280Z[0m [32m INFO[0m [2mreporter[0m[2m:[0m reported: Signals { gpu_utilization: Some(100.0), gpu_memory_used_bytes: Some(21112225792), active_service_count: Some(1), kv_cache_hit_rate: Some(0.820807), tokens_per_joule: Some(1.704591) }
[2m2026-07-23T18:48:33.691653Z[0m [32m INFO[0m [2mreporter[0m[2m:[0m reported: Signals { gpu_utilization: Some(100.0), gpu_memory_used_bytes: Some(21112225792), active_service_count: Some(1), kv_cache_hit_rate: Some(0.8580362), tokens_per_joule: Some(1.7111917) }
[2m2026-07-23T18:48:48.792006Z[0m [32m INFO[0m [2mreporter[0m[2m:[0m reported: Signals { gpu_utilization: Some(100.0), gpu_memory_used_bytes: Some(21112225792), active_service_count: Some(1), kv_cache_hit_rate: Some(0.80674297), tokens_per_joule: Some(1.7324724) }
[2m2026-07-23T18:49:03.811625Z[0m [32m INFO[0m [2mreporter[0m[2m:[0m reported: Signals { gpu_utilization: Some(100.0), gpu_memory_used_bytes: Some(21112225792), active_service_count: Some(1), kv_cache_hit_rate: Some(0.8187995), tokens_per_joule: Some(1.7053149) }
[2m2026-07-23T18:49:18.829937Z[0m [32m INFO[0m [2mreporter[0m[2m:[0m reported: Signals { gpu_utilization: Some(100.0), gpu_memory_used_bytes: Some(21112225792), active_service_count: Some(1), kv_cache_hit_rate: Some(0.8521082), tokens_per_joule: Some(1.7022815) }
[2m2026-07-23T18:49:33.847837Z[0m [32m INFO[0m [2mreporter[0m[2m:[0m reported: Signals { gpu_utilization: Some(100.0), gpu_memory_used_bytes: Some(21112225792), active_service_count: Some(1), kv_cache_hit_rate: Some(0.7758297), tokens_per_joule: Some(1.7215134) }
[2m2026-07-23T18:49:48.865155Z[0m [32m INFO[0m [2mreporter[0m[2m:[0m reported: Signals { gpu_utilization: Some(100.0), gpu_memory_used_bytes: Some(21112225792), active_service_count: Some(1), kv_cache_hit_rate: Some(0.7913414), tokens_per_joule: Some(1.7042772) }
[2m2026-07-23T18:50:03.882573Z[0m [32m INFO[0m [2mreporter[0m[2m:[0m reported: Signals { gpu_utilization: Some(100.0), gpu_memory_used_bytes: Some(21112225792), active_service_count: Some(1), kv_cache_hit_rate: Some(0.79107445), tokens_per_joule: Some(1.7069589) }
[2m2026-07-23T18:50:18.898041Z[0m [32m INFO[0m [2mreporter[0m[2m:[0m reported: Signals { gpu_utilization: Some(22.0), gpu_memory_used_bytes: Some(21112225792), active_service_count: Some(1), kv_cache_hit_rate: Some(0.8074441), tokens_per_joule: Some(1.5249215) }
[2m2026-07-23T18:50:33.901899Z[0m [33m WARN[0m [2mreporter[0m[2m:[0m scrape 'http://vllm-a-np.default.svc.cluster.local:8000/metrics': request failed: error sending request for url (http://vllm-a-np.default.svc.cluster.local:8000/metrics)
[2m2026-07-23T18:50:33.909175Z[0m [32m INFO[0m [2mreporter[0m[2m:[0m reported: Signals { gpu_utilization: Some(0.0), gpu_memory_used_bytes: Some(0), active_service_count: Some(0), kv_cache_hit_rate: None, tokens_per_joule: None }
[2m2026-07-23T18:50:48.913585Z[0m [33m WARN[0m [2mreporter[0m[2m:[0m scrape 'http://vllm-a-np.default.svc.cluster.local:8000/metrics': request failed: error sending request for url (http://vllm-a-np.default.svc.cluster.local:8000/metrics)
[2m2026-07-23T18:50:48.921438Z[0m [32m INFO[0m [2mreporter[0m[2m:[0m reported: Signals { gpu_utilization: Some(0.0), gpu_memory_used_bytes: Some(3014656), active_service_count: Some(0), kv_cache_hit_rate: None, tokens_per_joule: None }
[2m2026-07-23T18:51:03.925087Z[0m [33m WARN[0m [2mreporter[0m[2m:[0m scrape 'http://vllm-a-np.default.svc.cluster.local:8000/metrics': request failed: error sending request for url (http://vllm-a-np.default.svc.cluster.local:8000/metrics)
[2m2026-07-23T18:51:03.931069Z[0m [32m INFO[0m [2mreporter[0m[2m:[0m reported: Signals { gpu_utilization: Some(29.0), gpu_memory_used_bytes: Some(15739322368), active_service_count: Some(0), kv_cache_hit_rate: None, tokens_per_joule: None }
[2m2026-07-23T18:51:18.935371Z[0m [33m WARN[0m [2mreporter[0m[2m:[0m scrape 'http://vllm-a-np.default.svc.cluster.local:8000/metrics': request failed: error sending request for url (http://vllm-a-np.default.svc.cluster.local:8000/metrics)
[2m2026-07-23T18:51:18.940584Z[0m [32m INFO[0m [2mreporter[0m[2m:[0m reported: Signals { gpu_utilization: Some(0.0), gpu_memory_used_bytes: Some(16810967040), active_service_count: Some(0), kv_cache_hit_rate: None, tokens_per_joule: None }
[2m2026-07-23T18:51:33.944829Z[0m [33m WARN[0m [2mreporter[0m[2m:[0m scrape 'http://vllm-a-np.default.svc.cluster.local:8000/metrics': request failed: error sending request for url (http://vllm-a-np.default.svc.cluster.local:8000/metrics)
[2m2026-07-23T18:51:33.951097Z[0m [32m INFO[0m [2mreporter[0m[2m:[0m reported: Signals { gpu_utilization: Some(73.0), gpu_memory_used_bytes: Some(20506148864), active_service_count: Some(0), kv_cache_hit_rate: None, tokens_per_joule: None }
[2m2026-07-23T18:51:48.999406Z[0m [32m INFO[0m [2mreporter[0m[2m:[0m reported: Signals { gpu_utilization: Some(0.0), gpu_memory_used_bytes: Some(21110128640), active_service_count: Some(1), kv_cache_hit_rate: None, tokens_per_joule: None }
[2m2026-07-23T18:52:04.014015Z[0m [32m INFO[0m [2mreporter[0m[2m:[0m reported: Signals { gpu_utilization: Some(0.0), gpu_memory_used_bytes: Some(21110128640), active_service_count: Some(1), kv_cache_hit_rate: None, tokens_per_joule: Some(0.0) }
[2m2026-07-23T18:52:19.029220Z[0m [32m INFO[0m [2mreporter[0m[2m:[0m reported: Signals { gpu_utilization: Some(100.0), gpu_memory_used_bytes: Some(21112225792), active_service_count: Some(1), kv_cache_hit_rate: Some(0.39019075), tokens_per_joule: Some(0.0039765346) }
[2m2026-07-23T18:52:34.046997Z[0m [32m INFO[0m [2mreporter[0m[2m:[0m reported: Signals { gpu_utilization: Some(100.0), gpu_memory_used_bytes: Some(21112225792), active_service_count: Some(1), kv_cache_hit_rate: Some(0.83193153), tokens_per_joule: Some(1.570537) }
[2m2026-07-23T18:52:49.066000Z[0m [32m INFO[0m [2mreporter[0m[2m:[0m reported: Signals { gpu_utilization: Some(100.0), gpu_memory_used_bytes: Some(21112225792), active_service_count: Some(1), kv_cache_hit_rate: Some(0.79014164), tokens_per_joule: Some(1.7234243) }
[2m2026-07-23T18:53:04.085767Z[0m [32m INFO[0m [2mreporter[0m[2m:[0m reported: Signals { gpu_utilization: Some(100.0), gpu_memory_used_bytes: Some(21112225792), active_service_count: Some(1), kv_cache_hit_rate: Some(0.7982948), tokens_per_joule: Some(1.7159787) }
[2m2026-07-23T18:53:19.103832Z[0m [32m INFO[0m [2mreporter[0m[2m:[0m reported: Signals { gpu_utilization: Some(100.0), gpu_memory_used_bytes: Some(21112225792), active_service_count: Some(1), kv_cache_hit_rate: Some(0.8015533), tokens_per_joule: Some(1.7191174) }
[2m2026-07-23T18:53:34.192433Z[0m [32m INFO[0m [2mreporter[0m[2m:[0m reported: Signals { gpu_utilization: Some(100.0), gpu_memory_used_bytes: Some(21112225792), active_service_count: Some(1), kv_cache_hit_rate: Some(0.83152217), tokens_per_joule: Some(1.6924211) }
[2m2026-07-23T18:53:49.207420Z[0m [32m INFO[0m [2mreporter[0m[2m:[0m reported: Signals { gpu_utilization: Some(100.0), gpu_memory_used_bytes: Some(21112225792), active_service_count: Some(1), kv_cache_hit_rate: Some(0.8171061), tokens_per_joule: Some(1.7133441) }
[2m2026-07-23T18:54:04.224121Z[0m [32m INFO[0m [2mreporter[0m[2m:[0m reported: Signals { gpu_utilization: Some(100.0), gpu_memory_used_bytes: Some(21112225792), active_service_count: Some(1), kv_cache_hit_rate: Some(0.82125396), tokens_per_joule: Some(1.714578) }
[2m2026-07-23T18:54:19.239532Z[0m [32m INFO[0m [2mreporter[0m[2m:[0m reported: Signals { gpu_utilization: Some(100.0), gpu_memory_used_bytes: Some(21112225792), active_service_count: Some(1), kv_cache_hit_rate: Some(0.8242226), tokens_per_joule: Some(1.7007308) }
[2m2026-07-23T18:54:34.257177Z[0m [32m INFO[0m [2mreporter[0m[2m:[0m reported: Signals { gpu_utilization: Some(100.0), gpu_memory_used_bytes: Some(21112225792), active_service_count: Some(1), kv_cache_hit_rate: Some(0.84093636), tokens_per_joule: Some(1.6956674) }
[2m2026-07-23T18:54:49.272252Z[0m [32m INFO[0m [2mreporter[0m[2m:[0m reported: Signals { gpu_utilization: Some(100.0), gpu_memory_used_bytes: Some(21112225792), active_service_count: Some(1), kv_cache_hit_rate: Some(0.79157025), tokens_per_joule: Some(1.7314006) }
[2m2026-07-23T18:55:04.289254Z[0m [32m INFO[0m [2mreporter[0m[2m:[0m reported: Signals { gpu_utilization: Some(100.0), gpu_memory_used_bytes: Some(21112225792), active_service_count: Some(1), kv_cache_hit_rate: Some(0.8006183), tokens_per_joule: Some(1.7197176) }
[2m2026-07-23T18:55:19.392219Z[0m [32m INFO[0m [2mreporter[0m[2m:[0m reported: Signals { gpu_utilization: Some(100.0), gpu_memory_used_bytes: Some(21112225792), active_service_count: Some(1), kv_cache_hit_rate: Some(0.86030763), tokens_per_joule: Some(1.6920241) }
[2m2026-07-23T18:55:34.410506Z[0m [32m INFO[0m [2mreporter[0m[2m:[0m reported: Signals { gpu_utilization: Some(100.0), gpu_memory_used_bytes: Some(21112225792), active_service_count: Some(1), kv_cache_hit_rate: Some(0.8172007), tokens_per_joule: Some(1.7365733) }
[2m2026-07-23T18:55:49.428289Z[0m [32m INFO[0m [2mreporter[0m[2m:[0m reported: Signals { gpu_utilization: Some(100.0), gpu_memory_used_bytes: Some(21112225792), active_service_count: Some(1), kv_cache_hit_rate: Some(0.8194193), tokens_per_joule: Some(1.6947777) }
[2m2026-07-23T18:56:04.446400Z[0m [32m INFO[0m [2mreporter[0m[2m:[0m reported: Signals { gpu_utilization: Some(100.0), gpu_memory_used_bytes: Some(21112225792), active_service_count: Some(1), kv_cache_hit_rate: Some(0.8122276), tokens_per_joule: Some(1.7078768) }
[2m2026-07-23T18:56:19.464255Z[0m [32m INFO[0m [2mreporter[0m[2m:[0m reported: Signals { gpu_utilization: Some(100.0), gpu_memory_used_bytes: Some(21112225792), active_service_count: Some(1), kv_cache_hit_rate: Some(0.7777244), tokens_per_joule: Some(1.7280834) }
[2m2026-07-23T18:56:34.481833Z[0m [32m INFO[0m [2mreporter[0m[2m:[0m reported: Signals { gpu_utilization: Some(100.0), gpu_memory_used_bytes: Some(21112225792), active_service_count: Some(1), kv_cache_hit_rate: Some(0.8181504), tokens_per_joule: Some(1.699392) }
[2m2026-07-23T18:56:49.554117Z[0m [32m INFO[0m [2mreporter[0m[2m:[0m reported: Signals { gpu_utilization: Some(100.0), gpu_memory_used_bytes: Some(21112225792), active_service_count: Some(1), kv_cache_hit_rate: Some(0.8436259), tokens_per_joule: Some(1.6986057) }
[2m2026-07-23T18:57:04.572349Z[0m [32m INFO[0m [2mreporter[0m[2m:[0m reported: Signals { gpu_utilization: Some(100.0), gpu_memory_used_bytes: Some(21112225792), active_service_count: Some(1), kv_cache_hit_rate: Some(0.8178054), tokens_per_joule: Some(1.7255235) }
[2m2026-07-23T18:57:19.654141Z[0m [32m INFO[0m [2mreporter[0m[2m:[0m reported: Signals { gpu_utilization: Some(100.0), gpu_memory_used_bytes: Some(21112225792), active_service_count: Some(1), kv_cache_hit_rate: Some(0.8062796), tokens_per_joule: Some(1.7210591) }
[2m2026-07-23T18:57:34.672471Z[0m [32m INFO[0m [2mreporter[0m[2m:[0m reported: Signals { gpu_utilization: Some(100.0), gpu_memory_used_bytes: Some(21112225792), active_service_count: Some(1), kv_cache_hit_rate: Some(0.81304735), tokens_per_joule: Some(1.692345) }
[2m2026-07-23T18:57:49.688768Z[0m [32m INFO[0m [2mreporter[0m[2m:[0m reported: Signals { gpu_utilization: Some(100.0), gpu_memory_used_bytes: Some(21112225792), active_service_count: Some(1), kv_cache_hit_rate: Some(0.83102816), tokens_per_joule: Some(1.7272844) }
[2m2026-07-23T18:58:04.704090Z[0m [32m INFO[0m [2mreporter[0m[2m:[0m reported: Signals { gpu_utilization: Some(100.0), gpu_memory_used_bytes: Some(21112225792), active_service_count: Some(1), kv_cache_hit_rate: Some(0.7932419), tokens_per_joule: Some(1.722137) }
[2m2026-07-23T18:58:19.719344Z[0m [32m INFO[0m [2mreporter[0m[2m:[0m reported: Signals { gpu_utilization: Some(100.0), gpu_memory_used_bytes: Some(21112225792), active_service_count: Some(1), kv_cache_hit_rate: Some(0.7827846), tokens_per_joule: Some(1.7022772) }
[2m2026-07-23T18:58:34.735771Z[0m [32m INFO[0m [2mreporter[0m[2m:[0m reported: Signals { gpu_utilization: Some(100.0), gpu_memory_used_bytes: Some(21112225792), active_service_count: Some(1), kv_cache_hit_rate: Some(0.8009607), tokens_per_joule: Some(1.7338161) }
[2m2026-07-23T18:58:49.752143Z[0m [32m INFO[0m [2mreporter[0m[2m:[0m reported: Signals { gpu_utilization: Some(100.0), gpu_memory_used_bytes: Some(21112225792), active_service_count: Some(1), kv_cache_hit_rate: Some(0.807386), tokens_per_joule: Some(1.6930825) }
[2m2026-07-23T18:59:04.768223Z[0m [32m INFO[0m [2mreporter[0m[2m:[0m reported: Signals { gpu_utilization: Some(100.0), gpu_memory_used_bytes: Some(21112225792), active_service_count: Some(1), kv_cache_hit_rate: Some(0.7669032), tokens_per_joule: Some(1.7081339) }
[2m2026-07-23T18:59:19.785856Z[0m [32m INFO[0m [2mreporter[0m[2m:[0m reported: Signals { gpu_utilization: Some(100.0), gpu_memory_used_bytes: Some(21112225792), active_service_count: Some(1), kv_cache_hit_rate: Some(0.8264469), tokens_per_joule: Some(1.6992205) }
[2m2026-07-23T18:59:34.790826Z[0m [33m WARN[0m [2mreporter[0m[2m:[0m scrape 'http://vllm-a-np.default.svc.cluster.local:8000/metrics': request failed: error sending request for url (http://vllm-a-np.default.svc.cluster.local:8000/metrics)
[2m2026-07-23T18:59:34.798043Z[0m [32m INFO[0m [2mreporter[0m[2m:[0m reported: Signals { gpu_utilization: Some(0.0), gpu_memory_used_bytes: Some(0), active_service_count: Some(0), kv_cache_hit_rate: None, tokens_per_joule: None }
[2m2026-07-23T18:59:49.802492Z[0m [33m WARN[0m [2mreporter[0m[2m:[0m scrape 'http://vllm-a-np.default.svc.cluster.local:8000/metrics': request failed: error sending request for url (http://vllm-a-np.default.svc.cluster.local:8000/metrics)
[2m2026-07-23T18:59:49.810378Z[0m [32m INFO[0m [2mreporter[0m[2m:[0m reported: Signals { gpu_utilization: Some(0.0), gpu_memory_used_bytes: Some(3014656), active_service_count: Some(0), kv_cache_hit_rate: None, tokens_per_joule: None }
[2m2026-07-23T19:00:04.815039Z[0m [33m WARN[0m [2mreporter[0m[2m:[0m scrape 'http://vllm-a-np.default.svc.cluster.local:8000/metrics': request failed: error sending request for url (http://vllm-a-np.default.svc.cluster.local:8000/metrics)
[2m2026-07-23T19:00:04.820774Z[0m [32m INFO[0m [2mreporter[0m[2m:[0m reported: Signals { gpu_utilization: Some(29.0), gpu_memory_used_bytes: Some(15739322368), active_service_count: Some(0), kv_cache_hit_rate: None, tokens_per_joule: None }
[2m2026-07-23T19:00:19.825229Z[0m [33m WARN[0m [2mreporter[0m[2m:[0m scrape 'http://vllm-a-np.default.svc.cluster.local:8000/metrics': request failed: error sending request for url (http://vllm-a-np.default.svc.cluster.local:8000/metrics)
[2m2026-07-23T19:00:19.830797Z[0m [32m INFO[0m [2mreporter[0m[2m:[0m reported: Signals { gpu_utilization: Some(0.0), gpu_memory_used_bytes: Some(16810967040), active_service_count: Some(0), kv_cache_hit_rate: None, tokens_per_joule: None }
[2m2026-07-23T19:00:34.835155Z[0m [33m WARN[0m [2mreporter[0m[2m:[0m scrape 'http://vllm-a-np.default.svc.cluster.local:8000/metrics': request failed: error sending request for url (http://vllm-a-np.default.svc.cluster.local:8000/metrics)
[2m2026-07-23T19:00:34.841896Z[0m [32m INFO[0m [2mreporter[0m[2m:[0m reported: Signals { gpu_utilization: Some(86.0), gpu_memory_used_bytes: Some(20537606144), active_service_count: Some(0), kv_cache_hit_rate: None, tokens_per_joule: None }
[2m2026-07-23T19:00:49.886453Z[0m [32m INFO[0m [2mreporter[0m[2m:[0m reported: Signals { gpu_utilization: Some(0.0), gpu_memory_used_bytes: Some(21110128640), active_service_count: Some(1), kv_cache_hit_rate: None, tokens_per_joule: None }
[2m2026-07-23T19:01:04.900995Z[0m [32m INFO[0m [2mreporter[0m[2m:[0m reported: Signals { gpu_utilization: Some(0.0), gpu_memory_used_bytes: Some(21110128640), active_service_count: Some(1), kv_cache_hit_rate: None, tokens_per_joule: Some(0.0) }
[2m2026-07-23T19:01:19.919043Z[0m [32m INFO[0m [2mreporter[0m[2m:[0m reported: Signals { gpu_utilization: Some(100.0), gpu_memory_used_bytes: Some(21112225792), active_service_count: Some(1), kv_cache_hit_rate: Some(0.63889927), tokens_per_joule: Some(0.07324363) }
[2m2026-07-23T19:01:34.935547Z[0m [32m INFO[0m [2mreporter[0m[2m:[0m reported: Signals { gpu_utilization: Some(100.0), gpu_memory_used_bytes: Some(21112225792), active_service_count: Some(1), kv_cache_hit_rate: Some(0.79819137), tokens_per_joule: Some(1.6280777) }
[2m2026-07-23T19:01:49.954112Z[0m [32m INFO[0m [2mreporter[0m[2m:[0m reported: Signals { gpu_utilization: Some(100.0), gpu_memory_used_bytes: Some(21112225792), active_service_count: Some(1), kv_cache_hit_rate: Some(0.82683873), tokens_per_joule: Some(1.7169318) }
[2m2026-07-23T19:02:04.973729Z[0m [32m INFO[0m [2mreporter[0m[2m:[0m reported: Signals { gpu_utilization: Some(100.0), gpu_memory_used_bytes: Some(21112225792), active_service_count: Some(1), kv_cache_hit_rate: Some(0.83527225), tokens_per_joule: Some(1.7181556) }
[2m2026-07-23T19:02:19.992153Z[0m [32m INFO[0m [2mreporter[0m[2m:[0m reported: Signals { gpu_utilization: Some(100.0), gpu_memory_used_bytes: Some(21112225792), active_service_count: Some(1), kv_cache_hit_rate: Some(0.83674467), tokens_per_joule: Some(1.6911143) }
[2m2026-07-23T19:02:35.010819Z[0m [32m INFO[0m [2mreporter[0m[2m:[0m reported: Signals { gpu_utilization: Some(100.0), gpu_memory_used_bytes: Some(21112225792), active_service_count: Some(1), kv_cache_hit_rate: Some(0.7908914), tokens_per_joule: Some(1.7101215) }
[2m2026-07-23T19:02:50.033070Z[0m [32m INFO[0m [2mreporter[0m[2m:[0m reported: Signals { gpu_utilization: Some(100.0), gpu_memory_used_bytes: Some(21112225792), active_service_count: Some(1), kv_cache_hit_rate: Some(0.82628876), tokens_per_joule: Some(1.7105805) }
[2m2026-07-23T19:03:05.054390Z[0m [32m INFO[0m [2mreporter[0m[2m:[0m reported: Signals { gpu_utilization: Some(100.0), gpu_memory_used_bytes: Some(21112225792), active_service_count: Some(1), kv_cache_hit_rate: Some(0.7794046), tokens_per_joule: Some(1.7263954) }
[2m2026-07-23T19:03:20.071535Z[0m [32m INFO[0m [2mreporter[0m[2m:[0m reported: Signals { gpu_utilization: Some(100.0), gpu_memory_used_bytes: Some(21112225792), active_service_count: Some(1), kv_cache_hit_rate: Some(0.80074096), tokens_per_joule: Some(1.7101291) }
[2m2026-07-23T19:03:35.089796Z[0m [32m INFO[0m [2mreporter[0m[2m:[0m reported: Signals { gpu_utilization: Some(100.0), gpu_memory_used_bytes: Some(21112225792), active_service_count: Some(1), kv_cache_hit_rate: Some(0.8299259), tokens_per_joule: Some(1.717252) }
[2m2026-07-23T19:03:50.107535Z[0m [32m INFO[0m [2mreporter[0m[2m:[0m reported: Signals { gpu_utilization: Some(100.0), gpu_memory_used_bytes: Some(21112225792), active_service_count: Some(1), kv_cache_hit_rate: Some(0.82288355), tokens_per_joule: Some(1.7076038) }
[2m2026-07-23T19:04:05.128423Z[0m [32m INFO[0m [2mreporter[0m[2m:[0m reported: Signals { gpu_utilization: Some(100.0), gpu_memory_used_bytes: Some(21112225792), active_service_count: Some(1), kv_cache_hit_rate: Some(0.81960994), tokens_per_joule: Some(1.7271574) }
[2m2026-07-23T19:04:20.146126Z[0m [32m INFO[0m [2mreporter[0m[2m:[0m reported: Signals { gpu_utilization: Some(100.0), gpu_memory_used_bytes: Some(21112225792), active_service_count: Some(1), kv_cache_hit_rate: Some(0.8184046), tokens_per_joule: Some(1.6986847) }
[2m2026-07-23T19:04:35.164828Z[0m [32m INFO[0m [2mreporter[0m[2m:[0m reported: Signals { gpu_utilization: Some(100.0), gpu_memory_used_bytes: Some(21112225792), active_service_count: Some(1), kv_cache_hit_rate: Some(0.8240866), tokens_per_joule: Some(1.7088249) }
[2m2026-07-23T19:04:50.182235Z[0m [32m INFO[0m [2mreporter[0m[2m:[0m reported: Signals { gpu_utilization: Some(100.0), gpu_memory_used_bytes: Some(21112225792), active_service_count: Some(1), kv_cache_hit_rate: Some(0.79843), tokens_per_joule: Some(1.7249833) }
[2m2026-07-23T19:05:05.200418Z[0m [32m INFO[0m [2mreporter[0m[2m:[0m reported: Signals { gpu_utilization: Some(100.0), gpu_memory_used_bytes: Some(21112225792), active_service_count: Some(1), kv_cache_hit_rate: Some(0.8239988), tokens_per_joule: Some(1.7099805) }
[2m2026-07-23T19:05:20.218599Z[0m [32m INFO[0m [2mreporter[0m[2m:[0m reported: Signals { gpu_utilization: Some(100.0), gpu_memory_used_bytes: Some(21112225792), active_service_count: Some(1), kv_cache_hit_rate: Some(0.82907397), tokens_per_joule: Some(1.7050563) }
[2m2026-07-23T19:05:35.292238Z[0m [32m INFO[0m [2mreporter[0m[2m:[0m reported: Signals { gpu_utilization: Some(100.0), gpu_memory_used_bytes: Some(21112225792), active_service_count: Some(1), kv_cache_hit_rate: Some(0.8144614), tokens_per_joule: Some(1.7095374) }
[2m2026-07-23T19:05:50.392051Z[0m [32m INFO[0m [2mreporter[0m[2m:[0m reported: Signals { gpu_utilization: Some(100.0), gpu_memory_used_bytes: Some(21112225792), active_service_count: Some(1), kv_cache_hit_rate: Some(0.79828525), tokens_per_joule: Some(1.7035533) }
[2m2026-07-23T19:06:05.411038Z[0m [32m INFO[0m [2mreporter[0m[2m:[0m reported: Signals { gpu_utilization: Some(100.0), gpu_memory_used_bytes: Some(21112225792), active_service_count: Some(1), kv_cache_hit_rate: Some(0.8522509), tokens_per_joule: Some(1.7135963) }
[2m2026-07-23T19:06:20.427419Z[0m [32m INFO[0m [2mreporter[0m[2m:[0m reported: Signals { gpu_utilization: Some(100.0), gpu_memory_used_bytes: Some(21112225792), active_service_count: Some(1), kv_cache_hit_rate: Some(0.7810841), tokens_per_joule: Some(1.7204742) }
[2m2026-07-23T19:06:35.441983Z[0m [32m INFO[0m [2mreporter[0m[2m:[0m reported: Signals { gpu_utilization: Some(100.0), gpu_memory_used_bytes: Some(21112225792), active_service_count: Some(1), kv_cache_hit_rate: Some(0.82904506), tokens_per_joule: Some(1.718473) }
[2m2026-07-23T19:06:50.458675Z[0m [32m INFO[0m [2mreporter[0m[2m:[0m reported: Signals { gpu_utilization: Some(100.0), gpu_memory_used_bytes: Some(21112225792), active_service_count: Some(1), kv_cache_hit_rate: Some(0.84473383), tokens_per_joule: Some(1.6944027) }
[2m2026-07-23T19:07:05.476888Z[0m [32m INFO[0m [2mreporter[0m[2m:[0m reported: Signals { gpu_utilization: Some(100.0), gpu_memory_used_bytes: Some(21112225792), active_service_count: Some(1), kv_cache_hit_rate: Some(0.7896196), tokens_per_joule: Some(1.7375056) }
[2m2026-07-23T19:07:20.494925Z[0m [32m INFO[0m [2mreporter[0m[2m:[0m reported: Signals { gpu_utilization: Some(100.0), gpu_memory_used_bytes: Some(21112225792), active_service_count: Some(1), kv_cache_hit_rate: Some(0.8164152), tokens_per_joule: Some(1.6738671) }
[2m2026-07-23T19:07:35.513132Z[0m [32m INFO[0m [2mreporter[0m[2m:[0m reported: Signals { gpu_utilization: Some(100.0), gpu_memory_used_bytes: Some(21112225792), active_service_count: Some(1), kv_cache_hit_rate: Some(0.8098623), tokens_per_joule: Some(1.7421875) }
[2m2026-07-23T19:07:50.531022Z[0m [32m INFO[0m [2mreporter[0m[2m:[0m reported: Signals { gpu_utilization: Some(100.0), gpu_memory_used_bytes: Some(21112225792), active_service_count: Some(1), kv_cache_hit_rate: Some(0.76432925), tokens_per_joule: Some(1.6996253) }
[2m2026-07-23T19:08:05.593255Z[0m [32m INFO[0m [2mreporter[0m[2m:[0m reported: Signals { gpu_utilization: Some(100.0), gpu_memory_used_bytes: Some(21112225792), active_service_count: Some(1), kv_cache_hit_rate: Some(0.835039), tokens_per_joule: Some(1.7106676) }
[2m2026-07-23T19:08:20.612894Z[0m [32m INFO[0m [2mreporter[0m[2m:[0m reported: Signals { gpu_utilization: Some(100.0), gpu_memory_used_bytes: Some(21112225792), active_service_count: Some(1), kv_cache_hit_rate: Some(0.8354969), tokens_per_joule: Some(1.6684952) }
[2m2026-07-23T19:08:35.618457Z[0m [33m WARN[0m [2mreporter[0m[2m:[0m scrape 'http://vllm-a-np.default.svc.cluster.local:8000/metrics': request failed: error sending request for url (http://vllm-a-np.default.svc.cluster.local:8000/metrics)
[2m2026-07-23T19:08:35.625788Z[0m [32m INFO[0m [2mreporter[0m[2m:[0m reported: Signals { gpu_utilization: Some(0.0), gpu_memory_used_bytes: Some(0), active_service_count: Some(0), kv_cache_hit_rate: None, tokens_per_joule: None }
[2m2026-07-23T19:08:50.630892Z[0m [33m WARN[0m [2mreporter[0m[2m:[0m scrape 'http://vllm-a-np.default.svc.cluster.local:8000/metrics': request failed: error sending request for url (http://vllm-a-np.default.svc.cluster.local:8000/metrics)
[2m2026-07-23T19:08:50.638001Z[0m [32m INFO[0m [2mreporter[0m[2m:[0m reported: Signals { gpu_utilization: Some(0.0), gpu_memory_used_bytes: Some(0), active_service_count: Some(0), kv_cache_hit_rate: None, tokens_per_joule: None }
[2m2026-07-23T19:09:05.642558Z[0m [33m WARN[0m [2mreporter[0m[2m:[0m scrape 'http://vllm-a-np.default.svc.cluster.local:8000/metrics': request failed: error sending request for url (http://vllm-a-np.default.svc.cluster.local:8000/metrics)
[2m2026-07-23T19:09:05.653184Z[0m [32m INFO[0m [2mreporter[0m[2m:[0m reported: Signals { gpu_utilization: Some(32.0), gpu_memory_used_bytes: Some(15739322368), active_service_count: Some(0), kv_cache_hit_rate: None, tokens_per_joule: None }
[2m2026-07-23T19:09:20.657027Z[0m [33m WARN[0m [2mreporter[0m[2m:[0m scrape 'http://vllm-a-np.default.svc.cluster.local:8000/metrics': request failed: error sending request for url (http://vllm-a-np.default.svc.cluster.local:8000/metrics)
[2m2026-07-23T19:09:20.662350Z[0m [32m INFO[0m [2mreporter[0m[2m:[0m reported: Signals { gpu_utilization: Some(0.0), gpu_memory_used_bytes: Some(16810967040), active_service_count: Some(0), kv_cache_hit_rate: None, tokens_per_joule: None }
[2m2026-07-23T19:09:35.666415Z[0m [33m WARN[0m [2mreporter[0m[2m:[0m scrape 'http://vllm-a-np.default.svc.cluster.local:8000/metrics': request failed: error sending request for url (http://vllm-a-np.default.svc.cluster.local:8000/metrics)
[2m2026-07-23T19:09:35.672778Z[0m [32m INFO[0m [2mreporter[0m[2m:[0m reported: Signals { gpu_utilization: Some(78.0), gpu_memory_used_bytes: Some(20560674816), active_service_count: Some(0), kv_cache_hit_rate: None, tokens_per_joule: None }
[2m2026-07-23T19:09:50.721184Z[0m [32m INFO[0m [2mreporter[0m[2m:[0m reported: Signals { gpu_utilization: Some(0.0), gpu_memory_used_bytes: Some(21110128640), active_service_count: Some(1), kv_cache_hit_rate: None, tokens_per_joule: None }
[2m2026-07-23T19:10:05.735607Z[0m [32m INFO[0m [2mreporter[0m[2m:[0m reported: Signals { gpu_utilization: Some(0.0), gpu_memory_used_bytes: Some(21110128640), active_service_count: Some(1), kv_cache_hit_rate: None, tokens_per_joule: Some(0.0) }
[2m2026-07-23T19:10:20.750654Z[0m [32m INFO[0m [2mreporter[0m[2m:[0m reported: Signals { gpu_utilization: Some(0.0), gpu_memory_used_bytes: Some(21110128640), active_service_count: Some(1), kv_cache_hit_rate: None, tokens_per_joule: Some(0.0) }
[2m2026-07-23T19:10:35.765693Z[0m [32m INFO[0m [2mreporter[0m[2m:[0m reported: Signals { gpu_utilization: Some(0.0), gpu_memory_used_bytes: Some(21110128640), active_service_count: Some(1), kv_cache_hit_rate: None, tokens_per_joule: Some(0.0) }
[2m2026-07-23T19:10:50.782028Z[0m [32m INFO[0m [2mreporter[0m[2m:[0m reported: Signals { gpu_utilization: Some(0.0), gpu_memory_used_bytes: Some(21110128640), active_service_count: Some(1), kv_cache_hit_rate: None, tokens_per_joule: Some(0.0) }
[2m2026-07-23T19:11:05.796647Z[0m [32m INFO[0m [2mreporter[0m[2m:[0m reported: Signals { gpu_utilization: Some(0.0), gpu_memory_used_bytes: Some(21110128640), active_service_count: Some(1), kv_cache_hit_rate: None, tokens_per_joule: Some(0.0) }
[2m2026-07-23T19:11:20.810974Z[0m [32m INFO[0m [2mreporter[0m[2m:[0m reported: Signals { gpu_utilization: Some(0.0), gpu_memory_used_bytes: Some(21110128640), active_service_count: Some(1), kv_cache_hit_rate: None, tokens_per_joule: Some(0.0) }
[2m2026-07-23T19:11:35.824938Z[0m [32m INFO[0m [2mreporter[0m[2m:[0m reported: Signals { gpu_utilization: Some(0.0), gpu_memory_used_bytes: Some(21110128640), active_service_count: Some(1), kv_cache_hit_rate: None, tokens_per_joule: Some(0.0) }
[2m2026-07-23T19:11:50.838994Z[0m [32m INFO[0m [2mreporter[0m[2m:[0m reported: Signals { gpu_utilization: Some(0.0), gpu_memory_used_bytes: Some(21110128640), active_service_count: Some(1), kv_cache_hit_rate: None, tokens_per_joule: Some(0.0) }
[2m2026-07-23T19:12:05.853297Z[0m [32m INFO[0m [2mreporter[0m[2m:[0m reported: Signals { gpu_utilization: Some(0.0), gpu_memory_used_bytes: Some(21110128640), active_service_count: Some(1), kv_cache_hit_rate: None, tokens_per_joule: Some(0.0) }
[2m2026-07-23T19:12:20.867070Z[0m [32m INFO[0m [2mreporter[0m[2m:[0m reported: Signals { gpu_utilization: Some(0.0), gpu_memory_used_bytes: Some(21110128640), active_service_count: Some(1), kv_cache_hit_rate: None, tokens_per_joule: Some(0.0) }
[2m2026-07-23T19:12:35.883377Z[0m [32m INFO[0m [2mreporter[0m[2m:[0m reported: Signals { gpu_utilization: Some(0.0), gpu_memory_used_bytes: Some(21110128640), active_service_count: Some(1), kv_cache_hit_rate: None, tokens_per_joule: Some(0.0) }
[2m2026-07-23T19:12:50.897648Z[0m [32m INFO[0m [2mreporter[0m[2m:[0m reported: Signals { gpu_utilization: Some(0.0), gpu_memory_used_bytes: Some(21110128640), active_service_count: Some(1), kv_cache_hit_rate: None, tokens_per_joule: Some(0.0) }
[2m2026-07-23T19:13:05.911967Z[0m [32m INFO[0m [2mreporter[0m[2m:[0m reported: Signals { gpu_utilization: Some(0.0), gpu_memory_used_bytes: Some(21110128640), active_service_count: Some(1), kv_cache_hit_rate: None, tokens_per_joule: Some(0.0) }
[2m2026-07-23T19:13:20.925709Z[0m [32m INFO[0m [2mreporter[0m[2m:[0m reported: Signals { gpu_utilization: Some(0.0), gpu_memory_used_bytes: Some(21110128640), active_service_count: Some(1), kv_cache_hit_rate: None, tokens_per_joule: Some(0.0) }
[2m2026-07-23T19:13:35.940629Z[0m [32m INFO[0m [2mreporter[0m[2m:[0m reported: Signals { gpu_utilization: Some(0.0), gpu_memory_used_bytes: Some(21110128640), active_service_count: Some(1), kv_cache_hit_rate: None, tokens_per_joule: Some(0.0) }
[2m2026-07-23T19:13:50.955759Z[0m [32m INFO[0m [2mreporter[0m[2m:[0m reported: Signals { gpu_utilization: Some(0.0), gpu_memory_used_bytes: Some(21110128640), active_service_count: Some(1), kv_cache_hit_rate: None, tokens_per_joule: Some(0.0) }
[2m2026-07-23T19:14:05.971401Z[0m [32m INFO[0m [2mreporter[0m[2m:[0m reported: Signals { gpu_utilization: Some(0.0), gpu_memory_used_bytes: Some(21110128640), active_service_count: Some(1), kv_cache_hit_rate: None, tokens_per_joule: Some(0.0) }
[2m2026-07-23T19:14:20.984481Z[0m [32m INFO[0m [2mreporter[0m[2m:[0m reported: Signals { gpu_utilization: Some(0.0), gpu_memory_used_bytes: Some(21110128640), active_service_count: Some(1), kv_cache_hit_rate: None, tokens_per_joule: Some(0.0) }
[2m2026-07-23T19:14:35.998600Z[0m [32m INFO[0m [2mreporter[0m[2m:[0m reported: Signals { gpu_utilization: Some(0.0), gpu_memory_used_bytes: Some(21110128640), active_service_count: Some(1), kv_cache_hit_rate: None, tokens_per_joule: Some(0.0) }
[2m2026-07-23T19:14:51.012856Z[0m [32m INFO[0m [2mreporter[0m[2m:[0m reported: Signals { gpu_utilization: Some(0.0), gpu_memory_used_bytes: Some(21110128640), active_service_count: Some(1), kv_cache_hit_rate: None, tokens_per_joule: Some(0.0) }
