[2m2026-07-23T17:41:25.760898Z[0m [32m INFO[0m [2mreporter[0m[2m:[0m reporter started: node='129-159-182-206' namespace='default' source='real'
[2m2026-07-23T17:41:25.859856Z[0m [32m INFO[0m [2mreporter[0m[2m:[0m reported: Signals { gpu_utilization: Some(0.0), gpu_memory_used_bytes: Some(21110128640), active_service_count: Some(1), kv_cache_hit_rate: None, tokens_per_joule: None }
[2m2026-07-23T17:41:40.876585Z[0m [32m INFO[0m [2mreporter[0m[2m:[0m reported: Signals { gpu_utilization: Some(0.0), gpu_memory_used_bytes: Some(21110128640), active_service_count: Some(1), kv_cache_hit_rate: None, tokens_per_joule: Some(0.0) }
[2m2026-07-23T17:41:55.897342Z[0m [32m INFO[0m [2mreporter[0m[2m:[0m reported: Signals { gpu_utilization: Some(0.0), gpu_memory_used_bytes: Some(21110128640), active_service_count: Some(1), kv_cache_hit_rate: None, tokens_per_joule: Some(0.0) }
[2m2026-07-23T17:42:10.917879Z[0m [32m INFO[0m [2mreporter[0m[2m:[0m reported: Signals { gpu_utilization: Some(0.0), gpu_memory_used_bytes: Some(21110128640), active_service_count: Some(1), kv_cache_hit_rate: None, tokens_per_joule: Some(0.0) }
[2m2026-07-23T17:42:25.936630Z[0m [32m INFO[0m [2mreporter[0m[2m:[0m reported: Signals { gpu_utilization: Some(0.0), gpu_memory_used_bytes: Some(21110128640), active_service_count: Some(1), kv_cache_hit_rate: None, tokens_per_joule: Some(0.0) }
[2m2026-07-23T17:42:40.953272Z[0m [32m INFO[0m [2mreporter[0m[2m:[0m reported: Signals { gpu_utilization: Some(0.0), gpu_memory_used_bytes: Some(21110128640), active_service_count: Some(1), kv_cache_hit_rate: None, tokens_per_joule: Some(0.0) }
[2m2026-07-23T17:42:55.973570Z[0m [32m INFO[0m [2mreporter[0m[2m:[0m reported: Signals { gpu_utilization: Some(0.0), gpu_memory_used_bytes: Some(21110128640), active_service_count: Some(1), kv_cache_hit_rate: None, tokens_per_joule: Some(0.0) }
[2m2026-07-23T17:43:10.989344Z[0m [32m INFO[0m [2mreporter[0m[2m:[0m reported: Signals { gpu_utilization: Some(0.0), gpu_memory_used_bytes: Some(21110128640), active_service_count: Some(1), kv_cache_hit_rate: None, tokens_per_joule: Some(0.0) }
[2m2026-07-23T17:43:26.006022Z[0m [32m INFO[0m [2mreporter[0m[2m:[0m reported: Signals { gpu_utilization: Some(0.0), gpu_memory_used_bytes: Some(21110128640), active_service_count: Some(1), kv_cache_hit_rate: None, tokens_per_joule: Some(0.0) }
[2m2026-07-23T17:43:41.024233Z[0m [32m INFO[0m [2mreporter[0m[2m:[0m reported: Signals { gpu_utilization: Some(0.0), gpu_memory_used_bytes: Some(21110128640), active_service_count: Some(1), kv_cache_hit_rate: None, tokens_per_joule: Some(0.0) }
[2m2026-07-23T17:43:56.041958Z[0m [32m INFO[0m [2mreporter[0m[2m:[0m reported: Signals { gpu_utilization: Some(0.0), gpu_memory_used_bytes: Some(21110128640), active_service_count: Some(1), kv_cache_hit_rate: None, tokens_per_joule: Some(0.0) }
[2m2026-07-23T17:44:11.063864Z[0m [32m INFO[0m [2mreporter[0m[2m:[0m reported: Signals { gpu_utilization: Some(0.0), gpu_memory_used_bytes: Some(21110128640), active_service_count: Some(1), kv_cache_hit_rate: None, tokens_per_joule: Some(0.0) }
[2m2026-07-23T17:44:26.081536Z[0m [32m INFO[0m [2mreporter[0m[2m:[0m reported: Signals { gpu_utilization: Some(0.0), gpu_memory_used_bytes: Some(21110128640), active_service_count: Some(1), kv_cache_hit_rate: None, tokens_per_joule: Some(0.0) }
[2m2026-07-23T17:44:41.098457Z[0m [32m INFO[0m [2mreporter[0m[2m:[0m reported: Signals { gpu_utilization: Some(0.0), gpu_memory_used_bytes: Some(21110128640), active_service_count: Some(1), kv_cache_hit_rate: None, tokens_per_joule: Some(0.0) }
[2m2026-07-23T17:44:56.117464Z[0m [32m INFO[0m [2mreporter[0m[2m:[0m reported: Signals { gpu_utilization: Some(0.0), gpu_memory_used_bytes: Some(21110128640), active_service_count: Some(1), kv_cache_hit_rate: None, tokens_per_joule: Some(0.0) }
[2m2026-07-23T17:45:11.135189Z[0m [32m INFO[0m [2mreporter[0m[2m:[0m reported: Signals { gpu_utilization: Some(0.0), gpu_memory_used_bytes: Some(21110128640), active_service_count: Some(1), kv_cache_hit_rate: None, tokens_per_joule: Some(0.0) }
[2m2026-07-23T17:45:26.154237Z[0m [32m INFO[0m [2mreporter[0m[2m:[0m reported: Signals { gpu_utilization: Some(0.0), gpu_memory_used_bytes: Some(21110128640), active_service_count: Some(1), kv_cache_hit_rate: None, tokens_per_joule: Some(0.0) }
[2m2026-07-23T17:45:41.177244Z[0m [32m INFO[0m [2mreporter[0m[2m:[0m reported: Signals { gpu_utilization: Some(0.0), gpu_memory_used_bytes: Some(21110128640), active_service_count: Some(1), kv_cache_hit_rate: None, tokens_per_joule: Some(0.0) }
[2m2026-07-23T17:45:56.194302Z[0m [32m INFO[0m [2mreporter[0m[2m:[0m reported: Signals { gpu_utilization: Some(0.0), gpu_memory_used_bytes: Some(21110128640), active_service_count: Some(1), kv_cache_hit_rate: None, tokens_per_joule: Some(0.0) }
[2m2026-07-23T17:46:11.212980Z[0m [32m INFO[0m [2mreporter[0m[2m:[0m reported: Signals { gpu_utilization: Some(0.0), gpu_memory_used_bytes: Some(21110128640), active_service_count: Some(1), kv_cache_hit_rate: None, tokens_per_joule: Some(0.0) }
[2m2026-07-23T17:46:26.231445Z[0m [32m INFO[0m [2mreporter[0m[2m:[0m reported: Signals { gpu_utilization: Some(0.0), gpu_memory_used_bytes: Some(21110128640), active_service_count: Some(1), kv_cache_hit_rate: None, tokens_per_joule: Some(0.0) }
[2m2026-07-23T17:46:41.250032Z[0m [32m INFO[0m [2mreporter[0m[2m:[0m reported: Signals { gpu_utilization: Some(0.0), gpu_memory_used_bytes: Some(21110128640), active_service_count: Some(1), kv_cache_hit_rate: None, tokens_per_joule: Some(0.0) }
[2m2026-07-23T17:46:56.268409Z[0m [32m INFO[0m [2mreporter[0m[2m:[0m reported: Signals { gpu_utilization: Some(0.0), gpu_memory_used_bytes: Some(21110128640), active_service_count: Some(1), kv_cache_hit_rate: None, tokens_per_joule: Some(0.0) }
[2m2026-07-23T17:47:11.288746Z[0m [32m INFO[0m [2mreporter[0m[2m:[0m reported: Signals { gpu_utilization: Some(0.0), gpu_memory_used_bytes: Some(21110128640), active_service_count: Some(1), kv_cache_hit_rate: None, tokens_per_joule: Some(0.0) }
[2m2026-07-23T17:47:26.308233Z[0m [32m INFO[0m [2mreporter[0m[2m:[0m reported: Signals { gpu_utilization: Some(0.0), gpu_memory_used_bytes: Some(21110128640), active_service_count: Some(1), kv_cache_hit_rate: None, tokens_per_joule: Some(0.0) }
[2m2026-07-23T17:47:41.329508Z[0m [32m INFO[0m [2mreporter[0m[2m:[0m reported: Signals { gpu_utilization: Some(0.0), gpu_memory_used_bytes: Some(21110128640), active_service_count: Some(1), kv_cache_hit_rate: None, tokens_per_joule: Some(0.0) }
[2m2026-07-23T17:47:56.346427Z[0m [32m INFO[0m [2mreporter[0m[2m:[0m reported: Signals { gpu_utilization: Some(0.0), gpu_memory_used_bytes: Some(21110128640), active_service_count: Some(1), kv_cache_hit_rate: None, tokens_per_joule: Some(0.0) }
[2m2026-07-23T17:48:11.364199Z[0m [32m INFO[0m [2mreporter[0m[2m:[0m reported: Signals { gpu_utilization: Some(0.0), gpu_memory_used_bytes: Some(21110128640), active_service_count: Some(1), kv_cache_hit_rate: None, tokens_per_joule: Some(0.0) }
[2m2026-07-23T17:48:26.381268Z[0m [32m INFO[0m [2mreporter[0m[2m:[0m reported: Signals { gpu_utilization: Some(0.0), gpu_memory_used_bytes: Some(21110128640), active_service_count: Some(1), kv_cache_hit_rate: None, tokens_per_joule: Some(0.0) }
[2m2026-07-23T17:48:41.399207Z[0m [32m INFO[0m [2mreporter[0m[2m:[0m reported: Signals { gpu_utilization: Some(0.0), gpu_memory_used_bytes: Some(21110128640), active_service_count: Some(1), kv_cache_hit_rate: None, tokens_per_joule: Some(0.0) }
[2m2026-07-23T17:48:56.420880Z[0m [32m INFO[0m [2mreporter[0m[2m:[0m reported: Signals { gpu_utilization: Some(0.0), gpu_memory_used_bytes: Some(21110128640), active_service_count: Some(1), kv_cache_hit_rate: None, tokens_per_joule: Some(0.0) }
[2m2026-07-23T17:49:11.438867Z[0m [32m INFO[0m [2mreporter[0m[2m:[0m reported: Signals { gpu_utilization: Some(0.0), gpu_memory_used_bytes: Some(21110128640), active_service_count: Some(1), kv_cache_hit_rate: None, tokens_per_joule: Some(0.0) }
[2m2026-07-23T17:49:26.457370Z[0m [32m INFO[0m [2mreporter[0m[2m:[0m reported: Signals { gpu_utilization: Some(0.0), gpu_memory_used_bytes: Some(21110128640), active_service_count: Some(1), kv_cache_hit_rate: None, tokens_per_joule: Some(0.0) }
[2m2026-07-23T17:49:41.478211Z[0m [32m INFO[0m [2mreporter[0m[2m:[0m reported: Signals { gpu_utilization: Some(0.0), gpu_memory_used_bytes: Some(21110128640), active_service_count: Some(1), kv_cache_hit_rate: None, tokens_per_joule: Some(0.0) }
[2m2026-07-23T17:49:56.497738Z[0m [32m INFO[0m [2mreporter[0m[2m:[0m reported: Signals { gpu_utilization: Some(0.0), gpu_memory_used_bytes: Some(21110128640), active_service_count: Some(1), kv_cache_hit_rate: None, tokens_per_joule: Some(0.0) }
[2m2026-07-23T17:50:11.515427Z[0m [32m INFO[0m [2mreporter[0m[2m:[0m reported: Signals { gpu_utilization: Some(0.0), gpu_memory_used_bytes: Some(21110128640), active_service_count: Some(1), kv_cache_hit_rate: None, tokens_per_joule: Some(0.0) }
[2m2026-07-23T17:50:26.534595Z[0m [32m INFO[0m [2mreporter[0m[2m:[0m reported: Signals { gpu_utilization: Some(0.0), gpu_memory_used_bytes: Some(21110128640), active_service_count: Some(1), kv_cache_hit_rate: None, tokens_per_joule: Some(0.0) }
[2m2026-07-23T17:50:41.555315Z[0m [32m INFO[0m [2mreporter[0m[2m:[0m reported: Signals { gpu_utilization: Some(0.0), gpu_memory_used_bytes: Some(21110128640), active_service_count: Some(1), kv_cache_hit_rate: None, tokens_per_joule: Some(0.0) }
[2m2026-07-23T17:50:56.580672Z[0m [32m INFO[0m [2mreporter[0m[2m:[0m reported: Signals { gpu_utilization: Some(0.0), gpu_memory_used_bytes: Some(21110128640), active_service_count: Some(1), kv_cache_hit_rate: None, tokens_per_joule: Some(0.0) }
[2m2026-07-23T17:51:11.600915Z[0m [32m INFO[0m [2mreporter[0m[2m:[0m reported: Signals { gpu_utilization: Some(0.0), gpu_memory_used_bytes: Some(21110128640), active_service_count: Some(1), kv_cache_hit_rate: None, tokens_per_joule: Some(0.0) }
[2m2026-07-23T17:51:26.619323Z[0m [32m INFO[0m [2mreporter[0m[2m:[0m reported: Signals { gpu_utilization: Some(0.0), gpu_memory_used_bytes: Some(21110128640), active_service_count: Some(1), kv_cache_hit_rate: None, tokens_per_joule: Some(0.0) }
[2m2026-07-23T17:51:41.642891Z[0m [32m INFO[0m [2mreporter[0m[2m:[0m reported: Signals { gpu_utilization: Some(0.0), gpu_memory_used_bytes: Some(21110128640), active_service_count: Some(1), kv_cache_hit_rate: None, tokens_per_joule: Some(0.0) }
[2m2026-07-23T17:51:56.663363Z[0m [32m INFO[0m [2mreporter[0m[2m:[0m reported: Signals { gpu_utilization: Some(0.0), gpu_memory_used_bytes: Some(21110128640), active_service_count: Some(1), kv_cache_hit_rate: None, tokens_per_joule: Some(0.0) }
[2m2026-07-23T17:52:11.686103Z[0m [32m INFO[0m [2mreporter[0m[2m:[0m reported: Signals { gpu_utilization: Some(0.0), gpu_memory_used_bytes: Some(21110128640), active_service_count: Some(1), kv_cache_hit_rate: None, tokens_per_joule: Some(0.0) }
[2m2026-07-23T17:52:26.707184Z[0m [32m INFO[0m [2mreporter[0m[2m:[0m reported: Signals { gpu_utilization: Some(0.0), gpu_memory_used_bytes: Some(21110128640), active_service_count: Some(1), kv_cache_hit_rate: None, tokens_per_joule: Some(0.0) }
[2m2026-07-23T17:52:41.725056Z[0m [32m INFO[0m [2mreporter[0m[2m:[0m reported: Signals { gpu_utilization: Some(0.0), gpu_memory_used_bytes: Some(21110128640), active_service_count: Some(1), kv_cache_hit_rate: None, tokens_per_joule: Some(0.0) }
[2m2026-07-23T17:52:56.744510Z[0m [32m INFO[0m [2mreporter[0m[2m:[0m reported: Signals { gpu_utilization: Some(0.0), gpu_memory_used_bytes: Some(21110128640), active_service_count: Some(1), kv_cache_hit_rate: None, tokens_per_joule: Some(0.0) }
[2m2026-07-23T17:53:11.763451Z[0m [32m INFO[0m [2mreporter[0m[2m:[0m reported: Signals { gpu_utilization: Some(0.0), gpu_memory_used_bytes: Some(21110128640), active_service_count: Some(1), kv_cache_hit_rate: None, tokens_per_joule: Some(0.0) }
[2m2026-07-23T17:53:26.781157Z[0m [32m INFO[0m [2mreporter[0m[2m:[0m reported: Signals { gpu_utilization: Some(0.0), gpu_memory_used_bytes: Some(21110128640), active_service_count: Some(1), kv_cache_hit_rate: None, tokens_per_joule: Some(0.0) }
[2m2026-07-23T17:53:41.800821Z[0m [32m INFO[0m [2mreporter[0m[2m:[0m reported: Signals { gpu_utilization: Some(0.0), gpu_memory_used_bytes: Some(21110128640), active_service_count: Some(1), kv_cache_hit_rate: None, tokens_per_joule: Some(0.0) }
[2m2026-07-23T17:53:56.818205Z[0m [32m INFO[0m [2mreporter[0m[2m:[0m reported: Signals { gpu_utilization: Some(0.0), gpu_memory_used_bytes: Some(21110128640), active_service_count: Some(1), kv_cache_hit_rate: None, tokens_per_joule: Some(0.0) }
[2m2026-07-23T17:54:11.836426Z[0m [32m INFO[0m [2mreporter[0m[2m:[0m reported: Signals { gpu_utilization: Some(0.0), gpu_memory_used_bytes: Some(21110128640), active_service_count: Some(1), kv_cache_hit_rate: None, tokens_per_joule: Some(0.0) }
[2m2026-07-23T17:54:26.855851Z[0m [32m INFO[0m [2mreporter[0m[2m:[0m reported: Signals { gpu_utilization: Some(0.0), gpu_memory_used_bytes: Some(21110128640), active_service_count: Some(1), kv_cache_hit_rate: None, tokens_per_joule: Some(0.0) }
[2m2026-07-23T17:54:41.873884Z[0m [32m INFO[0m [2mreporter[0m[2m:[0m reported: Signals { gpu_utilization: Some(0.0), gpu_memory_used_bytes: Some(21110128640), active_service_count: Some(1), kv_cache_hit_rate: None, tokens_per_joule: Some(0.0) }
[2m2026-07-23T17:54:56.890063Z[0m [32m INFO[0m [2mreporter[0m[2m:[0m reported: Signals { gpu_utilization: Some(0.0), gpu_memory_used_bytes: Some(21110128640), active_service_count: Some(1), kv_cache_hit_rate: None, tokens_per_joule: Some(0.0) }
[2m2026-07-23T17:55:11.909470Z[0m [32m INFO[0m [2mreporter[0m[2m:[0m reported: Signals { gpu_utilization: Some(0.0), gpu_memory_used_bytes: Some(21110128640), active_service_count: Some(1), kv_cache_hit_rate: None, tokens_per_joule: Some(0.0) }
[2m2026-07-23T17:55:26.930180Z[0m [32m INFO[0m [2mreporter[0m[2m:[0m reported: Signals { gpu_utilization: Some(0.0), gpu_memory_used_bytes: Some(21110128640), active_service_count: Some(1), kv_cache_hit_rate: None, tokens_per_joule: Some(0.0) }
[2m2026-07-23T17:55:41.946952Z[0m [32m INFO[0m [2mreporter[0m[2m:[0m reported: Signals { gpu_utilization: Some(0.0), gpu_memory_used_bytes: Some(21110128640), active_service_count: Some(1), kv_cache_hit_rate: None, tokens_per_joule: Some(0.0) }
[2m2026-07-23T17:55:56.968977Z[0m [32m INFO[0m [2mreporter[0m[2m:[0m reported: Signals { gpu_utilization: Some(0.0), gpu_memory_used_bytes: Some(21110128640), active_service_count: Some(1), kv_cache_hit_rate: None, tokens_per_joule: Some(0.0) }
[2m2026-07-23T17:56:11.989160Z[0m [32m INFO[0m [2mreporter[0m[2m:[0m reported: Signals { gpu_utilization: Some(0.0), gpu_memory_used_bytes: Some(21110128640), active_service_count: Some(1), kv_cache_hit_rate: None, tokens_per_joule: Some(0.0) }
[2m2026-07-23T17:56:27.006815Z[0m [32m INFO[0m [2mreporter[0m[2m:[0m reported: Signals { gpu_utilization: Some(0.0), gpu_memory_used_bytes: Some(21110128640), active_service_count: Some(1), kv_cache_hit_rate: None, tokens_per_joule: Some(0.0) }
[2m2026-07-23T17:56:42.023797Z[0m [32m INFO[0m [2mreporter[0m[2m:[0m reported: Signals { gpu_utilization: Some(0.0), gpu_memory_used_bytes: Some(21110128640), active_service_count: Some(1), kv_cache_hit_rate: None, tokens_per_joule: Some(0.0) }
[2m2026-07-23T17:56:57.041763Z[0m [32m INFO[0m [2mreporter[0m[2m:[0m reported: Signals { gpu_utilization: Some(0.0), gpu_memory_used_bytes: Some(21110128640), active_service_count: Some(1), kv_cache_hit_rate: None, tokens_per_joule: Some(0.0) }
[2m2026-07-23T17:57:12.059099Z[0m [32m INFO[0m [2mreporter[0m[2m:[0m reported: Signals { gpu_utilization: Some(0.0), gpu_memory_used_bytes: Some(21110128640), active_service_count: Some(1), kv_cache_hit_rate: None, tokens_per_joule: Some(0.0) }
[2m2026-07-23T17:57:27.080015Z[0m [32m INFO[0m [2mreporter[0m[2m:[0m reported: Signals { gpu_utilization: Some(0.0), gpu_memory_used_bytes: Some(21110128640), active_service_count: Some(1), kv_cache_hit_rate: None, tokens_per_joule: Some(0.0) }
[2m2026-07-23T17:57:42.100682Z[0m [32m INFO[0m [2mreporter[0m[2m:[0m reported: Signals { gpu_utilization: Some(0.0), gpu_memory_used_bytes: Some(21110128640), active_service_count: Some(1), kv_cache_hit_rate: None, tokens_per_joule: Some(0.0) }
[2m2026-07-23T17:57:57.118378Z[0m [32m INFO[0m [2mreporter[0m[2m:[0m reported: Signals { gpu_utilization: Some(0.0), gpu_memory_used_bytes: Some(21110128640), active_service_count: Some(1), kv_cache_hit_rate: None, tokens_per_joule: Some(0.0) }
[2m2026-07-23T17:58:12.143017Z[0m [32m INFO[0m [2mreporter[0m[2m:[0m reported: Signals { gpu_utilization: Some(0.0), gpu_memory_used_bytes: Some(21110128640), active_service_count: Some(1), kv_cache_hit_rate: None, tokens_per_joule: Some(0.0) }
[2m2026-07-23T17:58:27.161318Z[0m [32m INFO[0m [2mreporter[0m[2m:[0m reported: Signals { gpu_utilization: Some(0.0), gpu_memory_used_bytes: Some(21110128640), active_service_count: Some(1), kv_cache_hit_rate: None, tokens_per_joule: Some(0.0) }
[2m2026-07-23T17:58:42.179194Z[0m [32m INFO[0m [2mreporter[0m[2m:[0m reported: Signals { gpu_utilization: Some(0.0), gpu_memory_used_bytes: Some(21110128640), active_service_count: Some(1), kv_cache_hit_rate: None, tokens_per_joule: Some(0.0) }
[2m2026-07-23T17:58:57.197200Z[0m [32m INFO[0m [2mreporter[0m[2m:[0m reported: Signals { gpu_utilization: Some(0.0), gpu_memory_used_bytes: Some(21110128640), active_service_count: Some(1), kv_cache_hit_rate: None, tokens_per_joule: Some(0.0) }
[2m2026-07-23T17:59:12.216038Z[0m [32m INFO[0m [2mreporter[0m[2m:[0m reported: Signals { gpu_utilization: Some(0.0), gpu_memory_used_bytes: Some(21110128640), active_service_count: Some(1), kv_cache_hit_rate: None, tokens_per_joule: Some(0.0) }
[2m2026-07-23T17:59:27.233896Z[0m [32m INFO[0m [2mreporter[0m[2m:[0m reported: Signals { gpu_utilization: Some(0.0), gpu_memory_used_bytes: Some(21110128640), active_service_count: Some(1), kv_cache_hit_rate: None, tokens_per_joule: Some(0.0) }
[2m2026-07-23T17:59:42.251227Z[0m [32m INFO[0m [2mreporter[0m[2m:[0m reported: Signals { gpu_utilization: Some(0.0), gpu_memory_used_bytes: Some(21110128640), active_service_count: Some(1), kv_cache_hit_rate: None, tokens_per_joule: Some(0.0) }
[2m2026-07-23T17:59:57.269415Z[0m [32m INFO[0m [2mreporter[0m[2m:[0m reported: Signals { gpu_utilization: Some(0.0), gpu_memory_used_bytes: Some(21110128640), active_service_count: Some(1), kv_cache_hit_rate: None, tokens_per_joule: Some(0.0) }
[2m2026-07-23T18:00:12.286769Z[0m [32m INFO[0m [2mreporter[0m[2m:[0m reported: Signals { gpu_utilization: Some(0.0), gpu_memory_used_bytes: Some(21110128640), active_service_count: Some(1), kv_cache_hit_rate: None, tokens_per_joule: Some(0.0) }
[2m2026-07-23T18:00:27.308439Z[0m [32m INFO[0m [2mreporter[0m[2m:[0m reported: Signals { gpu_utilization: Some(0.0), gpu_memory_used_bytes: Some(21110128640), active_service_count: Some(1), kv_cache_hit_rate: None, tokens_per_joule: Some(0.0) }
[2m2026-07-23T18:00:42.324573Z[0m [32m INFO[0m [2mreporter[0m[2m:[0m reported: Signals { gpu_utilization: Some(0.0), gpu_memory_used_bytes: Some(21110128640), active_service_count: Some(1), kv_cache_hit_rate: None, tokens_per_joule: Some(0.0) }
[2m2026-07-23T18:00:57.340943Z[0m [32m INFO[0m [2mreporter[0m[2m:[0m reported: Signals { gpu_utilization: Some(0.0), gpu_memory_used_bytes: Some(21110128640), active_service_count: Some(1), kv_cache_hit_rate: None, tokens_per_joule: Some(0.0) }
[2m2026-07-23T18:01:12.359386Z[0m [32m INFO[0m [2mreporter[0m[2m:[0m reported: Signals { gpu_utilization: Some(0.0), gpu_memory_used_bytes: Some(21110128640), active_service_count: Some(1), kv_cache_hit_rate: None, tokens_per_joule: Some(0.0) }
[2m2026-07-23T18:01:27.380673Z[0m [32m INFO[0m [2mreporter[0m[2m:[0m reported: Signals { gpu_utilization: Some(0.0), gpu_memory_used_bytes: Some(21110128640), active_service_count: Some(1), kv_cache_hit_rate: None, tokens_per_joule: Some(0.0) }
[2m2026-07-23T18:01:42.398503Z[0m [32m INFO[0m [2mreporter[0m[2m:[0m reported: Signals { gpu_utilization: Some(0.0), gpu_memory_used_bytes: Some(21110128640), active_service_count: Some(1), kv_cache_hit_rate: None, tokens_per_joule: Some(0.0) }
[2m2026-07-23T18:01:57.417467Z[0m [32m INFO[0m [2mreporter[0m[2m:[0m reported: Signals { gpu_utilization: Some(0.0), gpu_memory_used_bytes: Some(21110128640), active_service_count: Some(1), kv_cache_hit_rate: None, tokens_per_joule: Some(0.0) }
[2m2026-07-23T18:02:12.434195Z[0m [32m INFO[0m [2mreporter[0m[2m:[0m reported: Signals { gpu_utilization: Some(0.0), gpu_memory_used_bytes: Some(21110128640), active_service_count: Some(1), kv_cache_hit_rate: None, tokens_per_joule: Some(0.0) }
[2m2026-07-23T18:02:27.453542Z[0m [32m INFO[0m [2mreporter[0m[2m:[0m reported: Signals { gpu_utilization: Some(0.0), gpu_memory_used_bytes: Some(21110128640), active_service_count: Some(1), kv_cache_hit_rate: None, tokens_per_joule: Some(0.0) }
[2m2026-07-23T18:02:42.475893Z[0m [32m INFO[0m [2mreporter[0m[2m:[0m reported: Signals { gpu_utilization: Some(0.0), gpu_memory_used_bytes: Some(21110128640), active_service_count: Some(1), kv_cache_hit_rate: None, tokens_per_joule: Some(0.0) }
[2m2026-07-23T18:02:57.497386Z[0m [32m INFO[0m [2mreporter[0m[2m:[0m reported: Signals { gpu_utilization: Some(0.0), gpu_memory_used_bytes: Some(21110128640), active_service_count: Some(1), kv_cache_hit_rate: None, tokens_per_joule: Some(0.0) }
[2m2026-07-23T18:03:12.515949Z[0m [32m INFO[0m [2mreporter[0m[2m:[0m reported: Signals { gpu_utilization: Some(0.0), gpu_memory_used_bytes: Some(21110128640), active_service_count: Some(1), kv_cache_hit_rate: None, tokens_per_joule: Some(0.0) }
[2m2026-07-23T18:03:27.537282Z[0m [32m INFO[0m [2mreporter[0m[2m:[0m reported: Signals { gpu_utilization: Some(0.0), gpu_memory_used_bytes: Some(21110128640), active_service_count: Some(1), kv_cache_hit_rate: None, tokens_per_joule: Some(0.0) }
[2m2026-07-23T18:03:42.558860Z[0m [32m INFO[0m [2mreporter[0m[2m:[0m reported: Signals { gpu_utilization: Some(0.0), gpu_memory_used_bytes: Some(21110128640), active_service_count: Some(1), kv_cache_hit_rate: None, tokens_per_joule: Some(0.0) }
[2m2026-07-23T18:03:57.576834Z[0m [32m INFO[0m [2mreporter[0m[2m:[0m reported: Signals { gpu_utilization: Some(0.0), gpu_memory_used_bytes: Some(21110128640), active_service_count: Some(1), kv_cache_hit_rate: None, tokens_per_joule: Some(0.0) }
[2m2026-07-23T18:04:12.593517Z[0m [32m INFO[0m [2mreporter[0m[2m:[0m reported: Signals { gpu_utilization: Some(0.0), gpu_memory_used_bytes: Some(21110128640), active_service_count: Some(1), kv_cache_hit_rate: None, tokens_per_joule: Some(0.0) }
[2m2026-07-23T18:04:27.612283Z[0m [32m INFO[0m [2mreporter[0m[2m:[0m reported: Signals { gpu_utilization: Some(0.0), gpu_memory_used_bytes: Some(21110128640), active_service_count: Some(1), kv_cache_hit_rate: None, tokens_per_joule: Some(0.0) }
[2m2026-07-23T18:04:42.630137Z[0m [32m INFO[0m [2mreporter[0m[2m:[0m reported: Signals { gpu_utilization: Some(0.0), gpu_memory_used_bytes: Some(21110128640), active_service_count: Some(1), kv_cache_hit_rate: None, tokens_per_joule: Some(0.0) }
[2m2026-07-23T18:04:59.635855Z[0m [33m WARN[0m [2mreporter[0m[2m:[0m scrape 'http://vllm-b-np.default.svc.cluster.local:8000/metrics': request failed: error sending request for url (http://vllm-b-np.default.svc.cluster.local:8000/metrics)
[2m2026-07-23T18:04:59.648598Z[0m [32m INFO[0m [2mreporter[0m[2m:[0m reported: Signals { gpu_utilization: Some(0.0), gpu_memory_used_bytes: Some(0), active_service_count: Some(0), kv_cache_hit_rate: None, tokens_per_joule: None }
[2m2026-07-23T18:05:14.655754Z[0m [33m WARN[0m [2mreporter[0m[2m:[0m scrape 'http://vllm-b-np.default.svc.cluster.local:8000/metrics': request failed: error sending request for url (http://vllm-b-np.default.svc.cluster.local:8000/metrics)
[2m2026-07-23T18:05:14.662812Z[0m [32m INFO[0m [2mreporter[0m[2m:[0m reported: Signals { gpu_utilization: Some(0.0), gpu_memory_used_bytes: Some(0), active_service_count: Some(0), kv_cache_hit_rate: None, tokens_per_joule: None }
[2m2026-07-23T18:05:29.668892Z[0m [33m WARN[0m [2mreporter[0m[2m:[0m scrape 'http://vllm-b-np.default.svc.cluster.local:8000/metrics': request failed: error sending request for url (http://vllm-b-np.default.svc.cluster.local:8000/metrics)
[2m2026-07-23T18:05:29.676565Z[0m [32m INFO[0m [2mreporter[0m[2m:[0m reported: Signals { gpu_utilization: Some(0.0), gpu_memory_used_bytes: Some(3014656), active_service_count: Some(0), kv_cache_hit_rate: None, tokens_per_joule: None }
[2m2026-07-23T18:05:44.684165Z[0m [33m WARN[0m [2mreporter[0m[2m:[0m scrape 'http://vllm-b-np.default.svc.cluster.local:8000/metrics': request failed: error sending request for url (http://vllm-b-np.default.svc.cluster.local:8000/metrics)
[2m2026-07-23T18:05:44.689746Z[0m [32m INFO[0m [2mreporter[0m[2m:[0m reported: Signals { gpu_utilization: Some(0.0), gpu_memory_used_bytes: Some(15680602112), active_service_count: Some(0), kv_cache_hit_rate: None, tokens_per_joule: None }
[2m2026-07-23T18:05:59.696791Z[0m [33m WARN[0m [2mreporter[0m[2m:[0m scrape 'http://vllm-b-np.default.svc.cluster.local:8000/metrics': request failed: error sending request for url (http://vllm-b-np.default.svc.cluster.local:8000/metrics)
[2m2026-07-23T18:05:59.702490Z[0m [32m INFO[0m [2mreporter[0m[2m:[0m reported: Signals { gpu_utilization: Some(0.0), gpu_memory_used_bytes: Some(16829841408), active_service_count: Some(0), kv_cache_hit_rate: None, tokens_per_joule: None }
[2m2026-07-23T18:06:14.709571Z[0m [33m WARN[0m [2mreporter[0m[2m:[0m scrape 'http://vllm-b-np.default.svc.cluster.local:8000/metrics': request failed: error sending request for url (http://vllm-b-np.default.svc.cluster.local:8000/metrics)
[2m2026-07-23T18:06:14.715535Z[0m [32m INFO[0m [2mreporter[0m[2m:[0m reported: Signals { gpu_utilization: Some(0.0), gpu_memory_used_bytes: Some(21110128640), active_service_count: Some(0), kv_cache_hit_rate: None, tokens_per_joule: None }
[2m2026-07-23T18:06:29.756212Z[0m [32m INFO[0m [2mreporter[0m[2m:[0m reported: Signals { gpu_utilization: Some(0.0), gpu_memory_used_bytes: Some(21110128640), active_service_count: Some(1), kv_cache_hit_rate: None, tokens_per_joule: Some(0.0) }
[2m2026-07-23T18:06:44.779252Z[0m [32m INFO[0m [2mreporter[0m[2m:[0m reported: Signals { gpu_utilization: Some(0.0), gpu_memory_used_bytes: Some(21110128640), active_service_count: Some(1), kv_cache_hit_rate: None, tokens_per_joule: Some(0.0) }
[2m2026-07-23T18:06:59.797324Z[0m [32m INFO[0m [2mreporter[0m[2m:[0m reported: Signals { gpu_utilization: Some(0.0), gpu_memory_used_bytes: Some(21110128640), active_service_count: Some(1), kv_cache_hit_rate: None, tokens_per_joule: Some(0.0) }
[2m2026-07-23T18:07:14.816802Z[0m [32m INFO[0m [2mreporter[0m[2m:[0m reported: Signals { gpu_utilization: Some(0.0), gpu_memory_used_bytes: Some(21110128640), active_service_count: Some(1), kv_cache_hit_rate: None, tokens_per_joule: Some(0.0) }
[2m2026-07-23T18:07:29.836164Z[0m [32m INFO[0m [2mreporter[0m[2m:[0m reported: Signals { gpu_utilization: Some(0.0), gpu_memory_used_bytes: Some(21110128640), active_service_count: Some(1), kv_cache_hit_rate: None, tokens_per_joule: Some(0.0) }
[2m2026-07-23T18:07:44.855601Z[0m [32m INFO[0m [2mreporter[0m[2m:[0m reported: Signals { gpu_utilization: Some(0.0), gpu_memory_used_bytes: Some(21110128640), active_service_count: Some(1), kv_cache_hit_rate: None, tokens_per_joule: Some(0.0) }
[2m2026-07-23T18:07:59.871881Z[0m [32m INFO[0m [2mreporter[0m[2m:[0m reported: Signals { gpu_utilization: Some(0.0), gpu_memory_used_bytes: Some(21110128640), active_service_count: Some(1), kv_cache_hit_rate: None, tokens_per_joule: Some(0.0) }
[2m2026-07-23T18:08:14.888288Z[0m [32m INFO[0m [2mreporter[0m[2m:[0m reported: Signals { gpu_utilization: Some(0.0), gpu_memory_used_bytes: Some(21110128640), active_service_count: Some(1), kv_cache_hit_rate: None, tokens_per_joule: Some(0.0) }
[2m2026-07-23T18:08:29.907344Z[0m [32m INFO[0m [2mreporter[0m[2m:[0m reported: Signals { gpu_utilization: Some(0.0), gpu_memory_used_bytes: Some(21110128640), active_service_count: Some(1), kv_cache_hit_rate: None, tokens_per_joule: Some(0.0) }
[2m2026-07-23T18:08:44.925553Z[0m [32m INFO[0m [2mreporter[0m[2m:[0m reported: Signals { gpu_utilization: Some(0.0), gpu_memory_used_bytes: Some(21110128640), active_service_count: Some(1), kv_cache_hit_rate: None, tokens_per_joule: Some(0.0) }
[2m2026-07-23T18:08:59.944638Z[0m [32m INFO[0m [2mreporter[0m[2m:[0m reported: Signals { gpu_utilization: Some(0.0), gpu_memory_used_bytes: Some(21110128640), active_service_count: Some(1), kv_cache_hit_rate: None, tokens_per_joule: Some(0.0) }
[2m2026-07-23T18:09:14.963243Z[0m [32m INFO[0m [2mreporter[0m[2m:[0m reported: Signals { gpu_utilization: Some(0.0), gpu_memory_used_bytes: Some(21110128640), active_service_count: Some(1), kv_cache_hit_rate: None, tokens_per_joule: Some(0.0) }
[2m2026-07-23T18:09:29.981663Z[0m [32m INFO[0m [2mreporter[0m[2m:[0m reported: Signals { gpu_utilization: Some(0.0), gpu_memory_used_bytes: Some(21110128640), active_service_count: Some(1), kv_cache_hit_rate: None, tokens_per_joule: Some(0.0) }
[2m2026-07-23T18:09:44.999809Z[0m [32m INFO[0m [2mreporter[0m[2m:[0m reported: Signals { gpu_utilization: Some(0.0), gpu_memory_used_bytes: Some(21110128640), active_service_count: Some(1), kv_cache_hit_rate: None, tokens_per_joule: Some(0.0) }
[2m2026-07-23T18:10:00.016675Z[0m [32m INFO[0m [2mreporter[0m[2m:[0m reported: Signals { gpu_utilization: Some(0.0), gpu_memory_used_bytes: Some(21110128640), active_service_count: Some(1), kv_cache_hit_rate: None, tokens_per_joule: Some(0.0) }
[2m2026-07-23T18:10:15.034332Z[0m [32m INFO[0m [2mreporter[0m[2m:[0m reported: Signals { gpu_utilization: Some(0.0), gpu_memory_used_bytes: Some(21110128640), active_service_count: Some(1), kv_cache_hit_rate: None, tokens_per_joule: Some(0.0) }
[2m2026-07-23T18:10:30.052464Z[0m [32m INFO[0m [2mreporter[0m[2m:[0m reported: Signals { gpu_utilization: Some(0.0), gpu_memory_used_bytes: Some(21110128640), active_service_count: Some(1), kv_cache_hit_rate: None, tokens_per_joule: Some(0.0) }
[2m2026-07-23T18:10:45.074192Z[0m [32m INFO[0m [2mreporter[0m[2m:[0m reported: Signals { gpu_utilization: Some(0.0), gpu_memory_used_bytes: Some(21110128640), active_service_count: Some(1), kv_cache_hit_rate: None, tokens_per_joule: Some(0.0) }
[2m2026-07-23T18:11:00.093583Z[0m [32m INFO[0m [2mreporter[0m[2m:[0m reported: Signals { gpu_utilization: Some(0.0), gpu_memory_used_bytes: Some(21110128640), active_service_count: Some(1), kv_cache_hit_rate: None, tokens_per_joule: Some(0.0) }
[2m2026-07-23T18:11:15.112375Z[0m [32m INFO[0m [2mreporter[0m[2m:[0m reported: Signals { gpu_utilization: Some(0.0), gpu_memory_used_bytes: Some(21110128640), active_service_count: Some(1), kv_cache_hit_rate: None, tokens_per_joule: Some(0.0) }
[2m2026-07-23T18:11:30.129211Z[0m [32m INFO[0m [2mreporter[0m[2m:[0m reported: Signals { gpu_utilization: Some(0.0), gpu_memory_used_bytes: Some(21110128640), active_service_count: Some(1), kv_cache_hit_rate: None, tokens_per_joule: Some(0.0) }
[2m2026-07-23T18:11:45.147618Z[0m [32m INFO[0m [2mreporter[0m[2m:[0m reported: Signals { gpu_utilization: Some(0.0), gpu_memory_used_bytes: Some(21110128640), active_service_count: Some(1), kv_cache_hit_rate: None, tokens_per_joule: Some(0.0) }
[2m2026-07-23T18:12:00.168360Z[0m [32m INFO[0m [2mreporter[0m[2m:[0m reported: Signals { gpu_utilization: Some(0.0), gpu_memory_used_bytes: Some(21110128640), active_service_count: Some(1), kv_cache_hit_rate: None, tokens_per_joule: Some(0.0) }
[2m2026-07-23T18:12:15.186034Z[0m [32m INFO[0m [2mreporter[0m[2m:[0m reported: Signals { gpu_utilization: Some(0.0), gpu_memory_used_bytes: Some(21110128640), active_service_count: Some(1), kv_cache_hit_rate: None, tokens_per_joule: Some(0.0) }
[2m2026-07-23T18:12:30.204540Z[0m [32m INFO[0m [2mreporter[0m[2m:[0m reported: Signals { gpu_utilization: Some(0.0), gpu_memory_used_bytes: Some(21110128640), active_service_count: Some(1), kv_cache_hit_rate: None, tokens_per_joule: Some(0.0) }
[2m2026-07-23T18:12:45.224833Z[0m [32m INFO[0m [2mreporter[0m[2m:[0m reported: Signals { gpu_utilization: Some(0.0), gpu_memory_used_bytes: Some(21110128640), active_service_count: Some(1), kv_cache_hit_rate: None, tokens_per_joule: Some(0.0) }
[2m2026-07-23T18:13:00.240972Z[0m [32m INFO[0m [2mreporter[0m[2m:[0m reported: Signals { gpu_utilization: Some(0.0), gpu_memory_used_bytes: Some(21110128640), active_service_count: Some(1), kv_cache_hit_rate: None, tokens_per_joule: Some(0.0) }
[2m2026-07-23T18:13:15.258588Z[0m [32m INFO[0m [2mreporter[0m[2m:[0m reported: Signals { gpu_utilization: Some(0.0), gpu_memory_used_bytes: Some(21110128640), active_service_count: Some(1), kv_cache_hit_rate: None, tokens_per_joule: Some(0.0) }
[2m2026-07-23T18:13:30.276196Z[0m [32m INFO[0m [2mreporter[0m[2m:[0m reported: Signals { gpu_utilization: Some(0.0), gpu_memory_used_bytes: Some(21110128640), active_service_count: Some(1), kv_cache_hit_rate: None, tokens_per_joule: Some(0.0) }
[2m2026-07-23T18:13:45.294209Z[0m [32m INFO[0m [2mreporter[0m[2m:[0m reported: Signals { gpu_utilization: Some(0.0), gpu_memory_used_bytes: Some(21110128640), active_service_count: Some(1), kv_cache_hit_rate: None, tokens_per_joule: Some(0.0) }
[2m2026-07-23T18:14:00.313516Z[0m [32m INFO[0m [2mreporter[0m[2m:[0m reported: Signals { gpu_utilization: Some(0.0), gpu_memory_used_bytes: Some(21110128640), active_service_count: Some(1), kv_cache_hit_rate: None, tokens_per_joule: Some(0.0) }
[2m2026-07-23T18:14:15.320138Z[0m [33m WARN[0m [2mreporter[0m[2m:[0m scrape 'http://vllm-b-np.default.svc.cluster.local:8000/metrics': request failed: error sending request for url (http://vllm-b-np.default.svc.cluster.local:8000/metrics)
[2m2026-07-23T18:14:15.328447Z[0m [32m INFO[0m [2mreporter[0m[2m:[0m reported: Signals { gpu_utilization: Some(0.0), gpu_memory_used_bytes: Some(0), active_service_count: Some(0), kv_cache_hit_rate: None, tokens_per_joule: None }
[2m2026-07-23T18:14:30.335989Z[0m [33m WARN[0m [2mreporter[0m[2m:[0m scrape 'http://vllm-b-np.default.svc.cluster.local:8000/metrics': request failed: error sending request for url (http://vllm-b-np.default.svc.cluster.local:8000/metrics)
[2m2026-07-23T18:14:30.343564Z[0m [32m INFO[0m [2mreporter[0m[2m:[0m reported: Signals { gpu_utilization: Some(0.0), gpu_memory_used_bytes: Some(3014656), active_service_count: Some(0), kv_cache_hit_rate: None, tokens_per_joule: None }
[2m2026-07-23T18:14:45.350352Z[0m [33m WARN[0m [2mreporter[0m[2m:[0m scrape 'http://vllm-b-np.default.svc.cluster.local:8000/metrics': request failed: error sending request for url (http://vllm-b-np.default.svc.cluster.local:8000/metrics)
[2m2026-07-23T18:14:45.356022Z[0m [32m INFO[0m [2mreporter[0m[2m:[0m reported: Signals { gpu_utilization: Some(0.0), gpu_memory_used_bytes: Some(15680602112), active_service_count: Some(0), kv_cache_hit_rate: None, tokens_per_joule: None }
[2m2026-07-23T18:15:00.363462Z[0m [33m WARN[0m [2mreporter[0m[2m:[0m scrape 'http://vllm-b-np.default.svc.cluster.local:8000/metrics': request failed: error sending request for url (http://vllm-b-np.default.svc.cluster.local:8000/metrics)
[2m2026-07-23T18:15:00.370337Z[0m [32m INFO[0m [2mreporter[0m[2m:[0m reported: Signals { gpu_utilization: Some(95.0), gpu_memory_used_bytes: Some(16829841408), active_service_count: Some(0), kv_cache_hit_rate: None, tokens_per_joule: None }
[2m2026-07-23T18:15:15.378290Z[0m [33m WARN[0m [2mreporter[0m[2m:[0m scrape 'http://vllm-b-np.default.svc.cluster.local:8000/metrics': request failed: error sending request for url (http://vllm-b-np.default.svc.cluster.local:8000/metrics)
[2m2026-07-23T18:15:15.384190Z[0m [32m INFO[0m [2mreporter[0m[2m:[0m reported: Signals { gpu_utilization: Some(0.0), gpu_memory_used_bytes: Some(21110128640), active_service_count: Some(0), kv_cache_hit_rate: None, tokens_per_joule: None }
[2m2026-07-23T18:15:30.431975Z[0m [32m INFO[0m [2mreporter[0m[2m:[0m reported: Signals { gpu_utilization: Some(0.0), gpu_memory_used_bytes: Some(21110128640), active_service_count: Some(1), kv_cache_hit_rate: None, tokens_per_joule: Some(0.0) }
[2m2026-07-23T18:15:45.450449Z[0m [32m INFO[0m [2mreporter[0m[2m:[0m reported: Signals { gpu_utilization: Some(0.0), gpu_memory_used_bytes: Some(21110128640), active_service_count: Some(1), kv_cache_hit_rate: None, tokens_per_joule: Some(0.0) }
[2m2026-07-23T18:16:00.467904Z[0m [32m INFO[0m [2mreporter[0m[2m:[0m reported: Signals { gpu_utilization: Some(0.0), gpu_memory_used_bytes: Some(21110128640), active_service_count: Some(1), kv_cache_hit_rate: None, tokens_per_joule: Some(0.0) }
[2m2026-07-23T18:16:15.484916Z[0m [32m INFO[0m [2mreporter[0m[2m:[0m reported: Signals { gpu_utilization: Some(0.0), gpu_memory_used_bytes: Some(21110128640), active_service_count: Some(1), kv_cache_hit_rate: None, tokens_per_joule: Some(0.0) }
[2m2026-07-23T18:16:30.504217Z[0m [32m INFO[0m [2mreporter[0m[2m:[0m reported: Signals { gpu_utilization: Some(0.0), gpu_memory_used_bytes: Some(21110128640), active_service_count: Some(1), kv_cache_hit_rate: None, tokens_per_joule: Some(0.0) }
[2m2026-07-23T18:16:45.521864Z[0m [32m INFO[0m [2mreporter[0m[2m:[0m reported: Signals { gpu_utilization: Some(0.0), gpu_memory_used_bytes: Some(21110128640), active_service_count: Some(1), kv_cache_hit_rate: None, tokens_per_joule: Some(0.0) }
[2m2026-07-23T18:17:00.539002Z[0m [32m INFO[0m [2mreporter[0m[2m:[0m reported: Signals { gpu_utilization: Some(0.0), gpu_memory_used_bytes: Some(21110128640), active_service_count: Some(1), kv_cache_hit_rate: None, tokens_per_joule: Some(0.0) }
[2m2026-07-23T18:17:15.560698Z[0m [32m INFO[0m [2mreporter[0m[2m:[0m reported: Signals { gpu_utilization: Some(0.0), gpu_memory_used_bytes: Some(21110128640), active_service_count: Some(1), kv_cache_hit_rate: None, tokens_per_joule: Some(0.0) }
[2m2026-07-23T18:17:30.579378Z[0m [32m INFO[0m [2mreporter[0m[2m:[0m reported: Signals { gpu_utilization: Some(0.0), gpu_memory_used_bytes: Some(21110128640), active_service_count: Some(1), kv_cache_hit_rate: None, tokens_per_joule: Some(0.0) }
[2m2026-07-23T18:17:45.600215Z[0m [32m INFO[0m [2mreporter[0m[2m:[0m reported: Signals { gpu_utilization: Some(0.0), gpu_memory_used_bytes: Some(21110128640), active_service_count: Some(1), kv_cache_hit_rate: None, tokens_per_joule: Some(0.0) }
[2m2026-07-23T18:18:00.618284Z[0m [32m INFO[0m [2mreporter[0m[2m:[0m reported: Signals { gpu_utilization: Some(0.0), gpu_memory_used_bytes: Some(21110128640), active_service_count: Some(1), kv_cache_hit_rate: None, tokens_per_joule: Some(0.0) }
[2m2026-07-23T18:18:15.635197Z[0m [32m INFO[0m [2mreporter[0m[2m:[0m reported: Signals { gpu_utilization: Some(0.0), gpu_memory_used_bytes: Some(21110128640), active_service_count: Some(1), kv_cache_hit_rate: None, tokens_per_joule: Some(0.0) }
[2m2026-07-23T18:18:30.653955Z[0m [32m INFO[0m [2mreporter[0m[2m:[0m reported: Signals { gpu_utilization: Some(0.0), gpu_memory_used_bytes: Some(21110128640), active_service_count: Some(1), kv_cache_hit_rate: None, tokens_per_joule: Some(0.0) }
[2m2026-07-23T18:18:45.672735Z[0m [32m INFO[0m [2mreporter[0m[2m:[0m reported: Signals { gpu_utilization: Some(0.0), gpu_memory_used_bytes: Some(21110128640), active_service_count: Some(1), kv_cache_hit_rate: None, tokens_per_joule: Some(0.0) }
[2m2026-07-23T18:19:00.690083Z[0m [32m INFO[0m [2mreporter[0m[2m:[0m reported: Signals { gpu_utilization: Some(0.0), gpu_memory_used_bytes: Some(21110128640), active_service_count: Some(1), kv_cache_hit_rate: None, tokens_per_joule: Some(0.0) }
[2m2026-07-23T18:19:15.707652Z[0m [32m INFO[0m [2mreporter[0m[2m:[0m reported: Signals { gpu_utilization: Some(0.0), gpu_memory_used_bytes: Some(21110128640), active_service_count: Some(1), kv_cache_hit_rate: None, tokens_per_joule: Some(0.0) }
[2m2026-07-23T18:19:30.730529Z[0m [32m INFO[0m [2mreporter[0m[2m:[0m reported: Signals { gpu_utilization: Some(0.0), gpu_memory_used_bytes: Some(21110128640), active_service_count: Some(1), kv_cache_hit_rate: None, tokens_per_joule: Some(0.0) }
[2m2026-07-23T18:19:45.748185Z[0m [32m INFO[0m [2mreporter[0m[2m:[0m reported: Signals { gpu_utilization: Some(0.0), gpu_memory_used_bytes: Some(21110128640), active_service_count: Some(1), kv_cache_hit_rate: None, tokens_per_joule: Some(0.0) }
[2m2026-07-23T18:20:00.766325Z[0m [32m INFO[0m [2mreporter[0m[2m:[0m reported: Signals { gpu_utilization: Some(0.0), gpu_memory_used_bytes: Some(21110128640), active_service_count: Some(1), kv_cache_hit_rate: None, tokens_per_joule: Some(0.0) }
[2m2026-07-23T18:20:15.784253Z[0m [32m INFO[0m [2mreporter[0m[2m:[0m reported: Signals { gpu_utilization: Some(0.0), gpu_memory_used_bytes: Some(21110128640), active_service_count: Some(1), kv_cache_hit_rate: None, tokens_per_joule: Some(0.0) }
[2m2026-07-23T18:20:30.801517Z[0m [32m INFO[0m [2mreporter[0m[2m:[0m reported: Signals { gpu_utilization: Some(0.0), gpu_memory_used_bytes: Some(21110128640), active_service_count: Some(1), kv_cache_hit_rate: None, tokens_per_joule: Some(0.0) }
[2m2026-07-23T18:20:45.819048Z[0m [32m INFO[0m [2mreporter[0m[2m:[0m reported: Signals { gpu_utilization: Some(0.0), gpu_memory_used_bytes: Some(21110128640), active_service_count: Some(1), kv_cache_hit_rate: None, tokens_per_joule: Some(0.0) }
[2m2026-07-23T18:21:00.841662Z[0m [32m INFO[0m [2mreporter[0m[2m:[0m reported: Signals { gpu_utilization: Some(0.0), gpu_memory_used_bytes: Some(21110128640), active_service_count: Some(1), kv_cache_hit_rate: None, tokens_per_joule: Some(0.0) }
[2m2026-07-23T18:21:15.858856Z[0m [32m INFO[0m [2mreporter[0m[2m:[0m reported: Signals { gpu_utilization: Some(0.0), gpu_memory_used_bytes: Some(21110128640), active_service_count: Some(1), kv_cache_hit_rate: None, tokens_per_joule: Some(0.0) }
[2m2026-07-23T18:21:30.879204Z[0m [32m INFO[0m [2mreporter[0m[2m:[0m reported: Signals { gpu_utilization: Some(0.0), gpu_memory_used_bytes: Some(21110128640), active_service_count: Some(1), kv_cache_hit_rate: None, tokens_per_joule: Some(0.0) }
[2m2026-07-23T18:21:45.897847Z[0m [32m INFO[0m [2mreporter[0m[2m:[0m reported: Signals { gpu_utilization: Some(0.0), gpu_memory_used_bytes: Some(21110128640), active_service_count: Some(1), kv_cache_hit_rate: None, tokens_per_joule: Some(0.0) }
[2m2026-07-23T18:22:00.915012Z[0m [32m INFO[0m [2mreporter[0m[2m:[0m reported: Signals { gpu_utilization: Some(0.0), gpu_memory_used_bytes: Some(21110128640), active_service_count: Some(1), kv_cache_hit_rate: None, tokens_per_joule: Some(0.0) }
[2m2026-07-23T18:22:15.937668Z[0m [32m INFO[0m [2mreporter[0m[2m:[0m reported: Signals { gpu_utilization: Some(0.0), gpu_memory_used_bytes: Some(21110128640), active_service_count: Some(1), kv_cache_hit_rate: None, tokens_per_joule: Some(0.0) }
[2m2026-07-23T18:22:30.956558Z[0m [32m INFO[0m [2mreporter[0m[2m:[0m reported: Signals { gpu_utilization: Some(0.0), gpu_memory_used_bytes: Some(21110128640), active_service_count: Some(1), kv_cache_hit_rate: None, tokens_per_joule: Some(0.0) }
[2m2026-07-23T18:22:45.982712Z[0m [32m INFO[0m [2mreporter[0m[2m:[0m reported: Signals { gpu_utilization: Some(0.0), gpu_memory_used_bytes: Some(21110128640), active_service_count: Some(1), kv_cache_hit_rate: None, tokens_per_joule: Some(0.0) }
[2m2026-07-23T18:23:01.001093Z[0m [32m INFO[0m [2mreporter[0m[2m:[0m reported: Signals { gpu_utilization: Some(0.0), gpu_memory_used_bytes: Some(21110128640), active_service_count: Some(1), kv_cache_hit_rate: None, tokens_per_joule: Some(0.0) }
[2m2026-07-23T18:23:16.008894Z[0m [33m WARN[0m [2mreporter[0m[2m:[0m scrape 'http://vllm-b-np.default.svc.cluster.local:8000/metrics': request failed: error sending request for url (http://vllm-b-np.default.svc.cluster.local:8000/metrics)
[2m2026-07-23T18:23:16.016517Z[0m [32m INFO[0m [2mreporter[0m[2m:[0m reported: Signals { gpu_utilization: Some(0.0), gpu_memory_used_bytes: Some(0), active_service_count: Some(0), kv_cache_hit_rate: None, tokens_per_joule: None }
[2m2026-07-23T18:23:31.023643Z[0m [33m WARN[0m [2mreporter[0m[2m:[0m scrape 'http://vllm-b-np.default.svc.cluster.local:8000/metrics': request failed: error sending request for url (http://vllm-b-np.default.svc.cluster.local:8000/metrics)
[2m2026-07-23T18:23:31.030804Z[0m [32m INFO[0m [2mreporter[0m[2m:[0m reported: Signals { gpu_utilization: Some(0.0), gpu_memory_used_bytes: Some(0), active_service_count: Some(0), kv_cache_hit_rate: None, tokens_per_joule: None }
[2m2026-07-23T18:23:46.037152Z[0m [33m WARN[0m [2mreporter[0m[2m:[0m scrape 'http://vllm-b-np.default.svc.cluster.local:8000/metrics': request failed: error sending request for url (http://vllm-b-np.default.svc.cluster.local:8000/metrics)
[2m2026-07-23T18:23:46.044986Z[0m [32m INFO[0m [2mreporter[0m[2m:[0m reported: Signals { gpu_utilization: Some(0.0), gpu_memory_used_bytes: Some(3014656), active_service_count: Some(0), kv_cache_hit_rate: None, tokens_per_joule: None }
[2m2026-07-23T18:24:01.054102Z[0m [33m WARN[0m [2mreporter[0m[2m:[0m scrape 'http://vllm-b-np.default.svc.cluster.local:8000/metrics': request failed: error sending request for url (http://vllm-b-np.default.svc.cluster.local:8000/metrics)
[2m2026-07-23T18:24:01.059760Z[0m [32m INFO[0m [2mreporter[0m[2m:[0m reported: Signals { gpu_utilization: Some(0.0), gpu_memory_used_bytes: Some(15680602112), active_service_count: Some(0), kv_cache_hit_rate: None, tokens_per_joule: None }
[2m2026-07-23T18:24:16.066275Z[0m [33m WARN[0m [2mreporter[0m[2m:[0m scrape 'http://vllm-b-np.default.svc.cluster.local:8000/metrics': request failed: error sending request for url (http://vllm-b-np.default.svc.cluster.local:8000/metrics)
[2m2026-07-23T18:24:16.071749Z[0m [32m INFO[0m [2mreporter[0m[2m:[0m reported: Signals { gpu_utilization: Some(0.0), gpu_memory_used_bytes: Some(16829841408), active_service_count: Some(0), kv_cache_hit_rate: None, tokens_per_joule: None }
[2m2026-07-23T18:24:31.113532Z[0m [32m INFO[0m [2mreporter[0m[2m:[0m reported: Signals { gpu_utilization: Some(0.0), gpu_memory_used_bytes: Some(21110128640), active_service_count: Some(1), kv_cache_hit_rate: None, tokens_per_joule: Some(0.0) }
[2m2026-07-23T18:24:46.130988Z[0m [32m INFO[0m [2mreporter[0m[2m:[0m reported: Signals { gpu_utilization: Some(0.0), gpu_memory_used_bytes: Some(21110128640), active_service_count: Some(1), kv_cache_hit_rate: None, tokens_per_joule: Some(0.0) }
[2m2026-07-23T18:25:01.148434Z[0m [32m INFO[0m [2mreporter[0m[2m:[0m reported: Signals { gpu_utilization: Some(0.0), gpu_memory_used_bytes: Some(21110128640), active_service_count: Some(1), kv_cache_hit_rate: None, tokens_per_joule: Some(0.0) }
[2m2026-07-23T18:25:16.165730Z[0m [32m INFO[0m [2mreporter[0m[2m:[0m reported: Signals { gpu_utilization: Some(0.0), gpu_memory_used_bytes: Some(21110128640), active_service_count: Some(1), kv_cache_hit_rate: None, tokens_per_joule: Some(0.0) }
[2m2026-07-23T18:25:31.182520Z[0m [32m INFO[0m [2mreporter[0m[2m:[0m reported: Signals { gpu_utilization: Some(0.0), gpu_memory_used_bytes: Some(21110128640), active_service_count: Some(1), kv_cache_hit_rate: None, tokens_per_joule: Some(0.0) }
[2m2026-07-23T18:25:46.198932Z[0m [32m INFO[0m [2mreporter[0m[2m:[0m reported: Signals { gpu_utilization: Some(0.0), gpu_memory_used_bytes: Some(21110128640), active_service_count: Some(1), kv_cache_hit_rate: None, tokens_per_joule: Some(0.0) }
[2m2026-07-23T18:26:01.216449Z[0m [32m INFO[0m [2mreporter[0m[2m:[0m reported: Signals { gpu_utilization: Some(0.0), gpu_memory_used_bytes: Some(21110128640), active_service_count: Some(1), kv_cache_hit_rate: None, tokens_per_joule: Some(0.0) }
[2m2026-07-23T18:26:16.233337Z[0m [32m INFO[0m [2mreporter[0m[2m:[0m reported: Signals { gpu_utilization: Some(0.0), gpu_memory_used_bytes: Some(21110128640), active_service_count: Some(1), kv_cache_hit_rate: None, tokens_per_joule: Some(0.0) }
[2m2026-07-23T18:26:31.250647Z[0m [32m INFO[0m [2mreporter[0m[2m:[0m reported: Signals { gpu_utilization: Some(0.0), gpu_memory_used_bytes: Some(21110128640), active_service_count: Some(1), kv_cache_hit_rate: None, tokens_per_joule: Some(0.0) }
[2m2026-07-23T18:26:46.271238Z[0m [32m INFO[0m [2mreporter[0m[2m:[0m reported: Signals { gpu_utilization: Some(0.0), gpu_memory_used_bytes: Some(21110128640), active_service_count: Some(1), kv_cache_hit_rate: None, tokens_per_joule: Some(0.0) }
[2m2026-07-23T18:27:01.289049Z[0m [32m INFO[0m [2mreporter[0m[2m:[0m reported: Signals { gpu_utilization: Some(0.0), gpu_memory_used_bytes: Some(21110128640), active_service_count: Some(1), kv_cache_hit_rate: None, tokens_per_joule: Some(0.0) }
[2m2026-07-23T18:27:16.307976Z[0m [32m INFO[0m [2mreporter[0m[2m:[0m reported: Signals { gpu_utilization: Some(0.0), gpu_memory_used_bytes: Some(21110128640), active_service_count: Some(1), kv_cache_hit_rate: None, tokens_per_joule: Some(0.0) }
[2m2026-07-23T18:27:31.325285Z[0m [32m INFO[0m [2mreporter[0m[2m:[0m reported: Signals { gpu_utilization: Some(0.0), gpu_memory_used_bytes: Some(21110128640), active_service_count: Some(1), kv_cache_hit_rate: None, tokens_per_joule: Some(0.0) }
[2m2026-07-23T18:27:46.344000Z[0m [32m INFO[0m [2mreporter[0m[2m:[0m reported: Signals { gpu_utilization: Some(0.0), gpu_memory_used_bytes: Some(21110128640), active_service_count: Some(1), kv_cache_hit_rate: None, tokens_per_joule: Some(0.0) }
[2m2026-07-23T18:28:01.366515Z[0m [32m INFO[0m [2mreporter[0m[2m:[0m reported: Signals { gpu_utilization: Some(0.0), gpu_memory_used_bytes: Some(21110128640), active_service_count: Some(1), kv_cache_hit_rate: None, tokens_per_joule: Some(0.0) }
[2m2026-07-23T18:28:16.389603Z[0m [32m INFO[0m [2mreporter[0m[2m:[0m reported: Signals { gpu_utilization: Some(0.0), gpu_memory_used_bytes: Some(21110128640), active_service_count: Some(1), kv_cache_hit_rate: None, tokens_per_joule: Some(0.0) }
[2m2026-07-23T18:28:31.410650Z[0m [32m INFO[0m [2mreporter[0m[2m:[0m reported: Signals { gpu_utilization: Some(0.0), gpu_memory_used_bytes: Some(21110128640), active_service_count: Some(1), kv_cache_hit_rate: None, tokens_per_joule: Some(0.0) }
[2m2026-07-23T18:28:46.431324Z[0m [32m INFO[0m [2mreporter[0m[2m:[0m reported: Signals { gpu_utilization: Some(0.0), gpu_memory_used_bytes: Some(21110128640), active_service_count: Some(1), kv_cache_hit_rate: None, tokens_per_joule: Some(0.0) }
[2m2026-07-23T18:29:01.452313Z[0m [32m INFO[0m [2mreporter[0m[2m:[0m reported: Signals { gpu_utilization: Some(0.0), gpu_memory_used_bytes: Some(21110128640), active_service_count: Some(1), kv_cache_hit_rate: None, tokens_per_joule: Some(0.0) }
[2m2026-07-23T18:29:16.469930Z[0m [32m INFO[0m [2mreporter[0m[2m:[0m reported: Signals { gpu_utilization: Some(0.0), gpu_memory_used_bytes: Some(21110128640), active_service_count: Some(1), kv_cache_hit_rate: None, tokens_per_joule: Some(0.0) }
[2m2026-07-23T18:29:31.487964Z[0m [32m INFO[0m [2mreporter[0m[2m:[0m reported: Signals { gpu_utilization: Some(0.0), gpu_memory_used_bytes: Some(21110128640), active_service_count: Some(1), kv_cache_hit_rate: None, tokens_per_joule: Some(0.0) }
[2m2026-07-23T18:29:46.505824Z[0m [32m INFO[0m [2mreporter[0m[2m:[0m reported: Signals { gpu_utilization: Some(0.0), gpu_memory_used_bytes: Some(21110128640), active_service_count: Some(1), kv_cache_hit_rate: None, tokens_per_joule: Some(0.0) }
[2m2026-07-23T18:30:01.523410Z[0m [32m INFO[0m [2mreporter[0m[2m:[0m reported: Signals { gpu_utilization: Some(0.0), gpu_memory_used_bytes: Some(21110128640), active_service_count: Some(1), kv_cache_hit_rate: None, tokens_per_joule: Some(0.0) }
[2m2026-07-23T18:30:16.541732Z[0m [32m INFO[0m [2mreporter[0m[2m:[0m reported: Signals { gpu_utilization: Some(0.0), gpu_memory_used_bytes: Some(21110128640), active_service_count: Some(1), kv_cache_hit_rate: None, tokens_per_joule: Some(0.0) }
[2m2026-07-23T18:30:31.562519Z[0m [32m INFO[0m [2mreporter[0m[2m:[0m reported: Signals { gpu_utilization: Some(0.0), gpu_memory_used_bytes: Some(21110128640), active_service_count: Some(1), kv_cache_hit_rate: None, tokens_per_joule: Some(0.0) }
[2m2026-07-23T18:30:46.584839Z[0m [32m INFO[0m [2mreporter[0m[2m:[0m reported: Signals { gpu_utilization: Some(0.0), gpu_memory_used_bytes: Some(21110128640), active_service_count: Some(1), kv_cache_hit_rate: None, tokens_per_joule: Some(0.0) }
[2m2026-07-23T18:31:01.602920Z[0m [32m INFO[0m [2mreporter[0m[2m:[0m reported: Signals { gpu_utilization: Some(0.0), gpu_memory_used_bytes: Some(21110128640), active_service_count: Some(1), kv_cache_hit_rate: None, tokens_per_joule: Some(0.0) }
[2m2026-07-23T18:31:16.623341Z[0m [32m INFO[0m [2mreporter[0m[2m:[0m reported: Signals { gpu_utilization: Some(0.0), gpu_memory_used_bytes: Some(21110128640), active_service_count: Some(1), kv_cache_hit_rate: None, tokens_per_joule: Some(0.0) }
[2m2026-07-23T18:31:31.644324Z[0m [32m INFO[0m [2mreporter[0m[2m:[0m reported: Signals { gpu_utilization: Some(0.0), gpu_memory_used_bytes: Some(21110128640), active_service_count: Some(1), kv_cache_hit_rate: None, tokens_per_joule: Some(0.0) }
[2m2026-07-23T18:31:46.663012Z[0m [32m INFO[0m [2mreporter[0m[2m:[0m reported: Signals { gpu_utilization: Some(0.0), gpu_memory_used_bytes: Some(21110128640), active_service_count: Some(1), kv_cache_hit_rate: None, tokens_per_joule: Some(0.0) }
[2m2026-07-23T18:32:01.690576Z[0m [32m INFO[0m [2mreporter[0m[2m:[0m reported: Signals { gpu_utilization: Some(0.0), gpu_memory_used_bytes: Some(21110128640), active_service_count: Some(1), kv_cache_hit_rate: None, tokens_per_joule: Some(0.0) }
[2m2026-07-23T18:32:16.699741Z[0m [33m WARN[0m [2mreporter[0m[2m:[0m scrape 'http://vllm-b-np.default.svc.cluster.local:8000/metrics': request failed: error sending request for url (http://vllm-b-np.default.svc.cluster.local:8000/metrics)
[2m2026-07-23T18:32:16.706417Z[0m [32m INFO[0m [2mreporter[0m[2m:[0m reported: Signals { gpu_utilization: Some(0.0), gpu_memory_used_bytes: Some(0), active_service_count: Some(0), kv_cache_hit_rate: None, tokens_per_joule: None }
[2m2026-07-23T18:32:31.715670Z[0m [33m WARN[0m [2mreporter[0m[2m:[0m scrape 'http://vllm-b-np.default.svc.cluster.local:8000/metrics': request failed: error sending request for url (http://vllm-b-np.default.svc.cluster.local:8000/metrics)
[2m2026-07-23T18:32:31.726910Z[0m [32m INFO[0m [2mreporter[0m[2m:[0m reported: Signals { gpu_utilization: Some(0.0), gpu_memory_used_bytes: Some(0), active_service_count: Some(0), kv_cache_hit_rate: None, tokens_per_joule: None }
[2m2026-07-23T18:32:46.732986Z[0m [33m WARN[0m [2mreporter[0m[2m:[0m scrape 'http://vllm-b-np.default.svc.cluster.local:8000/metrics': request failed: error sending request for url (http://vllm-b-np.default.svc.cluster.local:8000/metrics)
[2m2026-07-23T18:32:46.740531Z[0m [32m INFO[0m [2mreporter[0m[2m:[0m reported: Signals { gpu_utilization: Some(0.0), gpu_memory_used_bytes: Some(3014656), active_service_count: Some(0), kv_cache_hit_rate: None, tokens_per_joule: None }
[2m2026-07-23T18:33:01.748043Z[0m [33m WARN[0m [2mreporter[0m[2m:[0m scrape 'http://vllm-b-np.default.svc.cluster.local:8000/metrics': request failed: error sending request for url (http://vllm-b-np.default.svc.cluster.local:8000/metrics)
[2m2026-07-23T18:33:01.754435Z[0m [32m INFO[0m [2mreporter[0m[2m:[0m reported: Signals { gpu_utilization: Some(0.0), gpu_memory_used_bytes: Some(15680602112), active_service_count: Some(0), kv_cache_hit_rate: None, tokens_per_joule: None }
[2m2026-07-23T18:33:16.761477Z[0m [33m WARN[0m [2mreporter[0m[2m:[0m scrape 'http://vllm-b-np.default.svc.cluster.local:8000/metrics': request failed: error sending request for url (http://vllm-b-np.default.svc.cluster.local:8000/metrics)
[2m2026-07-23T18:33:16.767762Z[0m [32m INFO[0m [2mreporter[0m[2m:[0m reported: Signals { gpu_utilization: Some(0.0), gpu_memory_used_bytes: Some(16829841408), active_service_count: Some(0), kv_cache_hit_rate: None, tokens_per_joule: None }
[2m2026-07-23T18:33:31.774409Z[0m [33m WARN[0m [2mreporter[0m[2m:[0m scrape 'http://vllm-b-np.default.svc.cluster.local:8000/metrics': request failed: error sending request for url (http://vllm-b-np.default.svc.cluster.local:8000/metrics)
[2m2026-07-23T18:33:31.780198Z[0m [32m INFO[0m [2mreporter[0m[2m:[0m reported: Signals { gpu_utilization: Some(0.0), gpu_memory_used_bytes: Some(21110128640), active_service_count: Some(0), kv_cache_hit_rate: None, tokens_per_joule: None }
[2m2026-07-23T18:33:46.827925Z[0m [32m INFO[0m [2mreporter[0m[2m:[0m reported: Signals { gpu_utilization: Some(0.0), gpu_memory_used_bytes: Some(21110128640), active_service_count: Some(1), kv_cache_hit_rate: None, tokens_per_joule: Some(0.0) }
[2m2026-07-23T18:34:01.846413Z[0m [32m INFO[0m [2mreporter[0m[2m:[0m reported: Signals { gpu_utilization: Some(0.0), gpu_memory_used_bytes: Some(21110128640), active_service_count: Some(1), kv_cache_hit_rate: None, tokens_per_joule: Some(0.0) }
[2m2026-07-23T18:34:16.866294Z[0m [32m INFO[0m [2mreporter[0m[2m:[0m reported: Signals { gpu_utilization: Some(0.0), gpu_memory_used_bytes: Some(21110128640), active_service_count: Some(1), kv_cache_hit_rate: None, tokens_per_joule: Some(0.0) }
[2m2026-07-23T18:34:31.884757Z[0m [32m INFO[0m [2mreporter[0m[2m:[0m reported: Signals { gpu_utilization: Some(0.0), gpu_memory_used_bytes: Some(21110128640), active_service_count: Some(1), kv_cache_hit_rate: None, tokens_per_joule: Some(0.0) }
[2m2026-07-23T18:34:46.901865Z[0m [32m INFO[0m [2mreporter[0m[2m:[0m reported: Signals { gpu_utilization: Some(0.0), gpu_memory_used_bytes: Some(21110128640), active_service_count: Some(1), kv_cache_hit_rate: None, tokens_per_joule: Some(0.0) }
[2m2026-07-23T18:35:01.922043Z[0m [32m INFO[0m [2mreporter[0m[2m:[0m reported: Signals { gpu_utilization: Some(0.0), gpu_memory_used_bytes: Some(21110128640), active_service_count: Some(1), kv_cache_hit_rate: None, tokens_per_joule: Some(0.0) }
[2m2026-07-23T18:35:16.939611Z[0m [32m INFO[0m [2mreporter[0m[2m:[0m reported: Signals { gpu_utilization: Some(0.0), gpu_memory_used_bytes: Some(21110128640), active_service_count: Some(1), kv_cache_hit_rate: None, tokens_per_joule: Some(0.0) }
[2m2026-07-23T18:35:31.957594Z[0m [32m INFO[0m [2mreporter[0m[2m:[0m reported: Signals { gpu_utilization: Some(0.0), gpu_memory_used_bytes: Some(21110128640), active_service_count: Some(1), kv_cache_hit_rate: None, tokens_per_joule: Some(0.0) }
[2m2026-07-23T18:35:46.974061Z[0m [32m INFO[0m [2mreporter[0m[2m:[0m reported: Signals { gpu_utilization: Some(0.0), gpu_memory_used_bytes: Some(21110128640), active_service_count: Some(1), kv_cache_hit_rate: None, tokens_per_joule: Some(0.0) }
[2m2026-07-23T18:36:01.991350Z[0m [32m INFO[0m [2mreporter[0m[2m:[0m reported: Signals { gpu_utilization: Some(0.0), gpu_memory_used_bytes: Some(21110128640), active_service_count: Some(1), kv_cache_hit_rate: None, tokens_per_joule: Some(0.0) }
[2m2026-07-23T18:36:17.010723Z[0m [32m INFO[0m [2mreporter[0m[2m:[0m reported: Signals { gpu_utilization: Some(0.0), gpu_memory_used_bytes: Some(21110128640), active_service_count: Some(1), kv_cache_hit_rate: None, tokens_per_joule: Some(0.0) }
[2m2026-07-23T18:36:32.029393Z[0m [32m INFO[0m [2mreporter[0m[2m:[0m reported: Signals { gpu_utilization: Some(0.0), gpu_memory_used_bytes: Some(21110128640), active_service_count: Some(1), kv_cache_hit_rate: None, tokens_per_joule: Some(0.0) }
[2m2026-07-23T18:36:47.047688Z[0m [32m INFO[0m [2mreporter[0m[2m:[0m reported: Signals { gpu_utilization: Some(0.0), gpu_memory_used_bytes: Some(21110128640), active_service_count: Some(1), kv_cache_hit_rate: None, tokens_per_joule: Some(0.0) }
[2m2026-07-23T18:37:02.065356Z[0m [32m INFO[0m [2mreporter[0m[2m:[0m reported: Signals { gpu_utilization: Some(0.0), gpu_memory_used_bytes: Some(21110128640), active_service_count: Some(1), kv_cache_hit_rate: None, tokens_per_joule: Some(0.0) }
[2m2026-07-23T18:37:17.085557Z[0m [32m INFO[0m [2mreporter[0m[2m:[0m reported: Signals { gpu_utilization: Some(0.0), gpu_memory_used_bytes: Some(21110128640), active_service_count: Some(1), kv_cache_hit_rate: None, tokens_per_joule: Some(0.0) }
[2m2026-07-23T18:37:32.102875Z[0m [32m INFO[0m [2mreporter[0m[2m:[0m reported: Signals { gpu_utilization: Some(0.0), gpu_memory_used_bytes: Some(21110128640), active_service_count: Some(1), kv_cache_hit_rate: None, tokens_per_joule: Some(0.0) }
[2m2026-07-23T18:37:47.121250Z[0m [32m INFO[0m [2mreporter[0m[2m:[0m reported: Signals { gpu_utilization: Some(0.0), gpu_memory_used_bytes: Some(21110128640), active_service_count: Some(1), kv_cache_hit_rate: None, tokens_per_joule: Some(0.0) }
[2m2026-07-23T18:38:02.139368Z[0m [32m INFO[0m [2mreporter[0m[2m:[0m reported: Signals { gpu_utilization: Some(0.0), gpu_memory_used_bytes: Some(21110128640), active_service_count: Some(1), kv_cache_hit_rate: None, tokens_per_joule: Some(0.0) }
[2m2026-07-23T18:38:17.157467Z[0m [32m INFO[0m [2mreporter[0m[2m:[0m reported: Signals { gpu_utilization: Some(0.0), gpu_memory_used_bytes: Some(21110128640), active_service_count: Some(1), kv_cache_hit_rate: None, tokens_per_joule: Some(0.0) }
[2m2026-07-23T18:38:32.175734Z[0m [32m INFO[0m [2mreporter[0m[2m:[0m reported: Signals { gpu_utilization: Some(0.0), gpu_memory_used_bytes: Some(21110128640), active_service_count: Some(1), kv_cache_hit_rate: None, tokens_per_joule: Some(0.0) }
[2m2026-07-23T18:38:47.192913Z[0m [32m INFO[0m [2mreporter[0m[2m:[0m reported: Signals { gpu_utilization: Some(0.0), gpu_memory_used_bytes: Some(21110128640), active_service_count: Some(1), kv_cache_hit_rate: None, tokens_per_joule: Some(0.0) }
[2m2026-07-23T18:39:02.217643Z[0m [32m INFO[0m [2mreporter[0m[2m:[0m reported: Signals { gpu_utilization: Some(0.0), gpu_memory_used_bytes: Some(21110128640), active_service_count: Some(1), kv_cache_hit_rate: None, tokens_per_joule: Some(0.0) }
[2m2026-07-23T18:39:17.234484Z[0m [32m INFO[0m [2mreporter[0m[2m:[0m reported: Signals { gpu_utilization: Some(0.0), gpu_memory_used_bytes: Some(21110128640), active_service_count: Some(1), kv_cache_hit_rate: None, tokens_per_joule: Some(0.0) }
[2m2026-07-23T18:39:32.253527Z[0m [32m INFO[0m [2mreporter[0m[2m:[0m reported: Signals { gpu_utilization: Some(0.0), gpu_memory_used_bytes: Some(21110128640), active_service_count: Some(1), kv_cache_hit_rate: None, tokens_per_joule: Some(0.0) }
[2m2026-07-23T18:39:47.271260Z[0m [32m INFO[0m [2mreporter[0m[2m:[0m reported: Signals { gpu_utilization: Some(0.0), gpu_memory_used_bytes: Some(21110128640), active_service_count: Some(1), kv_cache_hit_rate: None, tokens_per_joule: Some(0.0) }
[2m2026-07-23T18:40:02.290302Z[0m [32m INFO[0m [2mreporter[0m[2m:[0m reported: Signals { gpu_utilization: Some(0.0), gpu_memory_used_bytes: Some(21110128640), active_service_count: Some(1), kv_cache_hit_rate: None, tokens_per_joule: Some(0.0) }
[2m2026-07-23T18:40:17.308904Z[0m [32m INFO[0m [2mreporter[0m[2m:[0m reported: Signals { gpu_utilization: Some(0.0), gpu_memory_used_bytes: Some(21110128640), active_service_count: Some(1), kv_cache_hit_rate: None, tokens_per_joule: Some(0.0) }
[2m2026-07-23T18:40:32.325599Z[0m [32m INFO[0m [2mreporter[0m[2m:[0m reported: Signals { gpu_utilization: Some(0.0), gpu_memory_used_bytes: Some(21110128640), active_service_count: Some(1), kv_cache_hit_rate: None, tokens_per_joule: Some(0.0) }
[2m2026-07-23T18:40:47.342638Z[0m [32m INFO[0m [2mreporter[0m[2m:[0m reported: Signals { gpu_utilization: Some(0.0), gpu_memory_used_bytes: Some(21110128640), active_service_count: Some(1), kv_cache_hit_rate: None, tokens_per_joule: Some(0.0) }
[2m2026-07-23T18:41:02.362376Z[0m [32m INFO[0m [2mreporter[0m[2m:[0m reported: Signals { gpu_utilization: Some(0.0), gpu_memory_used_bytes: Some(21110128640), active_service_count: Some(1), kv_cache_hit_rate: None, tokens_per_joule: Some(0.0) }
[2m2026-07-23T18:41:17.381369Z[0m [32m INFO[0m [2mreporter[0m[2m:[0m reported: Signals { gpu_utilization: Some(0.0), gpu_memory_used_bytes: Some(21110128640), active_service_count: Some(1), kv_cache_hit_rate: None, tokens_per_joule: Some(0.0) }
[2m2026-07-23T18:41:32.388629Z[0m [33m WARN[0m [2mreporter[0m[2m:[0m scrape 'http://vllm-b-np.default.svc.cluster.local:8000/metrics': request failed: error sending request for url (http://vllm-b-np.default.svc.cluster.local:8000/metrics)
[2m2026-07-23T18:41:32.395922Z[0m [32m INFO[0m [2mreporter[0m[2m:[0m reported: Signals { gpu_utilization: Some(0.0), gpu_memory_used_bytes: Some(0), active_service_count: Some(0), kv_cache_hit_rate: None, tokens_per_joule: None }
[2m2026-07-23T18:41:47.403011Z[0m [33m WARN[0m [2mreporter[0m[2m:[0m scrape 'http://vllm-b-np.default.svc.cluster.local:8000/metrics': request failed: error sending request for url (http://vllm-b-np.default.svc.cluster.local:8000/metrics)
[2m2026-07-23T18:41:47.412002Z[0m [32m INFO[0m [2mreporter[0m[2m:[0m reported: Signals { gpu_utilization: Some(0.0), gpu_memory_used_bytes: Some(3014656), active_service_count: Some(0), kv_cache_hit_rate: None, tokens_per_joule: None }
[2m2026-07-23T18:42:02.418674Z[0m [33m WARN[0m [2mreporter[0m[2m:[0m scrape 'http://vllm-b-np.default.svc.cluster.local:8000/metrics': request failed: error sending request for url (http://vllm-b-np.default.svc.cluster.local:8000/metrics)
[2m2026-07-23T18:42:02.424152Z[0m [32m INFO[0m [2mreporter[0m[2m:[0m reported: Signals { gpu_utilization: Some(0.0), gpu_memory_used_bytes: Some(15680602112), active_service_count: Some(0), kv_cache_hit_rate: None, tokens_per_joule: None }
[2m2026-07-23T18:42:17.431200Z[0m [33m WARN[0m [2mreporter[0m[2m:[0m scrape 'http://vllm-b-np.default.svc.cluster.local:8000/metrics': request failed: error sending request for url (http://vllm-b-np.default.svc.cluster.local:8000/metrics)
[2m2026-07-23T18:42:17.436722Z[0m [32m INFO[0m [2mreporter[0m[2m:[0m reported: Signals { gpu_utilization: Some(0.0), gpu_memory_used_bytes: Some(16829841408), active_service_count: Some(0), kv_cache_hit_rate: None, tokens_per_joule: None }
[2m2026-07-23T18:42:32.443740Z[0m [33m WARN[0m [2mreporter[0m[2m:[0m scrape 'http://vllm-b-np.default.svc.cluster.local:8000/metrics': request failed: error sending request for url (http://vllm-b-np.default.svc.cluster.local:8000/metrics)
[2m2026-07-23T18:42:32.449613Z[0m [32m INFO[0m [2mreporter[0m[2m:[0m reported: Signals { gpu_utilization: Some(0.0), gpu_memory_used_bytes: Some(21110128640), active_service_count: Some(0), kv_cache_hit_rate: None, tokens_per_joule: None }
[2m2026-07-23T18:42:47.498978Z[0m [32m INFO[0m [2mreporter[0m[2m:[0m reported: Signals { gpu_utilization: Some(0.0), gpu_memory_used_bytes: Some(21110128640), active_service_count: Some(1), kv_cache_hit_rate: None, tokens_per_joule: Some(0.0) }
[2m2026-07-23T18:43:02.520829Z[0m [32m INFO[0m [2mreporter[0m[2m:[0m reported: Signals { gpu_utilization: Some(0.0), gpu_memory_used_bytes: Some(21110128640), active_service_count: Some(1), kv_cache_hit_rate: None, tokens_per_joule: Some(0.0) }
[2m2026-07-23T18:43:17.539757Z[0m [32m INFO[0m [2mreporter[0m[2m:[0m reported: Signals { gpu_utilization: Some(0.0), gpu_memory_used_bytes: Some(21110128640), active_service_count: Some(1), kv_cache_hit_rate: None, tokens_per_joule: Some(0.0) }
[2m2026-07-23T18:43:32.562484Z[0m [32m INFO[0m [2mreporter[0m[2m:[0m reported: Signals { gpu_utilization: Some(0.0), gpu_memory_used_bytes: Some(21110128640), active_service_count: Some(1), kv_cache_hit_rate: None, tokens_per_joule: Some(0.0) }
[2m2026-07-23T18:43:47.585101Z[0m [32m INFO[0m [2mreporter[0m[2m:[0m reported: Signals { gpu_utilization: Some(0.0), gpu_memory_used_bytes: Some(21110128640), active_service_count: Some(1), kv_cache_hit_rate: None, tokens_per_joule: Some(0.0) }
[2m2026-07-23T18:44:02.607345Z[0m [32m INFO[0m [2mreporter[0m[2m:[0m reported: Signals { gpu_utilization: Some(0.0), gpu_memory_used_bytes: Some(21110128640), active_service_count: Some(1), kv_cache_hit_rate: None, tokens_per_joule: Some(0.0) }
[2m2026-07-23T18:44:17.629890Z[0m [32m INFO[0m [2mreporter[0m[2m:[0m reported: Signals { gpu_utilization: Some(0.0), gpu_memory_used_bytes: Some(21110128640), active_service_count: Some(1), kv_cache_hit_rate: None, tokens_per_joule: Some(0.0) }
[2m2026-07-23T18:44:32.653714Z[0m [32m INFO[0m [2mreporter[0m[2m:[0m reported: Signals { gpu_utilization: Some(0.0), gpu_memory_used_bytes: Some(21110128640), active_service_count: Some(1), kv_cache_hit_rate: None, tokens_per_joule: Some(0.0) }
[2m2026-07-23T18:44:47.675237Z[0m [32m INFO[0m [2mreporter[0m[2m:[0m reported: Signals { gpu_utilization: Some(0.0), gpu_memory_used_bytes: Some(21110128640), active_service_count: Some(1), kv_cache_hit_rate: None, tokens_per_joule: Some(0.0) }
[2m2026-07-23T18:45:02.697976Z[0m [32m INFO[0m [2mreporter[0m[2m:[0m reported: Signals { gpu_utilization: Some(0.0), gpu_memory_used_bytes: Some(21110128640), active_service_count: Some(1), kv_cache_hit_rate: None, tokens_per_joule: Some(0.0) }
[2m2026-07-23T18:45:17.716181Z[0m [32m INFO[0m [2mreporter[0m[2m:[0m reported: Signals { gpu_utilization: Some(0.0), gpu_memory_used_bytes: Some(21110128640), active_service_count: Some(1), kv_cache_hit_rate: None, tokens_per_joule: Some(0.0) }
[2m2026-07-23T18:45:32.733914Z[0m [32m INFO[0m [2mreporter[0m[2m:[0m reported: Signals { gpu_utilization: Some(0.0), gpu_memory_used_bytes: Some(21110128640), active_service_count: Some(1), kv_cache_hit_rate: None, tokens_per_joule: Some(0.0) }
[2m2026-07-23T18:45:47.753648Z[0m [32m INFO[0m [2mreporter[0m[2m:[0m reported: Signals { gpu_utilization: Some(0.0), gpu_memory_used_bytes: Some(21110128640), active_service_count: Some(1), kv_cache_hit_rate: None, tokens_per_joule: Some(0.0) }
[2m2026-07-23T18:46:02.771421Z[0m [32m INFO[0m [2mreporter[0m[2m:[0m reported: Signals { gpu_utilization: Some(0.0), gpu_memory_used_bytes: Some(21110128640), active_service_count: Some(1), kv_cache_hit_rate: None, tokens_per_joule: Some(0.0) }
[2m2026-07-23T18:46:17.790029Z[0m [32m INFO[0m [2mreporter[0m[2m:[0m reported: Signals { gpu_utilization: Some(0.0), gpu_memory_used_bytes: Some(21110128640), active_service_count: Some(1), kv_cache_hit_rate: None, tokens_per_joule: Some(0.0) }
[2m2026-07-23T18:46:32.807349Z[0m [32m INFO[0m [2mreporter[0m[2m:[0m reported: Signals { gpu_utilization: Some(0.0), gpu_memory_used_bytes: Some(21110128640), active_service_count: Some(1), kv_cache_hit_rate: None, tokens_per_joule: Some(0.0) }
[2m2026-07-23T18:46:47.824315Z[0m [32m INFO[0m [2mreporter[0m[2m:[0m reported: Signals { gpu_utilization: Some(0.0), gpu_memory_used_bytes: Some(21110128640), active_service_count: Some(1), kv_cache_hit_rate: None, tokens_per_joule: Some(0.0) }
[2m2026-07-23T18:47:02.845385Z[0m [32m INFO[0m [2mreporter[0m[2m:[0m reported: Signals { gpu_utilization: Some(0.0), gpu_memory_used_bytes: Some(21110128640), active_service_count: Some(1), kv_cache_hit_rate: None, tokens_per_joule: Some(0.0) }
[2m2026-07-23T18:47:17.865169Z[0m [32m INFO[0m [2mreporter[0m[2m:[0m reported: Signals { gpu_utilization: Some(0.0), gpu_memory_used_bytes: Some(21110128640), active_service_count: Some(1), kv_cache_hit_rate: None, tokens_per_joule: Some(0.0) }
[2m2026-07-23T18:47:32.883645Z[0m [32m INFO[0m [2mreporter[0m[2m:[0m reported: Signals { gpu_utilization: Some(0.0), gpu_memory_used_bytes: Some(21110128640), active_service_count: Some(1), kv_cache_hit_rate: None, tokens_per_joule: Some(0.0) }
[2m2026-07-23T18:47:47.902383Z[0m [32m INFO[0m [2mreporter[0m[2m:[0m reported: Signals { gpu_utilization: Some(0.0), gpu_memory_used_bytes: Some(21110128640), active_service_count: Some(1), kv_cache_hit_rate: None, tokens_per_joule: Some(0.0) }
[2m2026-07-23T18:48:02.920533Z[0m [32m INFO[0m [2mreporter[0m[2m:[0m reported: Signals { gpu_utilization: Some(0.0), gpu_memory_used_bytes: Some(21110128640), active_service_count: Some(1), kv_cache_hit_rate: None, tokens_per_joule: Some(0.0) }
[2m2026-07-23T18:48:17.939526Z[0m [32m INFO[0m [2mreporter[0m[2m:[0m reported: Signals { gpu_utilization: Some(0.0), gpu_memory_used_bytes: Some(21110128640), active_service_count: Some(1), kv_cache_hit_rate: None, tokens_per_joule: Some(0.0) }
[2m2026-07-23T18:48:32.957431Z[0m [32m INFO[0m [2mreporter[0m[2m:[0m reported: Signals { gpu_utilization: Some(0.0), gpu_memory_used_bytes: Some(21110128640), active_service_count: Some(1), kv_cache_hit_rate: None, tokens_per_joule: Some(0.0) }
[2m2026-07-23T18:48:47.976030Z[0m [32m INFO[0m [2mreporter[0m[2m:[0m reported: Signals { gpu_utilization: Some(0.0), gpu_memory_used_bytes: Some(21110128640), active_service_count: Some(1), kv_cache_hit_rate: None, tokens_per_joule: Some(0.0) }
[2m2026-07-23T18:49:02.993788Z[0m [32m INFO[0m [2mreporter[0m[2m:[0m reported: Signals { gpu_utilization: Some(0.0), gpu_memory_used_bytes: Some(21110128640), active_service_count: Some(1), kv_cache_hit_rate: None, tokens_per_joule: Some(0.0) }
[2m2026-07-23T18:49:18.010297Z[0m [32m INFO[0m [2mreporter[0m[2m:[0m reported: Signals { gpu_utilization: Some(0.0), gpu_memory_used_bytes: Some(21110128640), active_service_count: Some(1), kv_cache_hit_rate: None, tokens_per_joule: Some(0.0) }
[2m2026-07-23T18:49:33.027958Z[0m [32m INFO[0m [2mreporter[0m[2m:[0m reported: Signals { gpu_utilization: Some(0.0), gpu_memory_used_bytes: Some(21110128640), active_service_count: Some(1), kv_cache_hit_rate: None, tokens_per_joule: Some(0.0) }
[2m2026-07-23T18:49:48.046168Z[0m [32m INFO[0m [2mreporter[0m[2m:[0m reported: Signals { gpu_utilization: Some(0.0), gpu_memory_used_bytes: Some(21110128640), active_service_count: Some(1), kv_cache_hit_rate: None, tokens_per_joule: Some(0.0) }
[2m2026-07-23T18:50:03.063055Z[0m [32m INFO[0m [2mreporter[0m[2m:[0m reported: Signals { gpu_utilization: Some(0.0), gpu_memory_used_bytes: Some(21110128640), active_service_count: Some(1), kv_cache_hit_rate: None, tokens_per_joule: Some(0.0) }
[2m2026-07-23T18:50:18.081549Z[0m [32m INFO[0m [2mreporter[0m[2m:[0m reported: Signals { gpu_utilization: Some(0.0), gpu_memory_used_bytes: Some(21110128640), active_service_count: Some(1), kv_cache_hit_rate: None, tokens_per_joule: Some(0.0) }
[2m2026-07-23T18:50:33.088415Z[0m [33m WARN[0m [2mreporter[0m[2m:[0m scrape 'http://vllm-b-np.default.svc.cluster.local:8000/metrics': request failed: error sending request for url (http://vllm-b-np.default.svc.cluster.local:8000/metrics)
[2m2026-07-23T18:50:33.095764Z[0m [32m INFO[0m [2mreporter[0m[2m:[0m reported: Signals { gpu_utilization: Some(0.0), gpu_memory_used_bytes: Some(0), active_service_count: Some(0), kv_cache_hit_rate: None, tokens_per_joule: None }
[2m2026-07-23T18:50:48.102654Z[0m [33m WARN[0m [2mreporter[0m[2m:[0m scrape 'http://vllm-b-np.default.svc.cluster.local:8000/metrics': request failed: error sending request for url (http://vllm-b-np.default.svc.cluster.local:8000/metrics)
[2m2026-07-23T18:50:48.110744Z[0m [32m INFO[0m [2mreporter[0m[2m:[0m reported: Signals { gpu_utilization: Some(0.0), gpu_memory_used_bytes: Some(3014656), active_service_count: Some(0), kv_cache_hit_rate: None, tokens_per_joule: None }
[2m2026-07-23T18:51:03.117892Z[0m [33m WARN[0m [2mreporter[0m[2m:[0m scrape 'http://vllm-b-np.default.svc.cluster.local:8000/metrics': request failed: error sending request for url (http://vllm-b-np.default.svc.cluster.local:8000/metrics)
[2m2026-07-23T18:51:03.124453Z[0m [32m INFO[0m [2mreporter[0m[2m:[0m reported: Signals { gpu_utilization: Some(30.0), gpu_memory_used_bytes: Some(15739322368), active_service_count: Some(0), kv_cache_hit_rate: None, tokens_per_joule: None }
[2m2026-07-23T18:51:18.131542Z[0m [33m WARN[0m [2mreporter[0m[2m:[0m scrape 'http://vllm-b-np.default.svc.cluster.local:8000/metrics': request failed: error sending request for url (http://vllm-b-np.default.svc.cluster.local:8000/metrics)
[2m2026-07-23T18:51:18.140636Z[0m [32m INFO[0m [2mreporter[0m[2m:[0m reported: Signals { gpu_utilization: Some(0.0), gpu_memory_used_bytes: Some(16810967040), active_service_count: Some(0), kv_cache_hit_rate: None, tokens_per_joule: None }
[2m2026-07-23T18:51:33.148291Z[0m [33m WARN[0m [2mreporter[0m[2m:[0m scrape 'http://vllm-b-np.default.svc.cluster.local:8000/metrics': request failed: error sending request for url (http://vllm-b-np.default.svc.cluster.local:8000/metrics)
[2m2026-07-23T18:51:33.156783Z[0m [32m INFO[0m [2mreporter[0m[2m:[0m reported: Signals { gpu_utilization: Some(73.0), gpu_memory_used_bytes: Some(20556480512), active_service_count: Some(0), kv_cache_hit_rate: None, tokens_per_joule: None }
[2m2026-07-23T18:51:48.208839Z[0m [32m INFO[0m [2mreporter[0m[2m:[0m reported: Signals { gpu_utilization: Some(0.0), gpu_memory_used_bytes: Some(21110128640), active_service_count: Some(1), kv_cache_hit_rate: None, tokens_per_joule: Some(0.0) }
[2m2026-07-23T18:52:03.225618Z[0m [32m INFO[0m [2mreporter[0m[2m:[0m reported: Signals { gpu_utilization: Some(0.0), gpu_memory_used_bytes: Some(21110128640), active_service_count: Some(1), kv_cache_hit_rate: None, tokens_per_joule: Some(0.0) }
[2m2026-07-23T18:52:18.242859Z[0m [32m INFO[0m [2mreporter[0m[2m:[0m reported: Signals { gpu_utilization: Some(0.0), gpu_memory_used_bytes: Some(21110128640), active_service_count: Some(1), kv_cache_hit_rate: None, tokens_per_joule: Some(0.0) }
[2m2026-07-23T18:52:33.260000Z[0m [32m INFO[0m [2mreporter[0m[2m:[0m reported: Signals { gpu_utilization: Some(0.0), gpu_memory_used_bytes: Some(21110128640), active_service_count: Some(1), kv_cache_hit_rate: None, tokens_per_joule: Some(0.0) }
[2m2026-07-23T18:52:48.278491Z[0m [32m INFO[0m [2mreporter[0m[2m:[0m reported: Signals { gpu_utilization: Some(0.0), gpu_memory_used_bytes: Some(21110128640), active_service_count: Some(1), kv_cache_hit_rate: None, tokens_per_joule: Some(0.0) }
[2m2026-07-23T18:53:03.297541Z[0m [32m INFO[0m [2mreporter[0m[2m:[0m reported: Signals { gpu_utilization: Some(0.0), gpu_memory_used_bytes: Some(21110128640), active_service_count: Some(1), kv_cache_hit_rate: None, tokens_per_joule: Some(0.0) }
[2m2026-07-23T18:53:18.314365Z[0m [32m INFO[0m [2mreporter[0m[2m:[0m reported: Signals { gpu_utilization: Some(0.0), gpu_memory_used_bytes: Some(21110128640), active_service_count: Some(1), kv_cache_hit_rate: None, tokens_per_joule: Some(0.0) }
[2m2026-07-23T18:53:33.332410Z[0m [32m INFO[0m [2mreporter[0m[2m:[0m reported: Signals { gpu_utilization: Some(0.0), gpu_memory_used_bytes: Some(21110128640), active_service_count: Some(1), kv_cache_hit_rate: None, tokens_per_joule: Some(0.0) }
[2m2026-07-23T18:53:48.350686Z[0m [32m INFO[0m [2mreporter[0m[2m:[0m reported: Signals { gpu_utilization: Some(0.0), gpu_memory_used_bytes: Some(21110128640), active_service_count: Some(1), kv_cache_hit_rate: None, tokens_per_joule: Some(0.0) }
[2m2026-07-23T18:54:03.376481Z[0m [32m INFO[0m [2mreporter[0m[2m:[0m reported: Signals { gpu_utilization: Some(0.0), gpu_memory_used_bytes: Some(21110128640), active_service_count: Some(1), kv_cache_hit_rate: None, tokens_per_joule: Some(0.0) }
[2m2026-07-23T18:54:18.396834Z[0m [32m INFO[0m [2mreporter[0m[2m:[0m reported: Signals { gpu_utilization: Some(0.0), gpu_memory_used_bytes: Some(21110128640), active_service_count: Some(1), kv_cache_hit_rate: None, tokens_per_joule: Some(0.0) }
[2m2026-07-23T18:54:33.413974Z[0m [32m INFO[0m [2mreporter[0m[2m:[0m reported: Signals { gpu_utilization: Some(0.0), gpu_memory_used_bytes: Some(21110128640), active_service_count: Some(1), kv_cache_hit_rate: None, tokens_per_joule: Some(0.0) }
[2m2026-07-23T18:54:48.431708Z[0m [32m INFO[0m [2mreporter[0m[2m:[0m reported: Signals { gpu_utilization: Some(0.0), gpu_memory_used_bytes: Some(21110128640), active_service_count: Some(1), kv_cache_hit_rate: None, tokens_per_joule: Some(0.0) }
[2m2026-07-23T18:55:03.448585Z[0m [32m INFO[0m [2mreporter[0m[2m:[0m reported: Signals { gpu_utilization: Some(0.0), gpu_memory_used_bytes: Some(21110128640), active_service_count: Some(1), kv_cache_hit_rate: None, tokens_per_joule: Some(0.0) }
[2m2026-07-23T18:55:18.469220Z[0m [32m INFO[0m [2mreporter[0m[2m:[0m reported: Signals { gpu_utilization: Some(0.0), gpu_memory_used_bytes: Some(21110128640), active_service_count: Some(1), kv_cache_hit_rate: None, tokens_per_joule: Some(0.0) }
[2m2026-07-23T18:55:33.488077Z[0m [32m INFO[0m [2mreporter[0m[2m:[0m reported: Signals { gpu_utilization: Some(0.0), gpu_memory_used_bytes: Some(21110128640), active_service_count: Some(1), kv_cache_hit_rate: None, tokens_per_joule: Some(0.0) }
[2m2026-07-23T18:55:48.507492Z[0m [32m INFO[0m [2mreporter[0m[2m:[0m reported: Signals { gpu_utilization: Some(0.0), gpu_memory_used_bytes: Some(21110128640), active_service_count: Some(1), kv_cache_hit_rate: None, tokens_per_joule: Some(0.0) }
[2m2026-07-23T18:56:03.527025Z[0m [32m INFO[0m [2mreporter[0m[2m:[0m reported: Signals { gpu_utilization: Some(0.0), gpu_memory_used_bytes: Some(21110128640), active_service_count: Some(1), kv_cache_hit_rate: None, tokens_per_joule: Some(0.0) }
[2m2026-07-23T18:56:18.547640Z[0m [32m INFO[0m [2mreporter[0m[2m:[0m reported: Signals { gpu_utilization: Some(0.0), gpu_memory_used_bytes: Some(21110128640), active_service_count: Some(1), kv_cache_hit_rate: None, tokens_per_joule: Some(0.0) }
[2m2026-07-23T18:56:33.565530Z[0m [32m INFO[0m [2mreporter[0m[2m:[0m reported: Signals { gpu_utilization: Some(0.0), gpu_memory_used_bytes: Some(21110128640), active_service_count: Some(1), kv_cache_hit_rate: None, tokens_per_joule: Some(0.0) }
[2m2026-07-23T18:56:48.582756Z[0m [32m INFO[0m [2mreporter[0m[2m:[0m reported: Signals { gpu_utilization: Some(0.0), gpu_memory_used_bytes: Some(21110128640), active_service_count: Some(1), kv_cache_hit_rate: None, tokens_per_joule: Some(0.0) }
[2m2026-07-23T18:57:03.602686Z[0m [32m INFO[0m [2mreporter[0m[2m:[0m reported: Signals { gpu_utilization: Some(0.0), gpu_memory_used_bytes: Some(21110128640), active_service_count: Some(1), kv_cache_hit_rate: None, tokens_per_joule: Some(0.0) }
[2m2026-07-23T18:57:18.620385Z[0m [32m INFO[0m [2mreporter[0m[2m:[0m reported: Signals { gpu_utilization: Some(0.0), gpu_memory_used_bytes: Some(21110128640), active_service_count: Some(1), kv_cache_hit_rate: None, tokens_per_joule: Some(0.0) }
[2m2026-07-23T18:57:33.639344Z[0m [32m INFO[0m [2mreporter[0m[2m:[0m reported: Signals { gpu_utilization: Some(0.0), gpu_memory_used_bytes: Some(21110128640), active_service_count: Some(1), kv_cache_hit_rate: None, tokens_per_joule: Some(0.0) }
[2m2026-07-23T18:57:48.657426Z[0m [32m INFO[0m [2mreporter[0m[2m:[0m reported: Signals { gpu_utilization: Some(0.0), gpu_memory_used_bytes: Some(21110128640), active_service_count: Some(1), kv_cache_hit_rate: None, tokens_per_joule: Some(0.0) }
[2m2026-07-23T18:58:03.675090Z[0m [32m INFO[0m [2mreporter[0m[2m:[0m reported: Signals { gpu_utilization: Some(0.0), gpu_memory_used_bytes: Some(21110128640), active_service_count: Some(1), kv_cache_hit_rate: None, tokens_per_joule: Some(0.0) }
[2m2026-07-23T18:58:18.692502Z[0m [32m INFO[0m [2mreporter[0m[2m:[0m reported: Signals { gpu_utilization: Some(0.0), gpu_memory_used_bytes: Some(21110128640), active_service_count: Some(1), kv_cache_hit_rate: None, tokens_per_joule: Some(0.0) }
[2m2026-07-23T18:58:33.713291Z[0m [32m INFO[0m [2mreporter[0m[2m:[0m reported: Signals { gpu_utilization: Some(0.0), gpu_memory_used_bytes: Some(21110128640), active_service_count: Some(1), kv_cache_hit_rate: None, tokens_per_joule: Some(0.0) }
[2m2026-07-23T18:58:48.731367Z[0m [32m INFO[0m [2mreporter[0m[2m:[0m reported: Signals { gpu_utilization: Some(0.0), gpu_memory_used_bytes: Some(21110128640), active_service_count: Some(1), kv_cache_hit_rate: None, tokens_per_joule: Some(0.0) }
[2m2026-07-23T18:59:03.749478Z[0m [32m INFO[0m [2mreporter[0m[2m:[0m reported: Signals { gpu_utilization: Some(0.0), gpu_memory_used_bytes: Some(21110128640), active_service_count: Some(1), kv_cache_hit_rate: None, tokens_per_joule: Some(0.0) }
[2m2026-07-23T18:59:18.767207Z[0m [32m INFO[0m [2mreporter[0m[2m:[0m reported: Signals { gpu_utilization: Some(0.0), gpu_memory_used_bytes: Some(21110128640), active_service_count: Some(1), kv_cache_hit_rate: None, tokens_per_joule: Some(0.0) }
[2m2026-07-23T18:59:33.774278Z[0m [33m WARN[0m [2mreporter[0m[2m:[0m scrape 'http://vllm-b-np.default.svc.cluster.local:8000/metrics': request failed: error sending request for url (http://vllm-b-np.default.svc.cluster.local:8000/metrics)
[2m2026-07-23T18:59:33.783151Z[0m [32m INFO[0m [2mreporter[0m[2m:[0m reported: Signals { gpu_utilization: Some(0.0), gpu_memory_used_bytes: Some(0), active_service_count: Some(0), kv_cache_hit_rate: None, tokens_per_joule: None }
[2m2026-07-23T18:59:48.789973Z[0m [33m WARN[0m [2mreporter[0m[2m:[0m scrape 'http://vllm-b-np.default.svc.cluster.local:8000/metrics': request failed: error sending request for url (http://vllm-b-np.default.svc.cluster.local:8000/metrics)
[2m2026-07-23T18:59:48.798344Z[0m [32m INFO[0m [2mreporter[0m[2m:[0m reported: Signals { gpu_utilization: Some(0.0), gpu_memory_used_bytes: Some(3014656), active_service_count: Some(0), kv_cache_hit_rate: None, tokens_per_joule: None }
[2m2026-07-23T19:00:03.806594Z[0m [33m WARN[0m [2mreporter[0m[2m:[0m scrape 'http://vllm-b-np.default.svc.cluster.local:8000/metrics': request failed: error sending request for url (http://vllm-b-np.default.svc.cluster.local:8000/metrics)
[2m2026-07-23T19:00:03.816142Z[0m [32m INFO[0m [2mreporter[0m[2m:[0m reported: Signals { gpu_utilization: Some(0.0), gpu_memory_used_bytes: Some(15739322368), active_service_count: Some(0), kv_cache_hit_rate: None, tokens_per_joule: None }
[2m2026-07-23T19:00:18.822826Z[0m [33m WARN[0m [2mreporter[0m[2m:[0m scrape 'http://vllm-b-np.default.svc.cluster.local:8000/metrics': request failed: error sending request for url (http://vllm-b-np.default.svc.cluster.local:8000/metrics)
[2m2026-07-23T19:00:18.828228Z[0m [32m INFO[0m [2mreporter[0m[2m:[0m reported: Signals { gpu_utilization: Some(0.0), gpu_memory_used_bytes: Some(16810967040), active_service_count: Some(0), kv_cache_hit_rate: None, tokens_per_joule: None }
[2m2026-07-23T19:00:33.835182Z[0m [33m WARN[0m [2mreporter[0m[2m:[0m scrape 'http://vllm-b-np.default.svc.cluster.local:8000/metrics': request failed: error sending request for url (http://vllm-b-np.default.svc.cluster.local:8000/metrics)
[2m2026-07-23T19:00:33.891663Z[0m [32m INFO[0m [2mreporter[0m[2m:[0m reported: Signals { gpu_utilization: Some(67.0), gpu_memory_used_bytes: Some(20428554240), active_service_count: Some(0), kv_cache_hit_rate: None, tokens_per_joule: None }
[2m2026-07-23T19:00:48.932713Z[0m [32m INFO[0m [2mreporter[0m[2m:[0m reported: Signals { gpu_utilization: Some(0.0), gpu_memory_used_bytes: Some(21110128640), active_service_count: Some(1), kv_cache_hit_rate: None, tokens_per_joule: Some(0.0) }
[2m2026-07-23T19:01:03.951334Z[0m [32m INFO[0m [2mreporter[0m[2m:[0m reported: Signals { gpu_utilization: Some(0.0), gpu_memory_used_bytes: Some(21110128640), active_service_count: Some(1), kv_cache_hit_rate: None, tokens_per_joule: Some(0.0) }
[2m2026-07-23T19:01:18.969264Z[0m [32m INFO[0m [2mreporter[0m[2m:[0m reported: Signals { gpu_utilization: Some(0.0), gpu_memory_used_bytes: Some(21110128640), active_service_count: Some(1), kv_cache_hit_rate: None, tokens_per_joule: Some(0.0) }
[2m2026-07-23T19:01:33.986925Z[0m [32m INFO[0m [2mreporter[0m[2m:[0m reported: Signals { gpu_utilization: Some(0.0), gpu_memory_used_bytes: Some(21110128640), active_service_count: Some(1), kv_cache_hit_rate: None, tokens_per_joule: Some(0.0) }
[2m2026-07-23T19:01:49.005668Z[0m [32m INFO[0m [2mreporter[0m[2m:[0m reported: Signals { gpu_utilization: Some(0.0), gpu_memory_used_bytes: Some(21110128640), active_service_count: Some(1), kv_cache_hit_rate: None, tokens_per_joule: Some(0.0) }
[2m2026-07-23T19:02:04.021801Z[0m [32m INFO[0m [2mreporter[0m[2m:[0m reported: Signals { gpu_utilization: Some(0.0), gpu_memory_used_bytes: Some(21110128640), active_service_count: Some(1), kv_cache_hit_rate: None, tokens_per_joule: Some(0.0) }
[2m2026-07-23T19:02:19.042108Z[0m [32m INFO[0m [2mreporter[0m[2m:[0m reported: Signals { gpu_utilization: Some(0.0), gpu_memory_used_bytes: Some(21110128640), active_service_count: Some(1), kv_cache_hit_rate: None, tokens_per_joule: Some(0.0) }
[2m2026-07-23T19:02:34.060041Z[0m [32m INFO[0m [2mreporter[0m[2m:[0m reported: Signals { gpu_utilization: Some(0.0), gpu_memory_used_bytes: Some(21110128640), active_service_count: Some(1), kv_cache_hit_rate: None, tokens_per_joule: Some(0.0) }
[2m2026-07-23T19:02:49.077216Z[0m [32m INFO[0m [2mreporter[0m[2m:[0m reported: Signals { gpu_utilization: Some(0.0), gpu_memory_used_bytes: Some(21110128640), active_service_count: Some(1), kv_cache_hit_rate: None, tokens_per_joule: Some(0.0) }
[2m2026-07-23T19:03:04.095625Z[0m [32m INFO[0m [2mreporter[0m[2m:[0m reported: Signals { gpu_utilization: Some(0.0), gpu_memory_used_bytes: Some(21110128640), active_service_count: Some(1), kv_cache_hit_rate: None, tokens_per_joule: Some(0.0) }
[2m2026-07-23T19:03:19.115430Z[0m [32m INFO[0m [2mreporter[0m[2m:[0m reported: Signals { gpu_utilization: Some(0.0), gpu_memory_used_bytes: Some(21110128640), active_service_count: Some(1), kv_cache_hit_rate: None, tokens_per_joule: Some(0.0) }
[2m2026-07-23T19:03:34.133024Z[0m [32m INFO[0m [2mreporter[0m[2m:[0m reported: Signals { gpu_utilization: Some(0.0), gpu_memory_used_bytes: Some(21110128640), active_service_count: Some(1), kv_cache_hit_rate: None, tokens_per_joule: Some(0.0) }
[2m2026-07-23T19:03:49.151769Z[0m [32m INFO[0m [2mreporter[0m[2m:[0m reported: Signals { gpu_utilization: Some(0.0), gpu_memory_used_bytes: Some(21110128640), active_service_count: Some(1), kv_cache_hit_rate: None, tokens_per_joule: Some(0.0) }
[2m2026-07-23T19:04:04.170682Z[0m [32m INFO[0m [2mreporter[0m[2m:[0m reported: Signals { gpu_utilization: Some(0.0), gpu_memory_used_bytes: Some(21110128640), active_service_count: Some(1), kv_cache_hit_rate: None, tokens_per_joule: Some(0.0) }
[2m2026-07-23T19:04:19.188352Z[0m [32m INFO[0m [2mreporter[0m[2m:[0m reported: Signals { gpu_utilization: Some(0.0), gpu_memory_used_bytes: Some(21110128640), active_service_count: Some(1), kv_cache_hit_rate: None, tokens_per_joule: Some(0.0) }
[2m2026-07-23T19:04:34.212646Z[0m [32m INFO[0m [2mreporter[0m[2m:[0m reported: Signals { gpu_utilization: Some(0.0), gpu_memory_used_bytes: Some(21110128640), active_service_count: Some(1), kv_cache_hit_rate: None, tokens_per_joule: Some(0.0) }
[2m2026-07-23T19:04:49.236374Z[0m [32m INFO[0m [2mreporter[0m[2m:[0m reported: Signals { gpu_utilization: Some(0.0), gpu_memory_used_bytes: Some(21110128640), active_service_count: Some(1), kv_cache_hit_rate: None, tokens_per_joule: Some(0.0) }
[2m2026-07-23T19:05:04.254111Z[0m [32m INFO[0m [2mreporter[0m[2m:[0m reported: Signals { gpu_utilization: Some(0.0), gpu_memory_used_bytes: Some(21110128640), active_service_count: Some(1), kv_cache_hit_rate: None, tokens_per_joule: Some(0.0) }
[2m2026-07-23T19:05:19.271873Z[0m [32m INFO[0m [2mreporter[0m[2m:[0m reported: Signals { gpu_utilization: Some(0.0), gpu_memory_used_bytes: Some(21110128640), active_service_count: Some(1), kv_cache_hit_rate: None, tokens_per_joule: Some(0.0) }
[2m2026-07-23T19:05:34.288337Z[0m [32m INFO[0m [2mreporter[0m[2m:[0m reported: Signals { gpu_utilization: Some(0.0), gpu_memory_used_bytes: Some(21110128640), active_service_count: Some(1), kv_cache_hit_rate: None, tokens_per_joule: Some(0.0) }
[2m2026-07-23T19:05:49.306898Z[0m [32m INFO[0m [2mreporter[0m[2m:[0m reported: Signals { gpu_utilization: Some(0.0), gpu_memory_used_bytes: Some(21110128640), active_service_count: Some(1), kv_cache_hit_rate: None, tokens_per_joule: Some(0.0) }
[2m2026-07-23T19:06:04.325352Z[0m [32m INFO[0m [2mreporter[0m[2m:[0m reported: Signals { gpu_utilization: Some(0.0), gpu_memory_used_bytes: Some(21110128640), active_service_count: Some(1), kv_cache_hit_rate: None, tokens_per_joule: Some(0.0) }
[2m2026-07-23T19:06:19.343169Z[0m [32m INFO[0m [2mreporter[0m[2m:[0m reported: Signals { gpu_utilization: Some(0.0), gpu_memory_used_bytes: Some(21110128640), active_service_count: Some(1), kv_cache_hit_rate: None, tokens_per_joule: Some(0.0) }
[2m2026-07-23T19:06:34.362501Z[0m [32m INFO[0m [2mreporter[0m[2m:[0m reported: Signals { gpu_utilization: Some(0.0), gpu_memory_used_bytes: Some(21110128640), active_service_count: Some(1), kv_cache_hit_rate: None, tokens_per_joule: Some(0.0) }
[2m2026-07-23T19:06:49.381247Z[0m [32m INFO[0m [2mreporter[0m[2m:[0m reported: Signals { gpu_utilization: Some(0.0), gpu_memory_used_bytes: Some(21110128640), active_service_count: Some(1), kv_cache_hit_rate: None, tokens_per_joule: Some(0.0) }
[2m2026-07-23T19:07:04.399765Z[0m [32m INFO[0m [2mreporter[0m[2m:[0m reported: Signals { gpu_utilization: Some(0.0), gpu_memory_used_bytes: Some(21110128640), active_service_count: Some(1), kv_cache_hit_rate: None, tokens_per_joule: Some(0.0) }
[2m2026-07-23T19:07:19.417908Z[0m [32m INFO[0m [2mreporter[0m[2m:[0m reported: Signals { gpu_utilization: Some(0.0), gpu_memory_used_bytes: Some(21110128640), active_service_count: Some(1), kv_cache_hit_rate: None, tokens_per_joule: Some(0.0) }
[2m2026-07-23T19:07:34.434427Z[0m [32m INFO[0m [2mreporter[0m[2m:[0m reported: Signals { gpu_utilization: Some(0.0), gpu_memory_used_bytes: Some(21110128640), active_service_count: Some(1), kv_cache_hit_rate: None, tokens_per_joule: Some(0.0) }
[2m2026-07-23T19:07:49.451860Z[0m [32m INFO[0m [2mreporter[0m[2m:[0m reported: Signals { gpu_utilization: Some(0.0), gpu_memory_used_bytes: Some(21110128640), active_service_count: Some(1), kv_cache_hit_rate: None, tokens_per_joule: Some(0.0) }
[2m2026-07-23T19:08:04.468749Z[0m [32m INFO[0m [2mreporter[0m[2m:[0m reported: Signals { gpu_utilization: Some(0.0), gpu_memory_used_bytes: Some(21110128640), active_service_count: Some(1), kv_cache_hit_rate: None, tokens_per_joule: Some(0.0) }
[2m2026-07-23T19:08:19.486136Z[0m [32m INFO[0m [2mreporter[0m[2m:[0m reported: Signals { gpu_utilization: Some(0.0), gpu_memory_used_bytes: Some(21110128640), active_service_count: Some(1), kv_cache_hit_rate: None, tokens_per_joule: Some(0.0) }
[2m2026-07-23T19:08:34.493154Z[0m [33m WARN[0m [2mreporter[0m[2m:[0m scrape 'http://vllm-b-np.default.svc.cluster.local:8000/metrics': request failed: error sending request for url (http://vllm-b-np.default.svc.cluster.local:8000/metrics)
[2m2026-07-23T19:08:34.500658Z[0m [32m INFO[0m [2mreporter[0m[2m:[0m reported: Signals { gpu_utilization: Some(0.0), gpu_memory_used_bytes: Some(0), active_service_count: Some(0), kv_cache_hit_rate: None, tokens_per_joule: None }
[2m2026-07-23T19:08:49.507867Z[0m [33m WARN[0m [2mreporter[0m[2m:[0m scrape 'http://vllm-b-np.default.svc.cluster.local:8000/metrics': request failed: error sending request for url (http://vllm-b-np.default.svc.cluster.local:8000/metrics)
[2m2026-07-23T19:08:49.516139Z[0m [32m INFO[0m [2mreporter[0m[2m:[0m reported: Signals { gpu_utilization: Some(0.0), gpu_memory_used_bytes: Some(3014656), active_service_count: Some(0), kv_cache_hit_rate: None, tokens_per_joule: None }
[2m2026-07-23T19:09:04.529866Z[0m [33m WARN[0m [2mreporter[0m[2m:[0m scrape 'http://vllm-b-np.default.svc.cluster.local:8000/metrics': request failed: error sending request for url (http://vllm-b-np.default.svc.cluster.local:8000/metrics)
[2m2026-07-23T19:09:04.539296Z[0m [32m INFO[0m [2mreporter[0m[2m:[0m reported: Signals { gpu_utilization: Some(0.0), gpu_memory_used_bytes: Some(310575104), active_service_count: Some(0), kv_cache_hit_rate: None, tokens_per_joule: None }
[2m2026-07-23T19:09:19.546589Z[0m [33m WARN[0m [2mreporter[0m[2m:[0m scrape 'http://vllm-b-np.default.svc.cluster.local:8000/metrics': request failed: error sending request for url (http://vllm-b-np.default.svc.cluster.local:8000/metrics)
[2m2026-07-23T19:09:19.553644Z[0m [32m INFO[0m [2mreporter[0m[2m:[0m reported: Signals { gpu_utilization: Some(6.0), gpu_memory_used_bytes: Some(16810967040), active_service_count: Some(0), kv_cache_hit_rate: None, tokens_per_joule: None }
[2m2026-07-23T19:09:34.559840Z[0m [33m WARN[0m [2mreporter[0m[2m:[0m scrape 'http://vllm-b-np.default.svc.cluster.local:8000/metrics': request failed: error sending request for url (http://vllm-b-np.default.svc.cluster.local:8000/metrics)
[2m2026-07-23T19:09:34.568701Z[0m [32m INFO[0m [2mreporter[0m[2m:[0m reported: Signals { gpu_utilization: Some(0.0), gpu_memory_used_bytes: Some(16829841408), active_service_count: Some(0), kv_cache_hit_rate: None, tokens_per_joule: None }
[2m2026-07-23T19:09:49.617816Z[0m [32m INFO[0m [2mreporter[0m[2m:[0m reported: Signals { gpu_utilization: Some(0.0), gpu_memory_used_bytes: Some(21110128640), active_service_count: Some(1), kv_cache_hit_rate: None, tokens_per_joule: Some(0.0) }
[2m2026-07-23T19:10:04.637161Z[0m [32m INFO[0m [2mreporter[0m[2m:[0m reported: Signals { gpu_utilization: Some(0.0), gpu_memory_used_bytes: Some(21110128640), active_service_count: Some(1), kv_cache_hit_rate: None, tokens_per_joule: Some(0.0) }
[2m2026-07-23T19:10:19.654631Z[0m [32m INFO[0m [2mreporter[0m[2m:[0m reported: Signals { gpu_utilization: Some(0.0), gpu_memory_used_bytes: Some(21110128640), active_service_count: Some(1), kv_cache_hit_rate: None, tokens_per_joule: Some(0.0) }
[2m2026-07-23T19:10:34.673010Z[0m [32m INFO[0m [2mreporter[0m[2m:[0m reported: Signals { gpu_utilization: Some(0.0), gpu_memory_used_bytes: Some(21110128640), active_service_count: Some(1), kv_cache_hit_rate: None, tokens_per_joule: Some(0.0) }
[2m2026-07-23T19:10:49.693695Z[0m [32m INFO[0m [2mreporter[0m[2m:[0m reported: Signals { gpu_utilization: Some(0.0), gpu_memory_used_bytes: Some(21110128640), active_service_count: Some(1), kv_cache_hit_rate: None, tokens_per_joule: Some(0.0) }
[2m2026-07-23T19:11:04.710539Z[0m [32m INFO[0m [2mreporter[0m[2m:[0m reported: Signals { gpu_utilization: Some(0.0), gpu_memory_used_bytes: Some(21110128640), active_service_count: Some(1), kv_cache_hit_rate: None, tokens_per_joule: Some(0.0) }
[2m2026-07-23T19:11:19.728773Z[0m [32m INFO[0m [2mreporter[0m[2m:[0m reported: Signals { gpu_utilization: Some(0.0), gpu_memory_used_bytes: Some(21110128640), active_service_count: Some(1), kv_cache_hit_rate: None, tokens_per_joule: Some(0.0) }
[2m2026-07-23T19:11:34.747681Z[0m [32m INFO[0m [2mreporter[0m[2m:[0m reported: Signals { gpu_utilization: Some(0.0), gpu_memory_used_bytes: Some(21110128640), active_service_count: Some(1), kv_cache_hit_rate: None, tokens_per_joule: Some(0.0) }
[2m2026-07-23T19:11:49.767149Z[0m [32m INFO[0m [2mreporter[0m[2m:[0m reported: Signals { gpu_utilization: Some(0.0), gpu_memory_used_bytes: Some(21110128640), active_service_count: Some(1), kv_cache_hit_rate: None, tokens_per_joule: Some(0.0) }
[2m2026-07-23T19:12:04.785756Z[0m [32m INFO[0m [2mreporter[0m[2m:[0m reported: Signals { gpu_utilization: Some(0.0), gpu_memory_used_bytes: Some(21110128640), active_service_count: Some(1), kv_cache_hit_rate: None, tokens_per_joule: Some(0.0) }
[2m2026-07-23T19:12:19.804254Z[0m [32m INFO[0m [2mreporter[0m[2m:[0m reported: Signals { gpu_utilization: Some(0.0), gpu_memory_used_bytes: Some(21110128640), active_service_count: Some(1), kv_cache_hit_rate: None, tokens_per_joule: Some(0.0) }
[2m2026-07-23T19:12:34.821306Z[0m [32m INFO[0m [2mreporter[0m[2m:[0m reported: Signals { gpu_utilization: Some(0.0), gpu_memory_used_bytes: Some(21110128640), active_service_count: Some(1), kv_cache_hit_rate: None, tokens_per_joule: Some(0.0) }
[2m2026-07-23T19:12:49.839243Z[0m [32m INFO[0m [2mreporter[0m[2m:[0m reported: Signals { gpu_utilization: Some(0.0), gpu_memory_used_bytes: Some(21110128640), active_service_count: Some(1), kv_cache_hit_rate: None, tokens_per_joule: Some(0.0) }
[2m2026-07-23T19:13:04.861614Z[0m [32m INFO[0m [2mreporter[0m[2m:[0m reported: Signals { gpu_utilization: Some(0.0), gpu_memory_used_bytes: Some(21110128640), active_service_count: Some(1), kv_cache_hit_rate: None, tokens_per_joule: Some(0.0) }
[2m2026-07-23T19:13:19.880024Z[0m [32m INFO[0m [2mreporter[0m[2m:[0m reported: Signals { gpu_utilization: Some(0.0), gpu_memory_used_bytes: Some(21110128640), active_service_count: Some(1), kv_cache_hit_rate: None, tokens_per_joule: Some(0.0) }
[2m2026-07-23T19:13:34.898541Z[0m [32m INFO[0m [2mreporter[0m[2m:[0m reported: Signals { gpu_utilization: Some(0.0), gpu_memory_used_bytes: Some(21110128640), active_service_count: Some(1), kv_cache_hit_rate: None, tokens_per_joule: Some(0.0) }
[2m2026-07-23T19:13:49.915582Z[0m [32m INFO[0m [2mreporter[0m[2m:[0m reported: Signals { gpu_utilization: Some(0.0), gpu_memory_used_bytes: Some(21110128640), active_service_count: Some(1), kv_cache_hit_rate: None, tokens_per_joule: Some(0.0) }
[2m2026-07-23T19:14:04.934752Z[0m [32m INFO[0m [2mreporter[0m[2m:[0m reported: Signals { gpu_utilization: Some(0.0), gpu_memory_used_bytes: Some(21110128640), active_service_count: Some(1), kv_cache_hit_rate: None, tokens_per_joule: Some(0.0) }
[2m2026-07-23T19:14:19.958255Z[0m [32m INFO[0m [2mreporter[0m[2m:[0m reported: Signals { gpu_utilization: Some(0.0), gpu_memory_used_bytes: Some(21110128640), active_service_count: Some(1), kv_cache_hit_rate: None, tokens_per_joule: Some(0.0) }
[2m2026-07-23T19:14:34.980387Z[0m [32m INFO[0m [2mreporter[0m[2m:[0m reported: Signals { gpu_utilization: Some(0.0), gpu_memory_used_bytes: Some(21110128640), active_service_count: Some(1), kv_cache_hit_rate: None, tokens_per_joule: Some(0.0) }
[2m2026-07-23T19:14:49.998768Z[0m [32m INFO[0m [2mreporter[0m[2m:[0m reported: Signals { gpu_utilization: Some(0.0), gpu_memory_used_bytes: Some(21110128640), active_service_count: Some(1), kv_cache_hit_rate: None, tokens_per_joule: Some(0.0) }
