[2m2026-07-23T17:41:25.679353Z[0m [32m INFO[0m [2mreporter[0m[2m:[0m reporter started: node='157-151-148-27' namespace='default' source='real'
[2m2026-07-23T17:41:25.778119Z[0m [32m INFO[0m [2mreporter[0m[2m:[0m reported: Signals { gpu_utilization: Some(0.0), gpu_memory_used_bytes: Some(21110128640), active_service_count: Some(1), kv_cache_hit_rate: None, tokens_per_joule: None }
[2m2026-07-23T17:41:40.796168Z[0m [32m INFO[0m [2mreporter[0m[2m:[0m reported: Signals { gpu_utilization: Some(0.0), gpu_memory_used_bytes: Some(21110128640), active_service_count: Some(1), kv_cache_hit_rate: None, tokens_per_joule: Some(0.0) }
[2m2026-07-23T17:41:55.815355Z[0m [32m INFO[0m [2mreporter[0m[2m:[0m reported: Signals { gpu_utilization: Some(0.0), gpu_memory_used_bytes: Some(21110128640), active_service_count: Some(1), kv_cache_hit_rate: None, tokens_per_joule: Some(0.0) }
[2m2026-07-23T17:42:10.834102Z[0m [32m INFO[0m [2mreporter[0m[2m:[0m reported: Signals { gpu_utilization: Some(0.0), gpu_memory_used_bytes: Some(21110128640), active_service_count: Some(1), kv_cache_hit_rate: None, tokens_per_joule: Some(0.0) }
[2m2026-07-23T17:42:25.852457Z[0m [32m INFO[0m [2mreporter[0m[2m:[0m reported: Signals { gpu_utilization: Some(0.0), gpu_memory_used_bytes: Some(21110128640), active_service_count: Some(1), kv_cache_hit_rate: None, tokens_per_joule: Some(0.0) }
[2m2026-07-23T17:42:40.872144Z[0m [32m INFO[0m [2mreporter[0m[2m:[0m reported: Signals { gpu_utilization: Some(0.0), gpu_memory_used_bytes: Some(21110128640), active_service_count: Some(1), kv_cache_hit_rate: None, tokens_per_joule: Some(0.0) }
[2m2026-07-23T17:42:55.890393Z[0m [32m INFO[0m [2mreporter[0m[2m:[0m reported: Signals { gpu_utilization: Some(0.0), gpu_memory_used_bytes: Some(21110128640), active_service_count: Some(1), kv_cache_hit_rate: None, tokens_per_joule: Some(0.0) }
[2m2026-07-23T17:43:10.909554Z[0m [32m INFO[0m [2mreporter[0m[2m:[0m reported: Signals { gpu_utilization: Some(0.0), gpu_memory_used_bytes: Some(21110128640), active_service_count: Some(1), kv_cache_hit_rate: None, tokens_per_joule: Some(0.0) }
[2m2026-07-23T17:43:25.927937Z[0m [32m INFO[0m [2mreporter[0m[2m:[0m reported: Signals { gpu_utilization: Some(0.0), gpu_memory_used_bytes: Some(21110128640), active_service_count: Some(1), kv_cache_hit_rate: None, tokens_per_joule: Some(0.0) }
[2m2026-07-23T17:43:40.945477Z[0m [32m INFO[0m [2mreporter[0m[2m:[0m reported: Signals { gpu_utilization: Some(0.0), gpu_memory_used_bytes: Some(21110128640), active_service_count: Some(1), kv_cache_hit_rate: None, tokens_per_joule: Some(0.0) }
[2m2026-07-23T17:43:55.965305Z[0m [32m INFO[0m [2mreporter[0m[2m:[0m reported: Signals { gpu_utilization: Some(0.0), gpu_memory_used_bytes: Some(21110128640), active_service_count: Some(1), kv_cache_hit_rate: None, tokens_per_joule: Some(0.0) }
[2m2026-07-23T17:44:10.984167Z[0m [32m INFO[0m [2mreporter[0m[2m:[0m reported: Signals { gpu_utilization: Some(0.0), gpu_memory_used_bytes: Some(21110128640), active_service_count: Some(1), kv_cache_hit_rate: None, tokens_per_joule: Some(0.0) }
[2m2026-07-23T17:44:26.000929Z[0m [32m INFO[0m [2mreporter[0m[2m:[0m reported: Signals { gpu_utilization: Some(0.0), gpu_memory_used_bytes: Some(21110128640), active_service_count: Some(1), kv_cache_hit_rate: None, tokens_per_joule: Some(0.0) }
[2m2026-07-23T17:44:41.020215Z[0m [32m INFO[0m [2mreporter[0m[2m:[0m reported: Signals { gpu_utilization: Some(0.0), gpu_memory_used_bytes: Some(21110128640), active_service_count: Some(1), kv_cache_hit_rate: None, tokens_per_joule: Some(0.0) }
[2m2026-07-23T17:44:56.038361Z[0m [32m INFO[0m [2mreporter[0m[2m:[0m reported: Signals { gpu_utilization: Some(0.0), gpu_memory_used_bytes: Some(21110128640), active_service_count: Some(1), kv_cache_hit_rate: None, tokens_per_joule: Some(0.0) }
[2m2026-07-23T17:45:11.057024Z[0m [32m INFO[0m [2mreporter[0m[2m:[0m reported: Signals { gpu_utilization: Some(0.0), gpu_memory_used_bytes: Some(21110128640), active_service_count: Some(1), kv_cache_hit_rate: None, tokens_per_joule: Some(0.0) }
[2m2026-07-23T17:45:26.075215Z[0m [32m INFO[0m [2mreporter[0m[2m:[0m reported: Signals { gpu_utilization: Some(0.0), gpu_memory_used_bytes: Some(21110128640), active_service_count: Some(1), kv_cache_hit_rate: None, tokens_per_joule: Some(0.0) }
[2m2026-07-23T17:45:41.092843Z[0m [32m INFO[0m [2mreporter[0m[2m:[0m reported: Signals { gpu_utilization: Some(0.0), gpu_memory_used_bytes: Some(21110128640), active_service_count: Some(1), kv_cache_hit_rate: None, tokens_per_joule: Some(0.0) }
[2m2026-07-23T17:45:56.110604Z[0m [32m INFO[0m [2mreporter[0m[2m:[0m reported: Signals { gpu_utilization: Some(0.0), gpu_memory_used_bytes: Some(21110128640), active_service_count: Some(1), kv_cache_hit_rate: None, tokens_per_joule: Some(0.0) }
[2m2026-07-23T17:46:11.130182Z[0m [32m INFO[0m [2mreporter[0m[2m:[0m reported: Signals { gpu_utilization: Some(0.0), gpu_memory_used_bytes: Some(21110128640), active_service_count: Some(1), kv_cache_hit_rate: None, tokens_per_joule: Some(0.0) }
[2m2026-07-23T17:46:26.149871Z[0m [32m INFO[0m [2mreporter[0m[2m:[0m reported: Signals { gpu_utilization: Some(0.0), gpu_memory_used_bytes: Some(21110128640), active_service_count: Some(1), kv_cache_hit_rate: None, tokens_per_joule: Some(0.0) }
[2m2026-07-23T17:46:41.167316Z[0m [32m INFO[0m [2mreporter[0m[2m:[0m reported: Signals { gpu_utilization: Some(0.0), gpu_memory_used_bytes: Some(21110128640), active_service_count: Some(1), kv_cache_hit_rate: None, tokens_per_joule: Some(0.0) }
[2m2026-07-23T17:46:56.185736Z[0m [32m INFO[0m [2mreporter[0m[2m:[0m reported: Signals { gpu_utilization: Some(0.0), gpu_memory_used_bytes: Some(21110128640), active_service_count: Some(1), kv_cache_hit_rate: None, tokens_per_joule: Some(0.0) }
[2m2026-07-23T17:47:11.203837Z[0m [32m INFO[0m [2mreporter[0m[2m:[0m reported: Signals { gpu_utilization: Some(0.0), gpu_memory_used_bytes: Some(21110128640), active_service_count: Some(1), kv_cache_hit_rate: None, tokens_per_joule: Some(0.0) }
[2m2026-07-23T17:47:26.222490Z[0m [32m INFO[0m [2mreporter[0m[2m:[0m reported: Signals { gpu_utilization: Some(0.0), gpu_memory_used_bytes: Some(21110128640), active_service_count: Some(1), kv_cache_hit_rate: None, tokens_per_joule: Some(0.0) }
[2m2026-07-23T17:47:41.241281Z[0m [32m INFO[0m [2mreporter[0m[2m:[0m reported: Signals { gpu_utilization: Some(0.0), gpu_memory_used_bytes: Some(21110128640), active_service_count: Some(1), kv_cache_hit_rate: None, tokens_per_joule: Some(0.0) }
[2m2026-07-23T17:47:56.261667Z[0m [32m INFO[0m [2mreporter[0m[2m:[0m reported: Signals { gpu_utilization: Some(0.0), gpu_memory_used_bytes: Some(21110128640), active_service_count: Some(1), kv_cache_hit_rate: None, tokens_per_joule: Some(0.0) }
[2m2026-07-23T17:48:11.280342Z[0m [32m INFO[0m [2mreporter[0m[2m:[0m reported: Signals { gpu_utilization: Some(0.0), gpu_memory_used_bytes: Some(21110128640), active_service_count: Some(1), kv_cache_hit_rate: None, tokens_per_joule: Some(0.0) }
[2m2026-07-23T17:48:26.299491Z[0m [32m INFO[0m [2mreporter[0m[2m:[0m reported: Signals { gpu_utilization: Some(0.0), gpu_memory_used_bytes: Some(21110128640), active_service_count: Some(1), kv_cache_hit_rate: None, tokens_per_joule: Some(0.0) }
[2m2026-07-23T17:48:41.318350Z[0m [32m INFO[0m [2mreporter[0m[2m:[0m reported: Signals { gpu_utilization: Some(0.0), gpu_memory_used_bytes: Some(21110128640), active_service_count: Some(1), kv_cache_hit_rate: None, tokens_per_joule: Some(0.0) }
[2m2026-07-23T17:48:56.336623Z[0m [32m INFO[0m [2mreporter[0m[2m:[0m reported: Signals { gpu_utilization: Some(0.0), gpu_memory_used_bytes: Some(21110128640), active_service_count: Some(1), kv_cache_hit_rate: None, tokens_per_joule: Some(0.0) }
[2m2026-07-23T17:49:11.355124Z[0m [32m INFO[0m [2mreporter[0m[2m:[0m reported: Signals { gpu_utilization: Some(0.0), gpu_memory_used_bytes: Some(21110128640), active_service_count: Some(1), kv_cache_hit_rate: None, tokens_per_joule: Some(0.0) }
[2m2026-07-23T17:49:26.373874Z[0m [32m INFO[0m [2mreporter[0m[2m:[0m reported: Signals { gpu_utilization: Some(0.0), gpu_memory_used_bytes: Some(21110128640), active_service_count: Some(1), kv_cache_hit_rate: None, tokens_per_joule: Some(0.0) }
[2m2026-07-23T17:49:41.394181Z[0m [32m INFO[0m [2mreporter[0m[2m:[0m reported: Signals { gpu_utilization: Some(0.0), gpu_memory_used_bytes: Some(21110128640), active_service_count: Some(1), kv_cache_hit_rate: None, tokens_per_joule: Some(0.0) }
[2m2026-07-23T17:49:56.412009Z[0m [32m INFO[0m [2mreporter[0m[2m:[0m reported: Signals { gpu_utilization: Some(0.0), gpu_memory_used_bytes: Some(21110128640), active_service_count: Some(1), kv_cache_hit_rate: None, tokens_per_joule: Some(0.0) }
[2m2026-07-23T17:50:11.431303Z[0m [32m INFO[0m [2mreporter[0m[2m:[0m reported: Signals { gpu_utilization: Some(0.0), gpu_memory_used_bytes: Some(21110128640), active_service_count: Some(1), kv_cache_hit_rate: None, tokens_per_joule: Some(0.0) }
[2m2026-07-23T17:50:26.452056Z[0m [32m INFO[0m [2mreporter[0m[2m:[0m reported: Signals { gpu_utilization: Some(0.0), gpu_memory_used_bytes: Some(21110128640), active_service_count: Some(1), kv_cache_hit_rate: None, tokens_per_joule: Some(0.0) }
[2m2026-07-23T17:50:41.470651Z[0m [32m INFO[0m [2mreporter[0m[2m:[0m reported: Signals { gpu_utilization: Some(0.0), gpu_memory_used_bytes: Some(21110128640), active_service_count: Some(1), kv_cache_hit_rate: None, tokens_per_joule: Some(0.0) }
[2m2026-07-23T17:50:56.490460Z[0m [32m INFO[0m [2mreporter[0m[2m:[0m reported: Signals { gpu_utilization: Some(0.0), gpu_memory_used_bytes: Some(21110128640), active_service_count: Some(1), kv_cache_hit_rate: None, tokens_per_joule: Some(0.0) }
[2m2026-07-23T17:51:11.509240Z[0m [32m INFO[0m [2mreporter[0m[2m:[0m reported: Signals { gpu_utilization: Some(0.0), gpu_memory_used_bytes: Some(21110128640), active_service_count: Some(1), kv_cache_hit_rate: None, tokens_per_joule: Some(0.0) }
[2m2026-07-23T17:51:26.527834Z[0m [32m INFO[0m [2mreporter[0m[2m:[0m reported: Signals { gpu_utilization: Some(0.0), gpu_memory_used_bytes: Some(21110128640), active_service_count: Some(1), kv_cache_hit_rate: None, tokens_per_joule: Some(0.0) }
[2m2026-07-23T17:51:41.546895Z[0m [32m INFO[0m [2mreporter[0m[2m:[0m reported: Signals { gpu_utilization: Some(0.0), gpu_memory_used_bytes: Some(21110128640), active_service_count: Some(1), kv_cache_hit_rate: None, tokens_per_joule: Some(0.0) }
[2m2026-07-23T17:51:56.565410Z[0m [32m INFO[0m [2mreporter[0m[2m:[0m reported: Signals { gpu_utilization: Some(0.0), gpu_memory_used_bytes: Some(21110128640), active_service_count: Some(1), kv_cache_hit_rate: None, tokens_per_joule: Some(0.0) }
[2m2026-07-23T17:52:11.585773Z[0m [32m INFO[0m [2mreporter[0m[2m:[0m reported: Signals { gpu_utilization: Some(0.0), gpu_memory_used_bytes: Some(21110128640), active_service_count: Some(1), kv_cache_hit_rate: None, tokens_per_joule: Some(0.0) }
[2m2026-07-23T17:52:26.604712Z[0m [32m INFO[0m [2mreporter[0m[2m:[0m reported: Signals { gpu_utilization: Some(0.0), gpu_memory_used_bytes: Some(21110128640), active_service_count: Some(1), kv_cache_hit_rate: None, tokens_per_joule: Some(0.0) }
[2m2026-07-23T17:52:41.625026Z[0m [32m INFO[0m [2mreporter[0m[2m:[0m reported: Signals { gpu_utilization: Some(0.0), gpu_memory_used_bytes: Some(21110128640), active_service_count: Some(1), kv_cache_hit_rate: None, tokens_per_joule: Some(0.0) }
[2m2026-07-23T17:52:56.643111Z[0m [32m INFO[0m [2mreporter[0m[2m:[0m reported: Signals { gpu_utilization: Some(0.0), gpu_memory_used_bytes: Some(21110128640), active_service_count: Some(1), kv_cache_hit_rate: None, tokens_per_joule: Some(0.0) }
[2m2026-07-23T17:53:11.662668Z[0m [32m INFO[0m [2mreporter[0m[2m:[0m reported: Signals { gpu_utilization: Some(0.0), gpu_memory_used_bytes: Some(21110128640), active_service_count: Some(1), kv_cache_hit_rate: None, tokens_per_joule: Some(0.0) }
[2m2026-07-23T17:53:26.681824Z[0m [32m INFO[0m [2mreporter[0m[2m:[0m reported: Signals { gpu_utilization: Some(0.0), gpu_memory_used_bytes: Some(21110128640), active_service_count: Some(1), kv_cache_hit_rate: None, tokens_per_joule: Some(0.0) }
[2m2026-07-23T17:53:41.702891Z[0m [32m INFO[0m [2mreporter[0m[2m:[0m reported: Signals { gpu_utilization: Some(0.0), gpu_memory_used_bytes: Some(21110128640), active_service_count: Some(1), kv_cache_hit_rate: None, tokens_per_joule: Some(0.0) }
[2m2026-07-23T17:53:56.720717Z[0m [32m INFO[0m [2mreporter[0m[2m:[0m reported: Signals { gpu_utilization: Some(0.0), gpu_memory_used_bytes: Some(21110128640), active_service_count: Some(1), kv_cache_hit_rate: None, tokens_per_joule: Some(0.0) }
[2m2026-07-23T17:54:11.739869Z[0m [32m INFO[0m [2mreporter[0m[2m:[0m reported: Signals { gpu_utilization: Some(0.0), gpu_memory_used_bytes: Some(21110128640), active_service_count: Some(1), kv_cache_hit_rate: None, tokens_per_joule: Some(0.0) }
[2m2026-07-23T17:54:26.759152Z[0m [32m INFO[0m [2mreporter[0m[2m:[0m reported: Signals { gpu_utilization: Some(0.0), gpu_memory_used_bytes: Some(21110128640), active_service_count: Some(1), kv_cache_hit_rate: None, tokens_per_joule: Some(0.0) }
[2m2026-07-23T17:54:41.777982Z[0m [32m INFO[0m [2mreporter[0m[2m:[0m reported: Signals { gpu_utilization: Some(0.0), gpu_memory_used_bytes: Some(21110128640), active_service_count: Some(1), kv_cache_hit_rate: None, tokens_per_joule: Some(0.0) }
[2m2026-07-23T17:54:56.797215Z[0m [32m INFO[0m [2mreporter[0m[2m:[0m reported: Signals { gpu_utilization: Some(0.0), gpu_memory_used_bytes: Some(21110128640), active_service_count: Some(1), kv_cache_hit_rate: None, tokens_per_joule: Some(0.0) }
[2m2026-07-23T17:55:11.814303Z[0m [32m INFO[0m [2mreporter[0m[2m:[0m reported: Signals { gpu_utilization: Some(0.0), gpu_memory_used_bytes: Some(21110128640), active_service_count: Some(1), kv_cache_hit_rate: None, tokens_per_joule: Some(0.0) }
[2m2026-07-23T17:55:26.834209Z[0m [32m INFO[0m [2mreporter[0m[2m:[0m reported: Signals { gpu_utilization: Some(0.0), gpu_memory_used_bytes: Some(21110128640), active_service_count: Some(1), kv_cache_hit_rate: None, tokens_per_joule: Some(0.0) }
[2m2026-07-23T17:55:41.854347Z[0m [32m INFO[0m [2mreporter[0m[2m:[0m reported: Signals { gpu_utilization: Some(0.0), gpu_memory_used_bytes: Some(21110128640), active_service_count: Some(1), kv_cache_hit_rate: None, tokens_per_joule: Some(0.0) }
[2m2026-07-23T17:55:56.873714Z[0m [32m INFO[0m [2mreporter[0m[2m:[0m reported: Signals { gpu_utilization: Some(0.0), gpu_memory_used_bytes: Some(21110128640), active_service_count: Some(1), kv_cache_hit_rate: None, tokens_per_joule: Some(0.0) }
[2m2026-07-23T17:56:11.893167Z[0m [32m INFO[0m [2mreporter[0m[2m:[0m reported: Signals { gpu_utilization: Some(0.0), gpu_memory_used_bytes: Some(21110128640), active_service_count: Some(1), kv_cache_hit_rate: None, tokens_per_joule: Some(0.0) }
[2m2026-07-23T17:56:26.912326Z[0m [32m INFO[0m [2mreporter[0m[2m:[0m reported: Signals { gpu_utilization: Some(0.0), gpu_memory_used_bytes: Some(21110128640), active_service_count: Some(1), kv_cache_hit_rate: None, tokens_per_joule: Some(0.0) }
[2m2026-07-23T17:56:41.932429Z[0m [32m INFO[0m [2mreporter[0m[2m:[0m reported: Signals { gpu_utilization: Some(0.0), gpu_memory_used_bytes: Some(21110128640), active_service_count: Some(1), kv_cache_hit_rate: None, tokens_per_joule: Some(0.0) }
[2m2026-07-23T17:56:56.952407Z[0m [32m INFO[0m [2mreporter[0m[2m:[0m reported: Signals { gpu_utilization: Some(0.0), gpu_memory_used_bytes: Some(21110128640), active_service_count: Some(1), kv_cache_hit_rate: None, tokens_per_joule: Some(0.0) }
[2m2026-07-23T17:57:11.971843Z[0m [32m INFO[0m [2mreporter[0m[2m:[0m reported: Signals { gpu_utilization: Some(0.0), gpu_memory_used_bytes: Some(21110128640), active_service_count: Some(1), kv_cache_hit_rate: None, tokens_per_joule: Some(0.0) }
[2m2026-07-23T17:57:26.989777Z[0m [32m INFO[0m [2mreporter[0m[2m:[0m reported: Signals { gpu_utilization: Some(0.0), gpu_memory_used_bytes: Some(21110128640), active_service_count: Some(1), kv_cache_hit_rate: None, tokens_per_joule: Some(0.0) }
[2m2026-07-23T17:57:42.007903Z[0m [32m INFO[0m [2mreporter[0m[2m:[0m reported: Signals { gpu_utilization: Some(0.0), gpu_memory_used_bytes: Some(21110128640), active_service_count: Some(1), kv_cache_hit_rate: None, tokens_per_joule: Some(0.0) }
[2m2026-07-23T17:57:57.025978Z[0m [32m INFO[0m [2mreporter[0m[2m:[0m reported: Signals { gpu_utilization: Some(0.0), gpu_memory_used_bytes: Some(21110128640), active_service_count: Some(1), kv_cache_hit_rate: None, tokens_per_joule: Some(0.0) }
[2m2026-07-23T17:58:12.044912Z[0m [32m INFO[0m [2mreporter[0m[2m:[0m reported: Signals { gpu_utilization: Some(0.0), gpu_memory_used_bytes: Some(21110128640), active_service_count: Some(1), kv_cache_hit_rate: None, tokens_per_joule: Some(0.0) }
[2m2026-07-23T17:58:27.063403Z[0m [32m INFO[0m [2mreporter[0m[2m:[0m reported: Signals { gpu_utilization: Some(0.0), gpu_memory_used_bytes: Some(21110128640), active_service_count: Some(1), kv_cache_hit_rate: None, tokens_per_joule: Some(0.0) }
[2m2026-07-23T17:58:42.081949Z[0m [32m INFO[0m [2mreporter[0m[2m:[0m reported: Signals { gpu_utilization: Some(0.0), gpu_memory_used_bytes: Some(21110128640), active_service_count: Some(1), kv_cache_hit_rate: None, tokens_per_joule: Some(0.0) }
[2m2026-07-23T17:58:57.099843Z[0m [32m INFO[0m [2mreporter[0m[2m:[0m reported: Signals { gpu_utilization: Some(0.0), gpu_memory_used_bytes: Some(21110128640), active_service_count: Some(1), kv_cache_hit_rate: None, tokens_per_joule: Some(0.0) }
[2m2026-07-23T17:59:12.117669Z[0m [32m INFO[0m [2mreporter[0m[2m:[0m reported: Signals { gpu_utilization: Some(0.0), gpu_memory_used_bytes: Some(21110128640), active_service_count: Some(1), kv_cache_hit_rate: None, tokens_per_joule: Some(0.0) }
[2m2026-07-23T17:59:27.137392Z[0m [32m INFO[0m [2mreporter[0m[2m:[0m reported: Signals { gpu_utilization: Some(0.0), gpu_memory_used_bytes: Some(21110128640), active_service_count: Some(1), kv_cache_hit_rate: None, tokens_per_joule: Some(0.0) }
[2m2026-07-23T17:59:42.156078Z[0m [32m INFO[0m [2mreporter[0m[2m:[0m reported: Signals { gpu_utilization: Some(0.0), gpu_memory_used_bytes: Some(21110128640), active_service_count: Some(1), kv_cache_hit_rate: None, tokens_per_joule: Some(0.0) }
[2m2026-07-23T17:59:57.174554Z[0m [32m INFO[0m [2mreporter[0m[2m:[0m reported: Signals { gpu_utilization: Some(0.0), gpu_memory_used_bytes: Some(21110128640), active_service_count: Some(1), kv_cache_hit_rate: None, tokens_per_joule: Some(0.0) }
[2m2026-07-23T18:00:12.193460Z[0m [32m INFO[0m [2mreporter[0m[2m:[0m reported: Signals { gpu_utilization: Some(0.0), gpu_memory_used_bytes: Some(21110128640), active_service_count: Some(1), kv_cache_hit_rate: None, tokens_per_joule: Some(0.0) }
[2m2026-07-23T18:00:27.212735Z[0m [32m INFO[0m [2mreporter[0m[2m:[0m reported: Signals { gpu_utilization: Some(0.0), gpu_memory_used_bytes: Some(21110128640), active_service_count: Some(1), kv_cache_hit_rate: None, tokens_per_joule: Some(0.0) }
[2m2026-07-23T18:00:42.230681Z[0m [32m INFO[0m [2mreporter[0m[2m:[0m reported: Signals { gpu_utilization: Some(0.0), gpu_memory_used_bytes: Some(21110128640), active_service_count: Some(1), kv_cache_hit_rate: None, tokens_per_joule: Some(0.0) }
[2m2026-07-23T18:00:57.249618Z[0m [32m INFO[0m [2mreporter[0m[2m:[0m reported: Signals { gpu_utilization: Some(0.0), gpu_memory_used_bytes: Some(21110128640), active_service_count: Some(1), kv_cache_hit_rate: None, tokens_per_joule: Some(0.0) }
[2m2026-07-23T18:01:12.267399Z[0m [32m INFO[0m [2mreporter[0m[2m:[0m reported: Signals { gpu_utilization: Some(0.0), gpu_memory_used_bytes: Some(21110128640), active_service_count: Some(1), kv_cache_hit_rate: None, tokens_per_joule: Some(0.0) }
[2m2026-07-23T18:01:27.286813Z[0m [32m INFO[0m [2mreporter[0m[2m:[0m reported: Signals { gpu_utilization: Some(0.0), gpu_memory_used_bytes: Some(21110128640), active_service_count: Some(1), kv_cache_hit_rate: None, tokens_per_joule: Some(0.0) }
[2m2026-07-23T18:01:42.304214Z[0m [32m INFO[0m [2mreporter[0m[2m:[0m reported: Signals { gpu_utilization: Some(0.0), gpu_memory_used_bytes: Some(21110128640), active_service_count: Some(1), kv_cache_hit_rate: None, tokens_per_joule: Some(0.0) }
[2m2026-07-23T18:01:57.322921Z[0m [32m INFO[0m [2mreporter[0m[2m:[0m reported: Signals { gpu_utilization: Some(0.0), gpu_memory_used_bytes: Some(21110128640), active_service_count: Some(1), kv_cache_hit_rate: None, tokens_per_joule: Some(0.0) }
[2m2026-07-23T18:02:12.341828Z[0m [32m INFO[0m [2mreporter[0m[2m:[0m reported: Signals { gpu_utilization: Some(0.0), gpu_memory_used_bytes: Some(21110128640), active_service_count: Some(1), kv_cache_hit_rate: None, tokens_per_joule: Some(0.0) }
[2m2026-07-23T18:02:27.361251Z[0m [32m INFO[0m [2mreporter[0m[2m:[0m reported: Signals { gpu_utilization: Some(0.0), gpu_memory_used_bytes: Some(21110128640), active_service_count: Some(1), kv_cache_hit_rate: None, tokens_per_joule: Some(0.0) }
[2m2026-07-23T18:02:42.378921Z[0m [32m INFO[0m [2mreporter[0m[2m:[0m reported: Signals { gpu_utilization: Some(0.0), gpu_memory_used_bytes: Some(21110128640), active_service_count: Some(1), kv_cache_hit_rate: None, tokens_per_joule: Some(0.0) }
[2m2026-07-23T18:02:57.397701Z[0m [32m INFO[0m [2mreporter[0m[2m:[0m reported: Signals { gpu_utilization: Some(0.0), gpu_memory_used_bytes: Some(21110128640), active_service_count: Some(1), kv_cache_hit_rate: None, tokens_per_joule: Some(0.0) }
[2m2026-07-23T18:03:12.416522Z[0m [32m INFO[0m [2mreporter[0m[2m:[0m reported: Signals { gpu_utilization: Some(0.0), gpu_memory_used_bytes: Some(21110128640), active_service_count: Some(1), kv_cache_hit_rate: None, tokens_per_joule: Some(0.0) }
[2m2026-07-23T18:03:27.434321Z[0m [32m INFO[0m [2mreporter[0m[2m:[0m reported: Signals { gpu_utilization: Some(0.0), gpu_memory_used_bytes: Some(21110128640), active_service_count: Some(1), kv_cache_hit_rate: None, tokens_per_joule: Some(0.0) }
[2m2026-07-23T18:03:42.452298Z[0m [32m INFO[0m [2mreporter[0m[2m:[0m reported: Signals { gpu_utilization: Some(0.0), gpu_memory_used_bytes: Some(21110128640), active_service_count: Some(1), kv_cache_hit_rate: None, tokens_per_joule: Some(0.0) }
[2m2026-07-23T18:03:57.470951Z[0m [32m INFO[0m [2mreporter[0m[2m:[0m reported: Signals { gpu_utilization: Some(0.0), gpu_memory_used_bytes: Some(21110128640), active_service_count: Some(1), kv_cache_hit_rate: None, tokens_per_joule: Some(0.0) }
[2m2026-07-23T18:04:12.489673Z[0m [32m INFO[0m [2mreporter[0m[2m:[0m reported: Signals { gpu_utilization: Some(0.0), gpu_memory_used_bytes: Some(21110128640), active_service_count: Some(1), kv_cache_hit_rate: None, tokens_per_joule: Some(0.0) }
[2m2026-07-23T18:04:27.508336Z[0m [32m INFO[0m [2mreporter[0m[2m:[0m reported: Signals { gpu_utilization: Some(0.0), gpu_memory_used_bytes: Some(21110128640), active_service_count: Some(1), kv_cache_hit_rate: None, tokens_per_joule: Some(0.0) }
[2m2026-07-23T18:04:42.527501Z[0m [32m INFO[0m [2mreporter[0m[2m:[0m reported: Signals { gpu_utilization: Some(0.0), gpu_memory_used_bytes: Some(21110128640), active_service_count: Some(1), kv_cache_hit_rate: None, tokens_per_joule: Some(0.0) }
[2m2026-07-23T18:04:59.532034Z[0m [33m WARN[0m [2mreporter[0m[2m:[0m scrape 'http://vllm-c-np.default.svc.cluster.local:8000/metrics': request failed: error sending request for url (http://vllm-c-np.default.svc.cluster.local:8000/metrics)
[2m2026-07-23T18:04:59.538602Z[0m [32m INFO[0m [2mreporter[0m[2m:[0m reported: Signals { gpu_utilization: Some(0.0), gpu_memory_used_bytes: Some(0), active_service_count: Some(0), kv_cache_hit_rate: None, tokens_per_joule: None }
[2m2026-07-23T18:05:14.545768Z[0m [33m WARN[0m [2mreporter[0m[2m:[0m scrape 'http://vllm-c-np.default.svc.cluster.local:8000/metrics': request failed: error sending request for url (http://vllm-c-np.default.svc.cluster.local:8000/metrics)
[2m2026-07-23T18:05:14.553862Z[0m [32m INFO[0m [2mreporter[0m[2m:[0m reported: Signals { gpu_utilization: Some(0.0), gpu_memory_used_bytes: Some(0), active_service_count: Some(0), kv_cache_hit_rate: None, tokens_per_joule: None }
[2m2026-07-23T18:05:29.561251Z[0m [33m WARN[0m [2mreporter[0m[2m:[0m scrape 'http://vllm-c-np.default.svc.cluster.local:8000/metrics': request failed: error sending request for url (http://vllm-c-np.default.svc.cluster.local:8000/metrics)
[2m2026-07-23T18:05:29.568868Z[0m [32m INFO[0m [2mreporter[0m[2m:[0m reported: Signals { gpu_utilization: Some(0.0), gpu_memory_used_bytes: Some(3014656), active_service_count: Some(0), kv_cache_hit_rate: None, tokens_per_joule: None }
[2m2026-07-23T18:05:44.576008Z[0m [33m WARN[0m [2mreporter[0m[2m:[0m scrape 'http://vllm-c-np.default.svc.cluster.local:8000/metrics': request failed: error sending request for url (http://vllm-c-np.default.svc.cluster.local:8000/metrics)
[2m2026-07-23T18:05:44.583947Z[0m [32m INFO[0m [2mreporter[0m[2m:[0m reported: Signals { gpu_utilization: Some(0.0), gpu_memory_used_bytes: Some(15720448000), active_service_count: Some(0), kv_cache_hit_rate: None, tokens_per_joule: None }
[2m2026-07-23T18:05:59.590933Z[0m [33m WARN[0m [2mreporter[0m[2m:[0m scrape 'http://vllm-c-np.default.svc.cluster.local:8000/metrics': request failed: error sending request for url (http://vllm-c-np.default.svc.cluster.local:8000/metrics)
[2m2026-07-23T18:05:59.599077Z[0m [32m INFO[0m [2mreporter[0m[2m:[0m reported: Signals { gpu_utilization: Some(3.0), gpu_memory_used_bytes: Some(16829841408), active_service_count: Some(0), kv_cache_hit_rate: None, tokens_per_joule: None }
[2m2026-07-23T18:06:14.645245Z[0m [32m INFO[0m [2mreporter[0m[2m:[0m reported: Signals { gpu_utilization: Some(0.0), gpu_memory_used_bytes: Some(21110128640), active_service_count: Some(1), kv_cache_hit_rate: None, tokens_per_joule: Some(0.0) }
[2m2026-07-23T18:06:29.664390Z[0m [32m INFO[0m [2mreporter[0m[2m:[0m reported: Signals { gpu_utilization: Some(0.0), gpu_memory_used_bytes: Some(21110128640), active_service_count: Some(1), kv_cache_hit_rate: None, tokens_per_joule: Some(0.0) }
[2m2026-07-23T18:06:44.684466Z[0m [32m INFO[0m [2mreporter[0m[2m:[0m reported: Signals { gpu_utilization: Some(0.0), gpu_memory_used_bytes: Some(21110128640), active_service_count: Some(1), kv_cache_hit_rate: None, tokens_per_joule: Some(0.0) }
[2m2026-07-23T18:06:59.703835Z[0m [32m INFO[0m [2mreporter[0m[2m:[0m reported: Signals { gpu_utilization: Some(0.0), gpu_memory_used_bytes: Some(21110128640), active_service_count: Some(1), kv_cache_hit_rate: None, tokens_per_joule: Some(0.0) }
[2m2026-07-23T18:07:14.722026Z[0m [32m INFO[0m [2mreporter[0m[2m:[0m reported: Signals { gpu_utilization: Some(0.0), gpu_memory_used_bytes: Some(21110128640), active_service_count: Some(1), kv_cache_hit_rate: None, tokens_per_joule: Some(0.0) }
[2m2026-07-23T18:07:29.740238Z[0m [32m INFO[0m [2mreporter[0m[2m:[0m reported: Signals { gpu_utilization: Some(0.0), gpu_memory_used_bytes: Some(21110128640), active_service_count: Some(1), kv_cache_hit_rate: None, tokens_per_joule: Some(0.0) }
[2m2026-07-23T18:07:44.758492Z[0m [32m INFO[0m [2mreporter[0m[2m:[0m reported: Signals { gpu_utilization: Some(0.0), gpu_memory_used_bytes: Some(21110128640), active_service_count: Some(1), kv_cache_hit_rate: None, tokens_per_joule: Some(0.0) }
[2m2026-07-23T18:07:59.776492Z[0m [32m INFO[0m [2mreporter[0m[2m:[0m reported: Signals { gpu_utilization: Some(0.0), gpu_memory_used_bytes: Some(21110128640), active_service_count: Some(1), kv_cache_hit_rate: None, tokens_per_joule: Some(0.0) }
[2m2026-07-23T18:08:14.793511Z[0m [32m INFO[0m [2mreporter[0m[2m:[0m reported: Signals { gpu_utilization: Some(0.0), gpu_memory_used_bytes: Some(21110128640), active_service_count: Some(1), kv_cache_hit_rate: None, tokens_per_joule: Some(0.0) }
[2m2026-07-23T18:08:29.812477Z[0m [32m INFO[0m [2mreporter[0m[2m:[0m reported: Signals { gpu_utilization: Some(0.0), gpu_memory_used_bytes: Some(21110128640), active_service_count: Some(1), kv_cache_hit_rate: None, tokens_per_joule: Some(0.0) }
[2m2026-07-23T18:08:44.831205Z[0m [32m INFO[0m [2mreporter[0m[2m:[0m reported: Signals { gpu_utilization: Some(0.0), gpu_memory_used_bytes: Some(21110128640), active_service_count: Some(1), kv_cache_hit_rate: None, tokens_per_joule: Some(0.0) }
[2m2026-07-23T18:08:59.851292Z[0m [32m INFO[0m [2mreporter[0m[2m:[0m reported: Signals { gpu_utilization: Some(0.0), gpu_memory_used_bytes: Some(21110128640), active_service_count: Some(1), kv_cache_hit_rate: None, tokens_per_joule: Some(0.0) }
[2m2026-07-23T18:09:14.871251Z[0m [32m INFO[0m [2mreporter[0m[2m:[0m reported: Signals { gpu_utilization: Some(0.0), gpu_memory_used_bytes: Some(21110128640), active_service_count: Some(1), kv_cache_hit_rate: None, tokens_per_joule: Some(0.0) }
[2m2026-07-23T18:09:29.890482Z[0m [32m INFO[0m [2mreporter[0m[2m:[0m reported: Signals { gpu_utilization: Some(0.0), gpu_memory_used_bytes: Some(21110128640), active_service_count: Some(1), kv_cache_hit_rate: None, tokens_per_joule: Some(0.0) }
[2m2026-07-23T18:09:44.908358Z[0m [32m INFO[0m [2mreporter[0m[2m:[0m reported: Signals { gpu_utilization: Some(0.0), gpu_memory_used_bytes: Some(21110128640), active_service_count: Some(1), kv_cache_hit_rate: None, tokens_per_joule: Some(0.0) }
[2m2026-07-23T18:09:59.928923Z[0m [32m INFO[0m [2mreporter[0m[2m:[0m reported: Signals { gpu_utilization: Some(0.0), gpu_memory_used_bytes: Some(21110128640), active_service_count: Some(1), kv_cache_hit_rate: None, tokens_per_joule: Some(0.0) }
[2m2026-07-23T18:10:14.947515Z[0m [32m INFO[0m [2mreporter[0m[2m:[0m reported: Signals { gpu_utilization: Some(0.0), gpu_memory_used_bytes: Some(21110128640), active_service_count: Some(1), kv_cache_hit_rate: None, tokens_per_joule: Some(0.0) }
[2m2026-07-23T18:10:29.966616Z[0m [32m INFO[0m [2mreporter[0m[2m:[0m reported: Signals { gpu_utilization: Some(0.0), gpu_memory_used_bytes: Some(21110128640), active_service_count: Some(1), kv_cache_hit_rate: None, tokens_per_joule: Some(0.0) }
[2m2026-07-23T18:10:44.984671Z[0m [32m INFO[0m [2mreporter[0m[2m:[0m reported: Signals { gpu_utilization: Some(0.0), gpu_memory_used_bytes: Some(21110128640), active_service_count: Some(1), kv_cache_hit_rate: None, tokens_per_joule: Some(0.0) }
[2m2026-07-23T18:11:00.003987Z[0m [32m INFO[0m [2mreporter[0m[2m:[0m reported: Signals { gpu_utilization: Some(0.0), gpu_memory_used_bytes: Some(21110128640), active_service_count: Some(1), kv_cache_hit_rate: None, tokens_per_joule: Some(0.0) }
[2m2026-07-23T18:11:15.022506Z[0m [32m INFO[0m [2mreporter[0m[2m:[0m reported: Signals { gpu_utilization: Some(0.0), gpu_memory_used_bytes: Some(21110128640), active_service_count: Some(1), kv_cache_hit_rate: None, tokens_per_joule: Some(0.0) }
[2m2026-07-23T18:11:30.041555Z[0m [32m INFO[0m [2mreporter[0m[2m:[0m reported: Signals { gpu_utilization: Some(0.0), gpu_memory_used_bytes: Some(21110128640), active_service_count: Some(1), kv_cache_hit_rate: None, tokens_per_joule: Some(0.0) }
[2m2026-07-23T18:11:45.059182Z[0m [32m INFO[0m [2mreporter[0m[2m:[0m reported: Signals { gpu_utilization: Some(0.0), gpu_memory_used_bytes: Some(21110128640), active_service_count: Some(1), kv_cache_hit_rate: None, tokens_per_joule: Some(0.0) }
[2m2026-07-23T18:12:00.077772Z[0m [32m INFO[0m [2mreporter[0m[2m:[0m reported: Signals { gpu_utilization: Some(0.0), gpu_memory_used_bytes: Some(21110128640), active_service_count: Some(1), kv_cache_hit_rate: None, tokens_per_joule: Some(0.0) }
[2m2026-07-23T18:12:15.096132Z[0m [32m INFO[0m [2mreporter[0m[2m:[0m reported: Signals { gpu_utilization: Some(0.0), gpu_memory_used_bytes: Some(21110128640), active_service_count: Some(1), kv_cache_hit_rate: None, tokens_per_joule: Some(0.0) }
[2m2026-07-23T18:12:30.113636Z[0m [32m INFO[0m [2mreporter[0m[2m:[0m reported: Signals { gpu_utilization: Some(0.0), gpu_memory_used_bytes: Some(21110128640), active_service_count: Some(1), kv_cache_hit_rate: None, tokens_per_joule: Some(0.0) }
[2m2026-07-23T18:12:45.130891Z[0m [32m INFO[0m [2mreporter[0m[2m:[0m reported: Signals { gpu_utilization: Some(0.0), gpu_memory_used_bytes: Some(21110128640), active_service_count: Some(1), kv_cache_hit_rate: None, tokens_per_joule: Some(0.0) }
[2m2026-07-23T18:13:00.149153Z[0m [32m INFO[0m [2mreporter[0m[2m:[0m reported: Signals { gpu_utilization: Some(0.0), gpu_memory_used_bytes: Some(21110128640), active_service_count: Some(1), kv_cache_hit_rate: None, tokens_per_joule: Some(0.0) }
[2m2026-07-23T18:13:15.166004Z[0m [32m INFO[0m [2mreporter[0m[2m:[0m reported: Signals { gpu_utilization: Some(0.0), gpu_memory_used_bytes: Some(21110128640), active_service_count: Some(1), kv_cache_hit_rate: None, tokens_per_joule: Some(0.0) }
[2m2026-07-23T18:13:30.183692Z[0m [32m INFO[0m [2mreporter[0m[2m:[0m reported: Signals { gpu_utilization: Some(0.0), gpu_memory_used_bytes: Some(21110128640), active_service_count: Some(1), kv_cache_hit_rate: None, tokens_per_joule: Some(0.0) }
[2m2026-07-23T18:13:45.204487Z[0m [32m INFO[0m [2mreporter[0m[2m:[0m reported: Signals { gpu_utilization: Some(0.0), gpu_memory_used_bytes: Some(21110128640), active_service_count: Some(1), kv_cache_hit_rate: None, tokens_per_joule: Some(0.0) }
[2m2026-07-23T18:14:00.223512Z[0m [32m INFO[0m [2mreporter[0m[2m:[0m reported: Signals { gpu_utilization: Some(0.0), gpu_memory_used_bytes: Some(21110128640), active_service_count: Some(1), kv_cache_hit_rate: None, tokens_per_joule: Some(0.0) }
[2m2026-07-23T18:14:15.231310Z[0m [33m WARN[0m [2mreporter[0m[2m:[0m scrape 'http://vllm-c-np.default.svc.cluster.local:8000/metrics': request failed: error sending request for url (http://vllm-c-np.default.svc.cluster.local:8000/metrics)
[2m2026-07-23T18:14:15.238875Z[0m [32m INFO[0m [2mreporter[0m[2m:[0m reported: Signals { gpu_utilization: Some(0.0), gpu_memory_used_bytes: Some(0), active_service_count: Some(0), kv_cache_hit_rate: None, tokens_per_joule: None }
[2m2026-07-23T18:14:30.246712Z[0m [33m WARN[0m [2mreporter[0m[2m:[0m scrape 'http://vllm-c-np.default.svc.cluster.local:8000/metrics': request failed: error sending request for url (http://vllm-c-np.default.svc.cluster.local:8000/metrics)
[2m2026-07-23T18:14:30.254608Z[0m [32m INFO[0m [2mreporter[0m[2m:[0m reported: Signals { gpu_utilization: Some(0.0), gpu_memory_used_bytes: Some(3014656), active_service_count: Some(0), kv_cache_hit_rate: None, tokens_per_joule: None }
[2m2026-07-23T18:14:45.261398Z[0m [33m WARN[0m [2mreporter[0m[2m:[0m scrape 'http://vllm-c-np.default.svc.cluster.local:8000/metrics': request failed: error sending request for url (http://vllm-c-np.default.svc.cluster.local:8000/metrics)
[2m2026-07-23T18:14:45.267201Z[0m [32m INFO[0m [2mreporter[0m[2m:[0m reported: Signals { gpu_utilization: Some(0.0), gpu_memory_used_bytes: Some(15680602112), active_service_count: Some(0), kv_cache_hit_rate: None, tokens_per_joule: None }
[2m2026-07-23T18:15:00.273228Z[0m [33m WARN[0m [2mreporter[0m[2m:[0m scrape 'http://vllm-c-np.default.svc.cluster.local:8000/metrics': request failed: error sending request for url (http://vllm-c-np.default.svc.cluster.local:8000/metrics)
[2m2026-07-23T18:15:00.278829Z[0m [32m INFO[0m [2mreporter[0m[2m:[0m reported: Signals { gpu_utilization: Some(0.0), gpu_memory_used_bytes: Some(16829841408), active_service_count: Some(0), kv_cache_hit_rate: None, tokens_per_joule: None }
[2m2026-07-23T18:15:15.318223Z[0m [32m INFO[0m [2mreporter[0m[2m:[0m reported: Signals { gpu_utilization: Some(0.0), gpu_memory_used_bytes: Some(21110128640), active_service_count: Some(1), kv_cache_hit_rate: None, tokens_per_joule: Some(0.0) }
[2m2026-07-23T18:15:30.338211Z[0m [32m INFO[0m [2mreporter[0m[2m:[0m reported: Signals { gpu_utilization: Some(0.0), gpu_memory_used_bytes: Some(21110128640), active_service_count: Some(1), kv_cache_hit_rate: None, tokens_per_joule: Some(0.0) }
[2m2026-07-23T18:15:45.357389Z[0m [32m INFO[0m [2mreporter[0m[2m:[0m reported: Signals { gpu_utilization: Some(0.0), gpu_memory_used_bytes: Some(21110128640), active_service_count: Some(1), kv_cache_hit_rate: None, tokens_per_joule: Some(0.0) }
[2m2026-07-23T18:16:00.376764Z[0m [32m INFO[0m [2mreporter[0m[2m:[0m reported: Signals { gpu_utilization: Some(0.0), gpu_memory_used_bytes: Some(21110128640), active_service_count: Some(1), kv_cache_hit_rate: None, tokens_per_joule: Some(0.0) }
[2m2026-07-23T18:16:15.395806Z[0m [32m INFO[0m [2mreporter[0m[2m:[0m reported: Signals { gpu_utilization: Some(0.0), gpu_memory_used_bytes: Some(21110128640), active_service_count: Some(1), kv_cache_hit_rate: None, tokens_per_joule: Some(0.0) }
[2m2026-07-23T18:16:30.414220Z[0m [32m INFO[0m [2mreporter[0m[2m:[0m reported: Signals { gpu_utilization: Some(0.0), gpu_memory_used_bytes: Some(21110128640), active_service_count: Some(1), kv_cache_hit_rate: None, tokens_per_joule: Some(0.0) }
[2m2026-07-23T18:16:45.435460Z[0m [32m INFO[0m [2mreporter[0m[2m:[0m reported: Signals { gpu_utilization: Some(0.0), gpu_memory_used_bytes: Some(21110128640), active_service_count: Some(1), kv_cache_hit_rate: None, tokens_per_joule: Some(0.0) }
[2m2026-07-23T18:17:00.453003Z[0m [32m INFO[0m [2mreporter[0m[2m:[0m reported: Signals { gpu_utilization: Some(0.0), gpu_memory_used_bytes: Some(21110128640), active_service_count: Some(1), kv_cache_hit_rate: None, tokens_per_joule: Some(0.0) }
[2m2026-07-23T18:17:15.471246Z[0m [32m INFO[0m [2mreporter[0m[2m:[0m reported: Signals { gpu_utilization: Some(0.0), gpu_memory_used_bytes: Some(21110128640), active_service_count: Some(1), kv_cache_hit_rate: None, tokens_per_joule: Some(0.0) }
[2m2026-07-23T18:17:30.490349Z[0m [32m INFO[0m [2mreporter[0m[2m:[0m reported: Signals { gpu_utilization: Some(0.0), gpu_memory_used_bytes: Some(21110128640), active_service_count: Some(1), kv_cache_hit_rate: None, tokens_per_joule: Some(0.0) }
[2m2026-07-23T18:17:45.514609Z[0m [32m INFO[0m [2mreporter[0m[2m:[0m reported: Signals { gpu_utilization: Some(0.0), gpu_memory_used_bytes: Some(21110128640), active_service_count: Some(1), kv_cache_hit_rate: None, tokens_per_joule: Some(0.0) }
[2m2026-07-23T18:18:00.533204Z[0m [32m INFO[0m [2mreporter[0m[2m:[0m reported: Signals { gpu_utilization: Some(0.0), gpu_memory_used_bytes: Some(21110128640), active_service_count: Some(1), kv_cache_hit_rate: None, tokens_per_joule: Some(0.0) }
[2m2026-07-23T18:18:15.551241Z[0m [32m INFO[0m [2mreporter[0m[2m:[0m reported: Signals { gpu_utilization: Some(0.0), gpu_memory_used_bytes: Some(21110128640), active_service_count: Some(1), kv_cache_hit_rate: None, tokens_per_joule: Some(0.0) }
[2m2026-07-23T18:18:30.569859Z[0m [32m INFO[0m [2mreporter[0m[2m:[0m reported: Signals { gpu_utilization: Some(0.0), gpu_memory_used_bytes: Some(21110128640), active_service_count: Some(1), kv_cache_hit_rate: None, tokens_per_joule: Some(0.0) }
[2m2026-07-23T18:18:45.586427Z[0m [32m INFO[0m [2mreporter[0m[2m:[0m reported: Signals { gpu_utilization: Some(0.0), gpu_memory_used_bytes: Some(21110128640), active_service_count: Some(1), kv_cache_hit_rate: None, tokens_per_joule: Some(0.0) }
[2m2026-07-23T18:19:00.605526Z[0m [32m INFO[0m [2mreporter[0m[2m:[0m reported: Signals { gpu_utilization: Some(0.0), gpu_memory_used_bytes: Some(21110128640), active_service_count: Some(1), kv_cache_hit_rate: None, tokens_per_joule: Some(0.0) }
[2m2026-07-23T18:19:15.623200Z[0m [32m INFO[0m [2mreporter[0m[2m:[0m reported: Signals { gpu_utilization: Some(0.0), gpu_memory_used_bytes: Some(21110128640), active_service_count: Some(1), kv_cache_hit_rate: None, tokens_per_joule: Some(0.0) }
[2m2026-07-23T18:19:30.640357Z[0m [32m INFO[0m [2mreporter[0m[2m:[0m reported: Signals { gpu_utilization: Some(0.0), gpu_memory_used_bytes: Some(21110128640), active_service_count: Some(1), kv_cache_hit_rate: None, tokens_per_joule: Some(0.0) }
[2m2026-07-23T18:19:45.660071Z[0m [32m INFO[0m [2mreporter[0m[2m:[0m reported: Signals { gpu_utilization: Some(0.0), gpu_memory_used_bytes: Some(21110128640), active_service_count: Some(1), kv_cache_hit_rate: None, tokens_per_joule: Some(0.0) }
[2m2026-07-23T18:20:00.677692Z[0m [32m INFO[0m [2mreporter[0m[2m:[0m reported: Signals { gpu_utilization: Some(0.0), gpu_memory_used_bytes: Some(21110128640), active_service_count: Some(1), kv_cache_hit_rate: None, tokens_per_joule: Some(0.0) }
[2m2026-07-23T18:20:15.696425Z[0m [32m INFO[0m [2mreporter[0m[2m:[0m reported: Signals { gpu_utilization: Some(0.0), gpu_memory_used_bytes: Some(21110128640), active_service_count: Some(1), kv_cache_hit_rate: None, tokens_per_joule: Some(0.0) }
[2m2026-07-23T18:20:30.714665Z[0m [32m INFO[0m [2mreporter[0m[2m:[0m reported: Signals { gpu_utilization: Some(0.0), gpu_memory_used_bytes: Some(21110128640), active_service_count: Some(1), kv_cache_hit_rate: None, tokens_per_joule: Some(0.0) }
[2m2026-07-23T18:20:45.733072Z[0m [32m INFO[0m [2mreporter[0m[2m:[0m reported: Signals { gpu_utilization: Some(0.0), gpu_memory_used_bytes: Some(21110128640), active_service_count: Some(1), kv_cache_hit_rate: None, tokens_per_joule: Some(0.0) }
[2m2026-07-23T18:21:00.753283Z[0m [32m INFO[0m [2mreporter[0m[2m:[0m reported: Signals { gpu_utilization: Some(0.0), gpu_memory_used_bytes: Some(21110128640), active_service_count: Some(1), kv_cache_hit_rate: None, tokens_per_joule: Some(0.0) }
[2m2026-07-23T18:21:15.773040Z[0m [32m INFO[0m [2mreporter[0m[2m:[0m reported: Signals { gpu_utilization: Some(0.0), gpu_memory_used_bytes: Some(21110128640), active_service_count: Some(1), kv_cache_hit_rate: None, tokens_per_joule: Some(0.0) }
[2m2026-07-23T18:21:30.790984Z[0m [32m INFO[0m [2mreporter[0m[2m:[0m reported: Signals { gpu_utilization: Some(0.0), gpu_memory_used_bytes: Some(21110128640), active_service_count: Some(1), kv_cache_hit_rate: None, tokens_per_joule: Some(0.0) }
[2m2026-07-23T18:21:45.809094Z[0m [32m INFO[0m [2mreporter[0m[2m:[0m reported: Signals { gpu_utilization: Some(0.0), gpu_memory_used_bytes: Some(21110128640), active_service_count: Some(1), kv_cache_hit_rate: None, tokens_per_joule: Some(0.0) }
[2m2026-07-23T18:22:00.827195Z[0m [32m INFO[0m [2mreporter[0m[2m:[0m reported: Signals { gpu_utilization: Some(0.0), gpu_memory_used_bytes: Some(21110128640), active_service_count: Some(1), kv_cache_hit_rate: None, tokens_per_joule: Some(0.0) }
[2m2026-07-23T18:22:15.846838Z[0m [32m INFO[0m [2mreporter[0m[2m:[0m reported: Signals { gpu_utilization: Some(0.0), gpu_memory_used_bytes: Some(21110128640), active_service_count: Some(1), kv_cache_hit_rate: None, tokens_per_joule: Some(0.0) }
[2m2026-07-23T18:22:30.864576Z[0m [32m INFO[0m [2mreporter[0m[2m:[0m reported: Signals { gpu_utilization: Some(0.0), gpu_memory_used_bytes: Some(21110128640), active_service_count: Some(1), kv_cache_hit_rate: None, tokens_per_joule: Some(0.0) }
[2m2026-07-23T18:22:45.882996Z[0m [32m INFO[0m [2mreporter[0m[2m:[0m reported: Signals { gpu_utilization: Some(0.0), gpu_memory_used_bytes: Some(21110128640), active_service_count: Some(1), kv_cache_hit_rate: None, tokens_per_joule: Some(0.0) }
[2m2026-07-23T18:23:00.901210Z[0m [32m INFO[0m [2mreporter[0m[2m:[0m reported: Signals { gpu_utilization: Some(0.0), gpu_memory_used_bytes: Some(21110128640), active_service_count: Some(1), kv_cache_hit_rate: None, tokens_per_joule: Some(0.0) }
[2m2026-07-23T18:23:15.907897Z[0m [33m WARN[0m [2mreporter[0m[2m:[0m scrape 'http://vllm-c-np.default.svc.cluster.local:8000/metrics': request failed: error sending request for url (http://vllm-c-np.default.svc.cluster.local:8000/metrics)
[2m2026-07-23T18:23:15.915314Z[0m [32m INFO[0m [2mreporter[0m[2m:[0m reported: Signals { gpu_utilization: Some(0.0), gpu_memory_used_bytes: Some(0), active_service_count: Some(0), kv_cache_hit_rate: None, tokens_per_joule: None }
[2m2026-07-23T18:23:30.923113Z[0m [33m WARN[0m [2mreporter[0m[2m:[0m scrape 'http://vllm-c-np.default.svc.cluster.local:8000/metrics': request failed: error sending request for url (http://vllm-c-np.default.svc.cluster.local:8000/metrics)
[2m2026-07-23T18:23:30.932256Z[0m [32m INFO[0m [2mreporter[0m[2m:[0m reported: Signals { gpu_utilization: Some(0.0), gpu_memory_used_bytes: Some(131072), active_service_count: Some(0), kv_cache_hit_rate: None, tokens_per_joule: None }
[2m2026-07-23T18:23:45.939736Z[0m [33m WARN[0m [2mreporter[0m[2m:[0m scrape 'http://vllm-c-np.default.svc.cluster.local:8000/metrics': request failed: error sending request for url (http://vllm-c-np.default.svc.cluster.local:8000/metrics)
[2m2026-07-23T18:23:45.945864Z[0m [32m INFO[0m [2mreporter[0m[2m:[0m reported: Signals { gpu_utilization: Some(0.0), gpu_memory_used_bytes: Some(15680602112), active_service_count: Some(0), kv_cache_hit_rate: None, tokens_per_joule: None }
[2m2026-07-23T18:24:00.955699Z[0m [33m WARN[0m [2mreporter[0m[2m:[0m scrape 'http://vllm-c-np.default.svc.cluster.local:8000/metrics': request failed: error sending request for url (http://vllm-c-np.default.svc.cluster.local:8000/metrics)
[2m2026-07-23T18:24:00.962207Z[0m [32m INFO[0m [2mreporter[0m[2m:[0m reported: Signals { gpu_utilization: Some(92.0), gpu_memory_used_bytes: Some(16829841408), active_service_count: Some(0), kv_cache_hit_rate: None, tokens_per_joule: None }
[2m2026-07-23T18:24:15.968226Z[0m [33m WARN[0m [2mreporter[0m[2m:[0m scrape 'http://vllm-c-np.default.svc.cluster.local:8000/metrics': request failed: error sending request for url (http://vllm-c-np.default.svc.cluster.local:8000/metrics)
[2m2026-07-23T18:24:15.974066Z[0m [32m INFO[0m [2mreporter[0m[2m:[0m reported: Signals { gpu_utilization: Some(0.0), gpu_memory_used_bytes: Some(21110128640), active_service_count: Some(0), kv_cache_hit_rate: None, tokens_per_joule: None }
[2m2026-07-23T18:24:31.019558Z[0m [32m INFO[0m [2mreporter[0m[2m:[0m reported: Signals { gpu_utilization: Some(0.0), gpu_memory_used_bytes: Some(21110128640), active_service_count: Some(1), kv_cache_hit_rate: None, tokens_per_joule: Some(0.0) }
[2m2026-07-23T18:24:46.037620Z[0m [32m INFO[0m [2mreporter[0m[2m:[0m reported: Signals { gpu_utilization: Some(0.0), gpu_memory_used_bytes: Some(21110128640), active_service_count: Some(1), kv_cache_hit_rate: None, tokens_per_joule: Some(0.0) }
[2m2026-07-23T18:25:01.056577Z[0m [32m INFO[0m [2mreporter[0m[2m:[0m reported: Signals { gpu_utilization: Some(0.0), gpu_memory_used_bytes: Some(21110128640), active_service_count: Some(1), kv_cache_hit_rate: None, tokens_per_joule: Some(0.0) }
[2m2026-07-23T18:25:16.075494Z[0m [32m INFO[0m [2mreporter[0m[2m:[0m reported: Signals { gpu_utilization: Some(0.0), gpu_memory_used_bytes: Some(21110128640), active_service_count: Some(1), kv_cache_hit_rate: None, tokens_per_joule: Some(0.0) }
[2m2026-07-23T18:25:31.095923Z[0m [32m INFO[0m [2mreporter[0m[2m:[0m reported: Signals { gpu_utilization: Some(0.0), gpu_memory_used_bytes: Some(21110128640), active_service_count: Some(1), kv_cache_hit_rate: None, tokens_per_joule: Some(0.0) }
[2m2026-07-23T18:25:46.114336Z[0m [32m INFO[0m [2mreporter[0m[2m:[0m reported: Signals { gpu_utilization: Some(0.0), gpu_memory_used_bytes: Some(21110128640), active_service_count: Some(1), kv_cache_hit_rate: None, tokens_per_joule: Some(0.0) }
[2m2026-07-23T18:26:01.134987Z[0m [32m INFO[0m [2mreporter[0m[2m:[0m reported: Signals { gpu_utilization: Some(0.0), gpu_memory_used_bytes: Some(21110128640), active_service_count: Some(1), kv_cache_hit_rate: None, tokens_per_joule: Some(0.0) }
[2m2026-07-23T18:26:16.152596Z[0m [32m INFO[0m [2mreporter[0m[2m:[0m reported: Signals { gpu_utilization: Some(0.0), gpu_memory_used_bytes: Some(21110128640), active_service_count: Some(1), kv_cache_hit_rate: None, tokens_per_joule: Some(0.0) }
[2m2026-07-23T18:26:31.170507Z[0m [32m INFO[0m [2mreporter[0m[2m:[0m reported: Signals { gpu_utilization: Some(0.0), gpu_memory_used_bytes: Some(21110128640), active_service_count: Some(1), kv_cache_hit_rate: None, tokens_per_joule: Some(0.0) }
[2m2026-07-23T18:26:46.189515Z[0m [32m INFO[0m [2mreporter[0m[2m:[0m reported: Signals { gpu_utilization: Some(0.0), gpu_memory_used_bytes: Some(21110128640), active_service_count: Some(1), kv_cache_hit_rate: None, tokens_per_joule: Some(0.0) }
[2m2026-07-23T18:27:01.207448Z[0m [32m INFO[0m [2mreporter[0m[2m:[0m reported: Signals { gpu_utilization: Some(0.0), gpu_memory_used_bytes: Some(21110128640), active_service_count: Some(1), kv_cache_hit_rate: None, tokens_per_joule: Some(0.0) }
[2m2026-07-23T18:27:16.226707Z[0m [32m INFO[0m [2mreporter[0m[2m:[0m reported: Signals { gpu_utilization: Some(0.0), gpu_memory_used_bytes: Some(21110128640), active_service_count: Some(1), kv_cache_hit_rate: None, tokens_per_joule: Some(0.0) }
[2m2026-07-23T18:27:31.245231Z[0m [32m INFO[0m [2mreporter[0m[2m:[0m reported: Signals { gpu_utilization: Some(0.0), gpu_memory_used_bytes: Some(21110128640), active_service_count: Some(1), kv_cache_hit_rate: None, tokens_per_joule: Some(0.0) }
[2m2026-07-23T18:27:46.263120Z[0m [32m INFO[0m [2mreporter[0m[2m:[0m reported: Signals { gpu_utilization: Some(0.0), gpu_memory_used_bytes: Some(21110128640), active_service_count: Some(1), kv_cache_hit_rate: None, tokens_per_joule: Some(0.0) }
[2m2026-07-23T18:28:01.280952Z[0m [32m INFO[0m [2mreporter[0m[2m:[0m reported: Signals { gpu_utilization: Some(0.0), gpu_memory_used_bytes: Some(21110128640), active_service_count: Some(1), kv_cache_hit_rate: None, tokens_per_joule: Some(0.0) }
[2m2026-07-23T18:28:16.299662Z[0m [32m INFO[0m [2mreporter[0m[2m:[0m reported: Signals { gpu_utilization: Some(0.0), gpu_memory_used_bytes: Some(21110128640), active_service_count: Some(1), kv_cache_hit_rate: None, tokens_per_joule: Some(0.0) }
[2m2026-07-23T18:28:31.318652Z[0m [32m INFO[0m [2mreporter[0m[2m:[0m reported: Signals { gpu_utilization: Some(0.0), gpu_memory_used_bytes: Some(21110128640), active_service_count: Some(1), kv_cache_hit_rate: None, tokens_per_joule: Some(0.0) }
[2m2026-07-23T18:28:46.337256Z[0m [32m INFO[0m [2mreporter[0m[2m:[0m reported: Signals { gpu_utilization: Some(0.0), gpu_memory_used_bytes: Some(21110128640), active_service_count: Some(1), kv_cache_hit_rate: None, tokens_per_joule: Some(0.0) }
[2m2026-07-23T18:29:01.356258Z[0m [32m INFO[0m [2mreporter[0m[2m:[0m reported: Signals { gpu_utilization: Some(0.0), gpu_memory_used_bytes: Some(21110128640), active_service_count: Some(1), kv_cache_hit_rate: None, tokens_per_joule: Some(0.0) }
[2m2026-07-23T18:29:16.375358Z[0m [32m INFO[0m [2mreporter[0m[2m:[0m reported: Signals { gpu_utilization: Some(0.0), gpu_memory_used_bytes: Some(21110128640), active_service_count: Some(1), kv_cache_hit_rate: None, tokens_per_joule: Some(0.0) }
[2m2026-07-23T18:29:31.396082Z[0m [32m INFO[0m [2mreporter[0m[2m:[0m reported: Signals { gpu_utilization: Some(0.0), gpu_memory_used_bytes: Some(21110128640), active_service_count: Some(1), kv_cache_hit_rate: None, tokens_per_joule: Some(0.0) }
[2m2026-07-23T18:29:46.413978Z[0m [32m INFO[0m [2mreporter[0m[2m:[0m reported: Signals { gpu_utilization: Some(0.0), gpu_memory_used_bytes: Some(21110128640), active_service_count: Some(1), kv_cache_hit_rate: None, tokens_per_joule: Some(0.0) }
[2m2026-07-23T18:30:01.430846Z[0m [32m INFO[0m [2mreporter[0m[2m:[0m reported: Signals { gpu_utilization: Some(0.0), gpu_memory_used_bytes: Some(21110128640), active_service_count: Some(1), kv_cache_hit_rate: None, tokens_per_joule: Some(0.0) }
[2m2026-07-23T18:30:16.448914Z[0m [32m INFO[0m [2mreporter[0m[2m:[0m reported: Signals { gpu_utilization: Some(0.0), gpu_memory_used_bytes: Some(21110128640), active_service_count: Some(1), kv_cache_hit_rate: None, tokens_per_joule: Some(0.0) }
[2m2026-07-23T18:30:31.467164Z[0m [32m INFO[0m [2mreporter[0m[2m:[0m reported: Signals { gpu_utilization: Some(0.0), gpu_memory_used_bytes: Some(21110128640), active_service_count: Some(1), kv_cache_hit_rate: None, tokens_per_joule: Some(0.0) }
[2m2026-07-23T18:30:46.485364Z[0m [32m INFO[0m [2mreporter[0m[2m:[0m reported: Signals { gpu_utilization: Some(0.0), gpu_memory_used_bytes: Some(21110128640), active_service_count: Some(1), kv_cache_hit_rate: None, tokens_per_joule: Some(0.0) }
[2m2026-07-23T18:31:01.504149Z[0m [32m INFO[0m [2mreporter[0m[2m:[0m reported: Signals { gpu_utilization: Some(0.0), gpu_memory_used_bytes: Some(21110128640), active_service_count: Some(1), kv_cache_hit_rate: None, tokens_per_joule: Some(0.0) }
[2m2026-07-23T18:31:16.521777Z[0m [32m INFO[0m [2mreporter[0m[2m:[0m reported: Signals { gpu_utilization: Some(0.0), gpu_memory_used_bytes: Some(21110128640), active_service_count: Some(1), kv_cache_hit_rate: None, tokens_per_joule: Some(0.0) }
[2m2026-07-23T18:31:31.539583Z[0m [32m INFO[0m [2mreporter[0m[2m:[0m reported: Signals { gpu_utilization: Some(0.0), gpu_memory_used_bytes: Some(21110128640), active_service_count: Some(1), kv_cache_hit_rate: None, tokens_per_joule: Some(0.0) }
[2m2026-07-23T18:31:46.557464Z[0m [32m INFO[0m [2mreporter[0m[2m:[0m reported: Signals { gpu_utilization: Some(0.0), gpu_memory_used_bytes: Some(21110128640), active_service_count: Some(1), kv_cache_hit_rate: None, tokens_per_joule: Some(0.0) }
[2m2026-07-23T18:32:01.577198Z[0m [32m INFO[0m [2mreporter[0m[2m:[0m reported: Signals { gpu_utilization: Some(0.0), gpu_memory_used_bytes: Some(21110128640), active_service_count: Some(1), kv_cache_hit_rate: None, tokens_per_joule: Some(0.0) }
[2m2026-07-23T18:32:16.584528Z[0m [33m WARN[0m [2mreporter[0m[2m:[0m scrape 'http://vllm-c-np.default.svc.cluster.local:8000/metrics': request failed: error sending request for url (http://vllm-c-np.default.svc.cluster.local:8000/metrics)
[2m2026-07-23T18:32:16.590556Z[0m [32m INFO[0m [2mreporter[0m[2m:[0m reported: Signals { gpu_utilization: Some(0.0), gpu_memory_used_bytes: Some(0), active_service_count: Some(0), kv_cache_hit_rate: None, tokens_per_joule: None }
[2m2026-07-23T18:32:31.598044Z[0m [33m WARN[0m [2mreporter[0m[2m:[0m scrape 'http://vllm-c-np.default.svc.cluster.local:8000/metrics': request failed: error sending request for url (http://vllm-c-np.default.svc.cluster.local:8000/metrics)
[2m2026-07-23T18:32:31.605195Z[0m [32m INFO[0m [2mreporter[0m[2m:[0m reported: Signals { gpu_utilization: Some(0.0), gpu_memory_used_bytes: Some(0), active_service_count: Some(0), kv_cache_hit_rate: None, tokens_per_joule: None }
[2m2026-07-23T18:32:46.611704Z[0m [33m WARN[0m [2mreporter[0m[2m:[0m scrape 'http://vllm-c-np.default.svc.cluster.local:8000/metrics': request failed: error sending request for url (http://vllm-c-np.default.svc.cluster.local:8000/metrics)
[2m2026-07-23T18:32:46.619105Z[0m [32m INFO[0m [2mreporter[0m[2m:[0m reported: Signals { gpu_utilization: Some(0.0), gpu_memory_used_bytes: Some(3014656), active_service_count: Some(0), kv_cache_hit_rate: None, tokens_per_joule: None }
[2m2026-07-23T18:33:01.628254Z[0m [33m WARN[0m [2mreporter[0m[2m:[0m scrape 'http://vllm-c-np.default.svc.cluster.local:8000/metrics': request failed: error sending request for url (http://vllm-c-np.default.svc.cluster.local:8000/metrics)
[2m2026-07-23T18:33:01.639642Z[0m [32m INFO[0m [2mreporter[0m[2m:[0m reported: Signals { gpu_utilization: Some(39.0), gpu_memory_used_bytes: Some(16810967040), active_service_count: Some(0), kv_cache_hit_rate: None, tokens_per_joule: None }
[2m2026-07-23T18:33:16.646982Z[0m [33m WARN[0m [2mreporter[0m[2m:[0m scrape 'http://vllm-c-np.default.svc.cluster.local:8000/metrics': request failed: error sending request for url (http://vllm-c-np.default.svc.cluster.local:8000/metrics)
[2m2026-07-23T18:33:16.655457Z[0m [32m INFO[0m [2mreporter[0m[2m:[0m reported: Signals { gpu_utilization: Some(81.0), gpu_memory_used_bytes: Some(20386611200), active_service_count: Some(0), kv_cache_hit_rate: None, tokens_per_joule: None }
[2m2026-07-23T18:33:31.698593Z[0m [32m INFO[0m [2mreporter[0m[2m:[0m reported: Signals { gpu_utilization: Some(0.0), gpu_memory_used_bytes: Some(21110128640), active_service_count: Some(1), kv_cache_hit_rate: None, tokens_per_joule: Some(0.0) }
[2m2026-07-23T18:33:46.716845Z[0m [32m INFO[0m [2mreporter[0m[2m:[0m reported: Signals { gpu_utilization: Some(0.0), gpu_memory_used_bytes: Some(21110128640), active_service_count: Some(1), kv_cache_hit_rate: None, tokens_per_joule: Some(0.0) }
[2m2026-07-23T18:34:01.736800Z[0m [32m INFO[0m [2mreporter[0m[2m:[0m reported: Signals { gpu_utilization: Some(0.0), gpu_memory_used_bytes: Some(21110128640), active_service_count: Some(1), kv_cache_hit_rate: None, tokens_per_joule: Some(0.0) }
[2m2026-07-23T18:34:16.756954Z[0m [32m INFO[0m [2mreporter[0m[2m:[0m reported: Signals { gpu_utilization: Some(0.0), gpu_memory_used_bytes: Some(21110128640), active_service_count: Some(1), kv_cache_hit_rate: None, tokens_per_joule: Some(0.0) }
[2m2026-07-23T18:34:31.775809Z[0m [32m INFO[0m [2mreporter[0m[2m:[0m reported: Signals { gpu_utilization: Some(0.0), gpu_memory_used_bytes: Some(21110128640), active_service_count: Some(1), kv_cache_hit_rate: None, tokens_per_joule: Some(0.0) }
[2m2026-07-23T18:34:46.794757Z[0m [32m INFO[0m [2mreporter[0m[2m:[0m reported: Signals { gpu_utilization: Some(0.0), gpu_memory_used_bytes: Some(21110128640), active_service_count: Some(1), kv_cache_hit_rate: None, tokens_per_joule: Some(0.0) }
[2m2026-07-23T18:35:01.813426Z[0m [32m INFO[0m [2mreporter[0m[2m:[0m reported: Signals { gpu_utilization: Some(0.0), gpu_memory_used_bytes: Some(21110128640), active_service_count: Some(1), kv_cache_hit_rate: None, tokens_per_joule: Some(0.0) }
[2m2026-07-23T18:35:16.833842Z[0m [32m INFO[0m [2mreporter[0m[2m:[0m reported: Signals { gpu_utilization: Some(0.0), gpu_memory_used_bytes: Some(21110128640), active_service_count: Some(1), kv_cache_hit_rate: None, tokens_per_joule: Some(0.0) }
[2m2026-07-23T18:35:31.851839Z[0m [32m INFO[0m [2mreporter[0m[2m:[0m reported: Signals { gpu_utilization: Some(0.0), gpu_memory_used_bytes: Some(21110128640), active_service_count: Some(1), kv_cache_hit_rate: None, tokens_per_joule: Some(0.0) }
[2m2026-07-23T18:35:46.870079Z[0m [32m INFO[0m [2mreporter[0m[2m:[0m reported: Signals { gpu_utilization: Some(0.0), gpu_memory_used_bytes: Some(21110128640), active_service_count: Some(1), kv_cache_hit_rate: None, tokens_per_joule: Some(0.0) }
[2m2026-07-23T18:36:01.888232Z[0m [32m INFO[0m [2mreporter[0m[2m:[0m reported: Signals { gpu_utilization: Some(0.0), gpu_memory_used_bytes: Some(21110128640), active_service_count: Some(1), kv_cache_hit_rate: None, tokens_per_joule: Some(0.0) }
[2m2026-07-23T18:36:16.906976Z[0m [32m INFO[0m [2mreporter[0m[2m:[0m reported: Signals { gpu_utilization: Some(0.0), gpu_memory_used_bytes: Some(21110128640), active_service_count: Some(1), kv_cache_hit_rate: None, tokens_per_joule: Some(0.0) }
[2m2026-07-23T18:36:31.925587Z[0m [32m INFO[0m [2mreporter[0m[2m:[0m reported: Signals { gpu_utilization: Some(0.0), gpu_memory_used_bytes: Some(21110128640), active_service_count: Some(1), kv_cache_hit_rate: None, tokens_per_joule: Some(0.0) }
[2m2026-07-23T18:36:46.944454Z[0m [32m INFO[0m [2mreporter[0m[2m:[0m reported: Signals { gpu_utilization: Some(0.0), gpu_memory_used_bytes: Some(21110128640), active_service_count: Some(1), kv_cache_hit_rate: None, tokens_per_joule: Some(0.0) }
[2m2026-07-23T18:37:01.964059Z[0m [32m INFO[0m [2mreporter[0m[2m:[0m reported: Signals { gpu_utilization: Some(0.0), gpu_memory_used_bytes: Some(21110128640), active_service_count: Some(1), kv_cache_hit_rate: None, tokens_per_joule: Some(0.0) }
[2m2026-07-23T18:37:16.981034Z[0m [32m INFO[0m [2mreporter[0m[2m:[0m reported: Signals { gpu_utilization: Some(0.0), gpu_memory_used_bytes: Some(21110128640), active_service_count: Some(1), kv_cache_hit_rate: None, tokens_per_joule: Some(0.0) }
[2m2026-07-23T18:37:32.001200Z[0m [32m INFO[0m [2mreporter[0m[2m:[0m reported: Signals { gpu_utilization: Some(0.0), gpu_memory_used_bytes: Some(21110128640), active_service_count: Some(1), kv_cache_hit_rate: None, tokens_per_joule: Some(0.0) }
[2m2026-07-23T18:37:47.019465Z[0m [32m INFO[0m [2mreporter[0m[2m:[0m reported: Signals { gpu_utilization: Some(0.0), gpu_memory_used_bytes: Some(21110128640), active_service_count: Some(1), kv_cache_hit_rate: None, tokens_per_joule: Some(0.0) }
[2m2026-07-23T18:38:02.037994Z[0m [32m INFO[0m [2mreporter[0m[2m:[0m reported: Signals { gpu_utilization: Some(0.0), gpu_memory_used_bytes: Some(21110128640), active_service_count: Some(1), kv_cache_hit_rate: None, tokens_per_joule: Some(0.0) }
[2m2026-07-23T18:38:17.057337Z[0m [32m INFO[0m [2mreporter[0m[2m:[0m reported: Signals { gpu_utilization: Some(0.0), gpu_memory_used_bytes: Some(21110128640), active_service_count: Some(1), kv_cache_hit_rate: None, tokens_per_joule: Some(0.0) }
[2m2026-07-23T18:38:32.076766Z[0m [32m INFO[0m [2mreporter[0m[2m:[0m reported: Signals { gpu_utilization: Some(0.0), gpu_memory_used_bytes: Some(21110128640), active_service_count: Some(1), kv_cache_hit_rate: None, tokens_per_joule: Some(0.0) }
[2m2026-07-23T18:38:47.095406Z[0m [32m INFO[0m [2mreporter[0m[2m:[0m reported: Signals { gpu_utilization: Some(0.0), gpu_memory_used_bytes: Some(21110128640), active_service_count: Some(1), kv_cache_hit_rate: None, tokens_per_joule: Some(0.0) }
[2m2026-07-23T18:39:02.114289Z[0m [32m INFO[0m [2mreporter[0m[2m:[0m reported: Signals { gpu_utilization: Some(0.0), gpu_memory_used_bytes: Some(21110128640), active_service_count: Some(1), kv_cache_hit_rate: None, tokens_per_joule: Some(0.0) }
[2m2026-07-23T18:39:17.134100Z[0m [32m INFO[0m [2mreporter[0m[2m:[0m reported: Signals { gpu_utilization: Some(0.0), gpu_memory_used_bytes: Some(21110128640), active_service_count: Some(1), kv_cache_hit_rate: None, tokens_per_joule: Some(0.0) }
[2m2026-07-23T18:39:32.152397Z[0m [32m INFO[0m [2mreporter[0m[2m:[0m reported: Signals { gpu_utilization: Some(0.0), gpu_memory_used_bytes: Some(21110128640), active_service_count: Some(1), kv_cache_hit_rate: None, tokens_per_joule: Some(0.0) }
[2m2026-07-23T18:39:47.172327Z[0m [32m INFO[0m [2mreporter[0m[2m:[0m reported: Signals { gpu_utilization: Some(0.0), gpu_memory_used_bytes: Some(21110128640), active_service_count: Some(1), kv_cache_hit_rate: None, tokens_per_joule: Some(0.0) }
[2m2026-07-23T18:40:02.192329Z[0m [32m INFO[0m [2mreporter[0m[2m:[0m reported: Signals { gpu_utilization: Some(0.0), gpu_memory_used_bytes: Some(21110128640), active_service_count: Some(1), kv_cache_hit_rate: None, tokens_per_joule: Some(0.0) }
[2m2026-07-23T18:40:17.211997Z[0m [32m INFO[0m [2mreporter[0m[2m:[0m reported: Signals { gpu_utilization: Some(0.0), gpu_memory_used_bytes: Some(21110128640), active_service_count: Some(1), kv_cache_hit_rate: None, tokens_per_joule: Some(0.0) }
[2m2026-07-23T18:40:32.230219Z[0m [32m INFO[0m [2mreporter[0m[2m:[0m reported: Signals { gpu_utilization: Some(0.0), gpu_memory_used_bytes: Some(21110128640), active_service_count: Some(1), kv_cache_hit_rate: None, tokens_per_joule: Some(0.0) }
[2m2026-07-23T18:40:47.248397Z[0m [32m INFO[0m [2mreporter[0m[2m:[0m reported: Signals { gpu_utilization: Some(0.0), gpu_memory_used_bytes: Some(21110128640), active_service_count: Some(1), kv_cache_hit_rate: None, tokens_per_joule: Some(0.0) }
[2m2026-07-23T18:41:02.266962Z[0m [32m INFO[0m [2mreporter[0m[2m:[0m reported: Signals { gpu_utilization: Some(0.0), gpu_memory_used_bytes: Some(21110128640), active_service_count: Some(1), kv_cache_hit_rate: None, tokens_per_joule: Some(0.0) }
[2m2026-07-23T18:41:17.283647Z[0m [32m INFO[0m [2mreporter[0m[2m:[0m reported: Signals { gpu_utilization: Some(0.0), gpu_memory_used_bytes: Some(21110128640), active_service_count: Some(1), kv_cache_hit_rate: None, tokens_per_joule: Some(0.0) }
[2m2026-07-23T18:41:32.290946Z[0m [33m WARN[0m [2mreporter[0m[2m:[0m scrape 'http://vllm-c-np.default.svc.cluster.local:8000/metrics': request failed: error sending request for url (http://vllm-c-np.default.svc.cluster.local:8000/metrics)
[2m2026-07-23T18:41:32.298527Z[0m [32m INFO[0m [2mreporter[0m[2m:[0m reported: Signals { gpu_utilization: Some(0.0), gpu_memory_used_bytes: Some(0), active_service_count: Some(0), kv_cache_hit_rate: None, tokens_per_joule: None }
[2m2026-07-23T18:41:47.305853Z[0m [33m WARN[0m [2mreporter[0m[2m:[0m scrape 'http://vllm-c-np.default.svc.cluster.local:8000/metrics': request failed: error sending request for url (http://vllm-c-np.default.svc.cluster.local:8000/metrics)
[2m2026-07-23T18:41:47.317802Z[0m [32m INFO[0m [2mreporter[0m[2m:[0m reported: Signals { gpu_utilization: Some(0.0), gpu_memory_used_bytes: Some(3014656), active_service_count: Some(0), kv_cache_hit_rate: None, tokens_per_joule: None }
[2m2026-07-23T18:42:02.324857Z[0m [33m WARN[0m [2mreporter[0m[2m:[0m scrape 'http://vllm-c-np.default.svc.cluster.local:8000/metrics': request failed: error sending request for url (http://vllm-c-np.default.svc.cluster.local:8000/metrics)
[2m2026-07-23T18:42:02.330419Z[0m [32m INFO[0m [2mreporter[0m[2m:[0m reported: Signals { gpu_utilization: Some(0.0), gpu_memory_used_bytes: Some(15680602112), active_service_count: Some(0), kv_cache_hit_rate: None, tokens_per_joule: None }
[2m2026-07-23T18:42:17.339574Z[0m [33m WARN[0m [2mreporter[0m[2m:[0m scrape 'http://vllm-c-np.default.svc.cluster.local:8000/metrics': request failed: error sending request for url (http://vllm-c-np.default.svc.cluster.local:8000/metrics)
[2m2026-07-23T18:42:17.345287Z[0m [32m INFO[0m [2mreporter[0m[2m:[0m reported: Signals { gpu_utilization: Some(0.0), gpu_memory_used_bytes: Some(16829841408), active_service_count: Some(0), kv_cache_hit_rate: None, tokens_per_joule: None }
[2m2026-07-23T18:42:32.385802Z[0m [32m INFO[0m [2mreporter[0m[2m:[0m reported: Signals { gpu_utilization: Some(0.0), gpu_memory_used_bytes: Some(21110128640), active_service_count: Some(1), kv_cache_hit_rate: None, tokens_per_joule: Some(0.0) }
[2m2026-07-23T18:42:47.404456Z[0m [32m INFO[0m [2mreporter[0m[2m:[0m reported: Signals { gpu_utilization: Some(0.0), gpu_memory_used_bytes: Some(21110128640), active_service_count: Some(1), kv_cache_hit_rate: None, tokens_per_joule: Some(0.0) }
[2m2026-07-23T18:43:02.423224Z[0m [32m INFO[0m [2mreporter[0m[2m:[0m reported: Signals { gpu_utilization: Some(0.0), gpu_memory_used_bytes: Some(21110128640), active_service_count: Some(1), kv_cache_hit_rate: None, tokens_per_joule: Some(0.0) }
[2m2026-07-23T18:43:17.440630Z[0m [32m INFO[0m [2mreporter[0m[2m:[0m reported: Signals { gpu_utilization: Some(0.0), gpu_memory_used_bytes: Some(21110128640), active_service_count: Some(1), kv_cache_hit_rate: None, tokens_per_joule: Some(0.0) }
[2m2026-07-23T18:43:32.459532Z[0m [32m INFO[0m [2mreporter[0m[2m:[0m reported: Signals { gpu_utilization: Some(0.0), gpu_memory_used_bytes: Some(21110128640), active_service_count: Some(1), kv_cache_hit_rate: None, tokens_per_joule: Some(0.0) }
[2m2026-07-23T18:43:47.478427Z[0m [32m INFO[0m [2mreporter[0m[2m:[0m reported: Signals { gpu_utilization: Some(0.0), gpu_memory_used_bytes: Some(21110128640), active_service_count: Some(1), kv_cache_hit_rate: None, tokens_per_joule: Some(0.0) }
[2m2026-07-23T18:44:02.496881Z[0m [32m INFO[0m [2mreporter[0m[2m:[0m reported: Signals { gpu_utilization: Some(0.0), gpu_memory_used_bytes: Some(21110128640), active_service_count: Some(1), kv_cache_hit_rate: None, tokens_per_joule: Some(0.0) }
[2m2026-07-23T18:44:17.519077Z[0m [32m INFO[0m [2mreporter[0m[2m:[0m reported: Signals { gpu_utilization: Some(0.0), gpu_memory_used_bytes: Some(21110128640), active_service_count: Some(1), kv_cache_hit_rate: None, tokens_per_joule: Some(0.0) }
[2m2026-07-23T18:44:32.538108Z[0m [32m INFO[0m [2mreporter[0m[2m:[0m reported: Signals { gpu_utilization: Some(0.0), gpu_memory_used_bytes: Some(21110128640), active_service_count: Some(1), kv_cache_hit_rate: None, tokens_per_joule: Some(0.0) }
[2m2026-07-23T18:44:47.557812Z[0m [32m INFO[0m [2mreporter[0m[2m:[0m reported: Signals { gpu_utilization: Some(0.0), gpu_memory_used_bytes: Some(21110128640), active_service_count: Some(1), kv_cache_hit_rate: None, tokens_per_joule: Some(0.0) }
[2m2026-07-23T18:45:02.575250Z[0m [32m INFO[0m [2mreporter[0m[2m:[0m reported: Signals { gpu_utilization: Some(0.0), gpu_memory_used_bytes: Some(21110128640), active_service_count: Some(1), kv_cache_hit_rate: None, tokens_per_joule: Some(0.0) }
[2m2026-07-23T18:45:17.594526Z[0m [32m INFO[0m [2mreporter[0m[2m:[0m reported: Signals { gpu_utilization: Some(0.0), gpu_memory_used_bytes: Some(21110128640), active_service_count: Some(1), kv_cache_hit_rate: None, tokens_per_joule: Some(0.0) }
[2m2026-07-23T18:45:32.613802Z[0m [32m INFO[0m [2mreporter[0m[2m:[0m reported: Signals { gpu_utilization: Some(0.0), gpu_memory_used_bytes: Some(21110128640), active_service_count: Some(1), kv_cache_hit_rate: None, tokens_per_joule: Some(0.0) }
[2m2026-07-23T18:45:47.633003Z[0m [32m INFO[0m [2mreporter[0m[2m:[0m reported: Signals { gpu_utilization: Some(0.0), gpu_memory_used_bytes: Some(21110128640), active_service_count: Some(1), kv_cache_hit_rate: None, tokens_per_joule: Some(0.0) }
[2m2026-07-23T18:46:02.652707Z[0m [32m INFO[0m [2mreporter[0m[2m:[0m reported: Signals { gpu_utilization: Some(0.0), gpu_memory_used_bytes: Some(21110128640), active_service_count: Some(1), kv_cache_hit_rate: None, tokens_per_joule: Some(0.0) }
[2m2026-07-23T18:46:17.670910Z[0m [32m INFO[0m [2mreporter[0m[2m:[0m reported: Signals { gpu_utilization: Some(0.0), gpu_memory_used_bytes: Some(21110128640), active_service_count: Some(1), kv_cache_hit_rate: None, tokens_per_joule: Some(0.0) }
[2m2026-07-23T18:46:32.689072Z[0m [32m INFO[0m [2mreporter[0m[2m:[0m reported: Signals { gpu_utilization: Some(0.0), gpu_memory_used_bytes: Some(21110128640), active_service_count: Some(1), kv_cache_hit_rate: None, tokens_per_joule: Some(0.0) }
[2m2026-07-23T18:46:47.707895Z[0m [32m INFO[0m [2mreporter[0m[2m:[0m reported: Signals { gpu_utilization: Some(0.0), gpu_memory_used_bytes: Some(21110128640), active_service_count: Some(1), kv_cache_hit_rate: None, tokens_per_joule: Some(0.0) }
[2m2026-07-23T18:47:02.724900Z[0m [32m INFO[0m [2mreporter[0m[2m:[0m reported: Signals { gpu_utilization: Some(0.0), gpu_memory_used_bytes: Some(21110128640), active_service_count: Some(1), kv_cache_hit_rate: None, tokens_per_joule: Some(0.0) }
[2m2026-07-23T18:47:17.742901Z[0m [32m INFO[0m [2mreporter[0m[2m:[0m reported: Signals { gpu_utilization: Some(0.0), gpu_memory_used_bytes: Some(21110128640), active_service_count: Some(1), kv_cache_hit_rate: None, tokens_per_joule: Some(0.0) }
[2m2026-07-23T18:47:32.762743Z[0m [32m INFO[0m [2mreporter[0m[2m:[0m reported: Signals { gpu_utilization: Some(0.0), gpu_memory_used_bytes: Some(21110128640), active_service_count: Some(1), kv_cache_hit_rate: None, tokens_per_joule: Some(0.0) }
[2m2026-07-23T18:47:47.782844Z[0m [32m INFO[0m [2mreporter[0m[2m:[0m reported: Signals { gpu_utilization: Some(0.0), gpu_memory_used_bytes: Some(21110128640), active_service_count: Some(1), kv_cache_hit_rate: None, tokens_per_joule: Some(0.0) }
[2m2026-07-23T18:48:02.801603Z[0m [32m INFO[0m [2mreporter[0m[2m:[0m reported: Signals { gpu_utilization: Some(0.0), gpu_memory_used_bytes: Some(21110128640), active_service_count: Some(1), kv_cache_hit_rate: None, tokens_per_joule: Some(0.0) }
[2m2026-07-23T18:48:17.820215Z[0m [32m INFO[0m [2mreporter[0m[2m:[0m reported: Signals { gpu_utilization: Some(0.0), gpu_memory_used_bytes: Some(21110128640), active_service_count: Some(1), kv_cache_hit_rate: None, tokens_per_joule: Some(0.0) }
[2m2026-07-23T18:48:32.837896Z[0m [32m INFO[0m [2mreporter[0m[2m:[0m reported: Signals { gpu_utilization: Some(0.0), gpu_memory_used_bytes: Some(21110128640), active_service_count: Some(1), kv_cache_hit_rate: None, tokens_per_joule: Some(0.0) }
[2m2026-07-23T18:48:47.854925Z[0m [32m INFO[0m [2mreporter[0m[2m:[0m reported: Signals { gpu_utilization: Some(0.0), gpu_memory_used_bytes: Some(21110128640), active_service_count: Some(1), kv_cache_hit_rate: None, tokens_per_joule: Some(0.0) }
[2m2026-07-23T18:49:02.873839Z[0m [32m INFO[0m [2mreporter[0m[2m:[0m reported: Signals { gpu_utilization: Some(0.0), gpu_memory_used_bytes: Some(21110128640), active_service_count: Some(1), kv_cache_hit_rate: None, tokens_per_joule: Some(0.0) }
[2m2026-07-23T18:49:17.892617Z[0m [32m INFO[0m [2mreporter[0m[2m:[0m reported: Signals { gpu_utilization: Some(0.0), gpu_memory_used_bytes: Some(21110128640), active_service_count: Some(1), kv_cache_hit_rate: None, tokens_per_joule: Some(0.0) }
[2m2026-07-23T18:49:32.911117Z[0m [32m INFO[0m [2mreporter[0m[2m:[0m reported: Signals { gpu_utilization: Some(0.0), gpu_memory_used_bytes: Some(21110128640), active_service_count: Some(1), kv_cache_hit_rate: None, tokens_per_joule: Some(0.0) }
[2m2026-07-23T18:49:47.931058Z[0m [32m INFO[0m [2mreporter[0m[2m:[0m reported: Signals { gpu_utilization: Some(0.0), gpu_memory_used_bytes: Some(21110128640), active_service_count: Some(1), kv_cache_hit_rate: None, tokens_per_joule: Some(0.0) }
[2m2026-07-23T18:50:02.948601Z[0m [32m INFO[0m [2mreporter[0m[2m:[0m reported: Signals { gpu_utilization: Some(0.0), gpu_memory_used_bytes: Some(21110128640), active_service_count: Some(1), kv_cache_hit_rate: None, tokens_per_joule: Some(0.0) }
[2m2026-07-23T18:50:17.967485Z[0m [32m INFO[0m [2mreporter[0m[2m:[0m reported: Signals { gpu_utilization: Some(0.0), gpu_memory_used_bytes: Some(21110128640), active_service_count: Some(1), kv_cache_hit_rate: None, tokens_per_joule: Some(0.0) }
[2m2026-07-23T18:50:32.974825Z[0m [33m WARN[0m [2mreporter[0m[2m:[0m scrape 'http://vllm-c-np.default.svc.cluster.local:8000/metrics': request failed: error sending request for url (http://vllm-c-np.default.svc.cluster.local:8000/metrics)
[2m2026-07-23T18:50:32.982286Z[0m [32m INFO[0m [2mreporter[0m[2m:[0m reported: Signals { gpu_utilization: Some(0.0), gpu_memory_used_bytes: Some(0), active_service_count: Some(0), kv_cache_hit_rate: None, tokens_per_joule: None }
[2m2026-07-23T18:50:47.989570Z[0m [33m WARN[0m [2mreporter[0m[2m:[0m scrape 'http://vllm-c-np.default.svc.cluster.local:8000/metrics': request failed: error sending request for url (http://vllm-c-np.default.svc.cluster.local:8000/metrics)
[2m2026-07-23T18:50:47.997528Z[0m [32m INFO[0m [2mreporter[0m[2m:[0m reported: Signals { gpu_utilization: Some(0.0), gpu_memory_used_bytes: Some(3014656), active_service_count: Some(0), kv_cache_hit_rate: None, tokens_per_joule: None }
[2m2026-07-23T18:51:03.004608Z[0m [33m WARN[0m [2mreporter[0m[2m:[0m scrape 'http://vllm-c-np.default.svc.cluster.local:8000/metrics': request failed: error sending request for url (http://vllm-c-np.default.svc.cluster.local:8000/metrics)
[2m2026-07-23T18:51:03.012994Z[0m [32m INFO[0m [2mreporter[0m[2m:[0m reported: Signals { gpu_utilization: Some(30.0), gpu_memory_used_bytes: Some(15739322368), active_service_count: Some(0), kv_cache_hit_rate: None, tokens_per_joule: None }
[2m2026-07-23T18:51:18.020569Z[0m [33m WARN[0m [2mreporter[0m[2m:[0m scrape 'http://vllm-c-np.default.svc.cluster.local:8000/metrics': request failed: error sending request for url (http://vllm-c-np.default.svc.cluster.local:8000/metrics)
[2m2026-07-23T18:51:18.026450Z[0m [32m INFO[0m [2mreporter[0m[2m:[0m reported: Signals { gpu_utilization: Some(0.0), gpu_memory_used_bytes: Some(16829841408), active_service_count: Some(0), kv_cache_hit_rate: None, tokens_per_joule: None }
[2m2026-07-23T18:51:33.033947Z[0m [33m WARN[0m [2mreporter[0m[2m:[0m scrape 'http://vllm-c-np.default.svc.cluster.local:8000/metrics': request failed: error sending request for url (http://vllm-c-np.default.svc.cluster.local:8000/metrics)
[2m2026-07-23T18:51:33.043250Z[0m [32m INFO[0m [2mreporter[0m[2m:[0m reported: Signals { gpu_utilization: Some(61.0), gpu_memory_used_bytes: Some(21110128640), active_service_count: Some(0), kv_cache_hit_rate: None, tokens_per_joule: None }
[2m2026-07-23T18:51:48.098216Z[0m [32m INFO[0m [2mreporter[0m[2m:[0m reported: Signals { gpu_utilization: Some(0.0), gpu_memory_used_bytes: Some(21110128640), active_service_count: Some(1), kv_cache_hit_rate: None, tokens_per_joule: Some(0.0) }
[2m2026-07-23T18:52:03.116748Z[0m [32m INFO[0m [2mreporter[0m[2m:[0m reported: Signals { gpu_utilization: Some(0.0), gpu_memory_used_bytes: Some(21110128640), active_service_count: Some(1), kv_cache_hit_rate: None, tokens_per_joule: Some(0.0) }
[2m2026-07-23T18:52:18.135922Z[0m [32m INFO[0m [2mreporter[0m[2m:[0m reported: Signals { gpu_utilization: Some(0.0), gpu_memory_used_bytes: Some(21110128640), active_service_count: Some(1), kv_cache_hit_rate: None, tokens_per_joule: Some(0.0) }
[2m2026-07-23T18:52:33.153811Z[0m [32m INFO[0m [2mreporter[0m[2m:[0m reported: Signals { gpu_utilization: Some(0.0), gpu_memory_used_bytes: Some(21110128640), active_service_count: Some(1), kv_cache_hit_rate: None, tokens_per_joule: Some(0.0) }
[2m2026-07-23T18:52:48.172621Z[0m [32m INFO[0m [2mreporter[0m[2m:[0m reported: Signals { gpu_utilization: Some(0.0), gpu_memory_used_bytes: Some(21110128640), active_service_count: Some(1), kv_cache_hit_rate: None, tokens_per_joule: Some(0.0) }
[2m2026-07-23T18:53:03.191496Z[0m [32m INFO[0m [2mreporter[0m[2m:[0m reported: Signals { gpu_utilization: Some(0.0), gpu_memory_used_bytes: Some(21110128640), active_service_count: Some(1), kv_cache_hit_rate: None, tokens_per_joule: Some(0.0) }
[2m2026-07-23T18:53:18.209086Z[0m [32m INFO[0m [2mreporter[0m[2m:[0m reported: Signals { gpu_utilization: Some(0.0), gpu_memory_used_bytes: Some(21110128640), active_service_count: Some(1), kv_cache_hit_rate: None, tokens_per_joule: Some(0.0) }
[2m2026-07-23T18:53:33.227620Z[0m [32m INFO[0m [2mreporter[0m[2m:[0m reported: Signals { gpu_utilization: Some(0.0), gpu_memory_used_bytes: Some(21110128640), active_service_count: Some(1), kv_cache_hit_rate: None, tokens_per_joule: Some(0.0) }
[2m2026-07-23T18:53:48.247356Z[0m [32m INFO[0m [2mreporter[0m[2m:[0m reported: Signals { gpu_utilization: Some(0.0), gpu_memory_used_bytes: Some(21110128640), active_service_count: Some(1), kv_cache_hit_rate: None, tokens_per_joule: Some(0.0) }
[2m2026-07-23T18:54:03.266988Z[0m [32m INFO[0m [2mreporter[0m[2m:[0m reported: Signals { gpu_utilization: Some(0.0), gpu_memory_used_bytes: Some(21110128640), active_service_count: Some(1), kv_cache_hit_rate: None, tokens_per_joule: Some(0.0) }
[2m2026-07-23T18:54:18.284109Z[0m [32m INFO[0m [2mreporter[0m[2m:[0m reported: Signals { gpu_utilization: Some(0.0), gpu_memory_used_bytes: Some(21110128640), active_service_count: Some(1), kv_cache_hit_rate: None, tokens_per_joule: Some(0.0) }
[2m2026-07-23T18:54:33.302816Z[0m [32m INFO[0m [2mreporter[0m[2m:[0m reported: Signals { gpu_utilization: Some(0.0), gpu_memory_used_bytes: Some(21110128640), active_service_count: Some(1), kv_cache_hit_rate: None, tokens_per_joule: Some(0.0) }
[2m2026-07-23T18:54:48.320335Z[0m [32m INFO[0m [2mreporter[0m[2m:[0m reported: Signals { gpu_utilization: Some(0.0), gpu_memory_used_bytes: Some(21110128640), active_service_count: Some(1), kv_cache_hit_rate: None, tokens_per_joule: Some(0.0) }
[2m2026-07-23T18:55:03.338618Z[0m [32m INFO[0m [2mreporter[0m[2m:[0m reported: Signals { gpu_utilization: Some(0.0), gpu_memory_used_bytes: Some(21110128640), active_service_count: Some(1), kv_cache_hit_rate: None, tokens_per_joule: Some(0.0) }
[2m2026-07-23T18:55:18.357115Z[0m [32m INFO[0m [2mreporter[0m[2m:[0m reported: Signals { gpu_utilization: Some(0.0), gpu_memory_used_bytes: Some(21110128640), active_service_count: Some(1), kv_cache_hit_rate: None, tokens_per_joule: Some(0.0) }
[2m2026-07-23T18:55:33.374855Z[0m [32m INFO[0m [2mreporter[0m[2m:[0m reported: Signals { gpu_utilization: Some(0.0), gpu_memory_used_bytes: Some(21110128640), active_service_count: Some(1), kv_cache_hit_rate: None, tokens_per_joule: Some(0.0) }
[2m2026-07-23T18:55:48.393334Z[0m [32m INFO[0m [2mreporter[0m[2m:[0m reported: Signals { gpu_utilization: Some(0.0), gpu_memory_used_bytes: Some(21110128640), active_service_count: Some(1), kv_cache_hit_rate: None, tokens_per_joule: Some(0.0) }
[2m2026-07-23T18:56:03.413290Z[0m [32m INFO[0m [2mreporter[0m[2m:[0m reported: Signals { gpu_utilization: Some(0.0), gpu_memory_used_bytes: Some(21110128640), active_service_count: Some(1), kv_cache_hit_rate: None, tokens_per_joule: Some(0.0) }
[2m2026-07-23T18:56:18.432166Z[0m [32m INFO[0m [2mreporter[0m[2m:[0m reported: Signals { gpu_utilization: Some(0.0), gpu_memory_used_bytes: Some(21110128640), active_service_count: Some(1), kv_cache_hit_rate: None, tokens_per_joule: Some(0.0) }
[2m2026-07-23T18:56:33.450101Z[0m [32m INFO[0m [2mreporter[0m[2m:[0m reported: Signals { gpu_utilization: Some(0.0), gpu_memory_used_bytes: Some(21110128640), active_service_count: Some(1), kv_cache_hit_rate: None, tokens_per_joule: Some(0.0) }
[2m2026-07-23T18:56:48.467747Z[0m [32m INFO[0m [2mreporter[0m[2m:[0m reported: Signals { gpu_utilization: Some(0.0), gpu_memory_used_bytes: Some(21110128640), active_service_count: Some(1), kv_cache_hit_rate: None, tokens_per_joule: Some(0.0) }
[2m2026-07-23T18:57:03.487220Z[0m [32m INFO[0m [2mreporter[0m[2m:[0m reported: Signals { gpu_utilization: Some(0.0), gpu_memory_used_bytes: Some(21110128640), active_service_count: Some(1), kv_cache_hit_rate: None, tokens_per_joule: Some(0.0) }
[2m2026-07-23T18:57:18.507766Z[0m [32m INFO[0m [2mreporter[0m[2m:[0m reported: Signals { gpu_utilization: Some(0.0), gpu_memory_used_bytes: Some(21110128640), active_service_count: Some(1), kv_cache_hit_rate: None, tokens_per_joule: Some(0.0) }
[2m2026-07-23T18:57:33.525776Z[0m [32m INFO[0m [2mreporter[0m[2m:[0m reported: Signals { gpu_utilization: Some(0.0), gpu_memory_used_bytes: Some(21110128640), active_service_count: Some(1), kv_cache_hit_rate: None, tokens_per_joule: Some(0.0) }
[2m2026-07-23T18:57:48.545155Z[0m [32m INFO[0m [2mreporter[0m[2m:[0m reported: Signals { gpu_utilization: Some(0.0), gpu_memory_used_bytes: Some(21110128640), active_service_count: Some(1), kv_cache_hit_rate: None, tokens_per_joule: Some(0.0) }
[2m2026-07-23T18:58:03.565287Z[0m [32m INFO[0m [2mreporter[0m[2m:[0m reported: Signals { gpu_utilization: Some(0.0), gpu_memory_used_bytes: Some(21110128640), active_service_count: Some(1), kv_cache_hit_rate: None, tokens_per_joule: Some(0.0) }
[2m2026-07-23T18:58:18.584365Z[0m [32m INFO[0m [2mreporter[0m[2m:[0m reported: Signals { gpu_utilization: Some(0.0), gpu_memory_used_bytes: Some(21110128640), active_service_count: Some(1), kv_cache_hit_rate: None, tokens_per_joule: Some(0.0) }
[2m2026-07-23T18:58:33.603196Z[0m [32m INFO[0m [2mreporter[0m[2m:[0m reported: Signals { gpu_utilization: Some(0.0), gpu_memory_used_bytes: Some(21110128640), active_service_count: Some(1), kv_cache_hit_rate: None, tokens_per_joule: Some(0.0) }
[2m2026-07-23T18:58:48.621429Z[0m [32m INFO[0m [2mreporter[0m[2m:[0m reported: Signals { gpu_utilization: Some(0.0), gpu_memory_used_bytes: Some(21110128640), active_service_count: Some(1), kv_cache_hit_rate: None, tokens_per_joule: Some(0.0) }
[2m2026-07-23T18:59:03.640360Z[0m [32m INFO[0m [2mreporter[0m[2m:[0m reported: Signals { gpu_utilization: Some(0.0), gpu_memory_used_bytes: Some(21110128640), active_service_count: Some(1), kv_cache_hit_rate: None, tokens_per_joule: Some(0.0) }
[2m2026-07-23T18:59:18.659992Z[0m [32m INFO[0m [2mreporter[0m[2m:[0m reported: Signals { gpu_utilization: Some(0.0), gpu_memory_used_bytes: Some(21110128640), active_service_count: Some(1), kv_cache_hit_rate: None, tokens_per_joule: Some(0.0) }
[2m2026-07-23T18:59:33.667231Z[0m [33m WARN[0m [2mreporter[0m[2m:[0m scrape 'http://vllm-c-np.default.svc.cluster.local:8000/metrics': request failed: error sending request for url (http://vllm-c-np.default.svc.cluster.local:8000/metrics)
[2m2026-07-23T18:59:33.674624Z[0m [32m INFO[0m [2mreporter[0m[2m:[0m reported: Signals { gpu_utilization: Some(0.0), gpu_memory_used_bytes: Some(0), active_service_count: Some(0), kv_cache_hit_rate: None, tokens_per_joule: None }
[2m2026-07-23T18:59:48.682287Z[0m [33m WARN[0m [2mreporter[0m[2m:[0m scrape 'http://vllm-c-np.default.svc.cluster.local:8000/metrics': request failed: error sending request for url (http://vllm-c-np.default.svc.cluster.local:8000/metrics)
[2m2026-07-23T18:59:48.694529Z[0m [32m INFO[0m [2mreporter[0m[2m:[0m reported: Signals { gpu_utilization: Some(0.0), gpu_memory_used_bytes: Some(3014656), active_service_count: Some(0), kv_cache_hit_rate: None, tokens_per_joule: None }
[2m2026-07-23T19:00:03.701482Z[0m [33m WARN[0m [2mreporter[0m[2m:[0m scrape 'http://vllm-c-np.default.svc.cluster.local:8000/metrics': request failed: error sending request for url (http://vllm-c-np.default.svc.cluster.local:8000/metrics)
[2m2026-07-23T19:00:03.707727Z[0m [32m INFO[0m [2mreporter[0m[2m:[0m reported: Signals { gpu_utilization: Some(0.0), gpu_memory_used_bytes: Some(15680602112), active_service_count: Some(0), kv_cache_hit_rate: None, tokens_per_joule: None }
[2m2026-07-23T19:00:18.715222Z[0m [33m WARN[0m [2mreporter[0m[2m:[0m scrape 'http://vllm-c-np.default.svc.cluster.local:8000/metrics': request failed: error sending request for url (http://vllm-c-np.default.svc.cluster.local:8000/metrics)
[2m2026-07-23T19:00:18.722978Z[0m [32m INFO[0m [2mreporter[0m[2m:[0m reported: Signals { gpu_utilization: Some(0.0), gpu_memory_used_bytes: Some(16829841408), active_service_count: Some(0), kv_cache_hit_rate: None, tokens_per_joule: None }
[2m2026-07-23T19:00:33.730717Z[0m [33m WARN[0m [2mreporter[0m[2m:[0m scrape 'http://vllm-c-np.default.svc.cluster.local:8000/metrics': request failed: error sending request for url (http://vllm-c-np.default.svc.cluster.local:8000/metrics)
[2m2026-07-23T19:00:33.736729Z[0m [32m INFO[0m [2mreporter[0m[2m:[0m reported: Signals { gpu_utilization: Some(0.0), gpu_memory_used_bytes: Some(21110128640), active_service_count: Some(0), kv_cache_hit_rate: None, tokens_per_joule: None }
[2m2026-07-23T19:00:48.788229Z[0m [32m INFO[0m [2mreporter[0m[2m:[0m reported: Signals { gpu_utilization: Some(0.0), gpu_memory_used_bytes: Some(21110128640), active_service_count: Some(1), kv_cache_hit_rate: None, tokens_per_joule: Some(0.0) }
[2m2026-07-23T19:01:03.807785Z[0m [32m INFO[0m [2mreporter[0m[2m:[0m reported: Signals { gpu_utilization: Some(0.0), gpu_memory_used_bytes: Some(21110128640), active_service_count: Some(1), kv_cache_hit_rate: None, tokens_per_joule: Some(0.0) }
[2m2026-07-23T19:01:18.825868Z[0m [32m INFO[0m [2mreporter[0m[2m:[0m reported: Signals { gpu_utilization: Some(0.0), gpu_memory_used_bytes: Some(21110128640), active_service_count: Some(1), kv_cache_hit_rate: None, tokens_per_joule: Some(0.0) }
[2m2026-07-23T19:01:33.844811Z[0m [32m INFO[0m [2mreporter[0m[2m:[0m reported: Signals { gpu_utilization: Some(0.0), gpu_memory_used_bytes: Some(21110128640), active_service_count: Some(1), kv_cache_hit_rate: None, tokens_per_joule: Some(0.0) }
[2m2026-07-23T19:01:48.863006Z[0m [32m INFO[0m [2mreporter[0m[2m:[0m reported: Signals { gpu_utilization: Some(0.0), gpu_memory_used_bytes: Some(21110128640), active_service_count: Some(1), kv_cache_hit_rate: None, tokens_per_joule: Some(0.0) }
[2m2026-07-23T19:02:03.880957Z[0m [32m INFO[0m [2mreporter[0m[2m:[0m reported: Signals { gpu_utilization: Some(0.0), gpu_memory_used_bytes: Some(21110128640), active_service_count: Some(1), kv_cache_hit_rate: None, tokens_per_joule: Some(0.0) }
[2m2026-07-23T19:02:18.899642Z[0m [32m INFO[0m [2mreporter[0m[2m:[0m reported: Signals { gpu_utilization: Some(0.0), gpu_memory_used_bytes: Some(21110128640), active_service_count: Some(1), kv_cache_hit_rate: None, tokens_per_joule: Some(0.0) }
[2m2026-07-23T19:02:33.918479Z[0m [32m INFO[0m [2mreporter[0m[2m:[0m reported: Signals { gpu_utilization: Some(0.0), gpu_memory_used_bytes: Some(21110128640), active_service_count: Some(1), kv_cache_hit_rate: None, tokens_per_joule: Some(0.0) }
[2m2026-07-23T19:02:48.936406Z[0m [32m INFO[0m [2mreporter[0m[2m:[0m reported: Signals { gpu_utilization: Some(0.0), gpu_memory_used_bytes: Some(21110128640), active_service_count: Some(1), kv_cache_hit_rate: None, tokens_per_joule: Some(0.0) }
[2m2026-07-23T19:03:03.955980Z[0m [32m INFO[0m [2mreporter[0m[2m:[0m reported: Signals { gpu_utilization: Some(0.0), gpu_memory_used_bytes: Some(21110128640), active_service_count: Some(1), kv_cache_hit_rate: None, tokens_per_joule: Some(0.0) }
[2m2026-07-23T19:03:18.974242Z[0m [32m INFO[0m [2mreporter[0m[2m:[0m reported: Signals { gpu_utilization: Some(0.0), gpu_memory_used_bytes: Some(21110128640), active_service_count: Some(1), kv_cache_hit_rate: None, tokens_per_joule: Some(0.0) }
[2m2026-07-23T19:03:33.994154Z[0m [32m INFO[0m [2mreporter[0m[2m:[0m reported: Signals { gpu_utilization: Some(0.0), gpu_memory_used_bytes: Some(21110128640), active_service_count: Some(1), kv_cache_hit_rate: None, tokens_per_joule: Some(0.0) }
[2m2026-07-23T19:03:49.012678Z[0m [32m INFO[0m [2mreporter[0m[2m:[0m reported: Signals { gpu_utilization: Some(0.0), gpu_memory_used_bytes: Some(21110128640), active_service_count: Some(1), kv_cache_hit_rate: None, tokens_per_joule: Some(0.0) }
[2m2026-07-23T19:04:04.035275Z[0m [32m INFO[0m [2mreporter[0m[2m:[0m reported: Signals { gpu_utilization: Some(0.0), gpu_memory_used_bytes: Some(21110128640), active_service_count: Some(1), kv_cache_hit_rate: None, tokens_per_joule: Some(0.0) }
[2m2026-07-23T19:04:19.053025Z[0m [32m INFO[0m [2mreporter[0m[2m:[0m reported: Signals { gpu_utilization: Some(0.0), gpu_memory_used_bytes: Some(21110128640), active_service_count: Some(1), kv_cache_hit_rate: None, tokens_per_joule: Some(0.0) }
[2m2026-07-23T19:04:34.072445Z[0m [32m INFO[0m [2mreporter[0m[2m:[0m reported: Signals { gpu_utilization: Some(0.0), gpu_memory_used_bytes: Some(21110128640), active_service_count: Some(1), kv_cache_hit_rate: None, tokens_per_joule: Some(0.0) }
[2m2026-07-23T19:04:49.091846Z[0m [32m INFO[0m [2mreporter[0m[2m:[0m reported: Signals { gpu_utilization: Some(0.0), gpu_memory_used_bytes: Some(21110128640), active_service_count: Some(1), kv_cache_hit_rate: None, tokens_per_joule: Some(0.0) }
[2m2026-07-23T19:05:04.110733Z[0m [32m INFO[0m [2mreporter[0m[2m:[0m reported: Signals { gpu_utilization: Some(0.0), gpu_memory_used_bytes: Some(21110128640), active_service_count: Some(1), kv_cache_hit_rate: None, tokens_per_joule: Some(0.0) }
[2m2026-07-23T19:05:19.130800Z[0m [32m INFO[0m [2mreporter[0m[2m:[0m reported: Signals { gpu_utilization: Some(0.0), gpu_memory_used_bytes: Some(21110128640), active_service_count: Some(1), kv_cache_hit_rate: None, tokens_per_joule: Some(0.0) }
[2m2026-07-23T19:05:34.151656Z[0m [32m INFO[0m [2mreporter[0m[2m:[0m reported: Signals { gpu_utilization: Some(0.0), gpu_memory_used_bytes: Some(21110128640), active_service_count: Some(1), kv_cache_hit_rate: None, tokens_per_joule: Some(0.0) }
[2m2026-07-23T19:05:49.169129Z[0m [32m INFO[0m [2mreporter[0m[2m:[0m reported: Signals { gpu_utilization: Some(0.0), gpu_memory_used_bytes: Some(21110128640), active_service_count: Some(1), kv_cache_hit_rate: None, tokens_per_joule: Some(0.0) }
[2m2026-07-23T19:06:04.188670Z[0m [32m INFO[0m [2mreporter[0m[2m:[0m reported: Signals { gpu_utilization: Some(0.0), gpu_memory_used_bytes: Some(21110128640), active_service_count: Some(1), kv_cache_hit_rate: None, tokens_per_joule: Some(0.0) }
[2m2026-07-23T19:06:19.207426Z[0m [32m INFO[0m [2mreporter[0m[2m:[0m reported: Signals { gpu_utilization: Some(0.0), gpu_memory_used_bytes: Some(21110128640), active_service_count: Some(1), kv_cache_hit_rate: None, tokens_per_joule: Some(0.0) }
[2m2026-07-23T19:06:34.226646Z[0m [32m INFO[0m [2mreporter[0m[2m:[0m reported: Signals { gpu_utilization: Some(0.0), gpu_memory_used_bytes: Some(21110128640), active_service_count: Some(1), kv_cache_hit_rate: None, tokens_per_joule: Some(0.0) }
[2m2026-07-23T19:06:49.245804Z[0m [32m INFO[0m [2mreporter[0m[2m:[0m reported: Signals { gpu_utilization: Some(0.0), gpu_memory_used_bytes: Some(21110128640), active_service_count: Some(1), kv_cache_hit_rate: None, tokens_per_joule: Some(0.0) }
[2m2026-07-23T19:07:04.265237Z[0m [32m INFO[0m [2mreporter[0m[2m:[0m reported: Signals { gpu_utilization: Some(0.0), gpu_memory_used_bytes: Some(21110128640), active_service_count: Some(1), kv_cache_hit_rate: None, tokens_per_joule: Some(0.0) }
[2m2026-07-23T19:07:19.284995Z[0m [32m INFO[0m [2mreporter[0m[2m:[0m reported: Signals { gpu_utilization: Some(0.0), gpu_memory_used_bytes: Some(21110128640), active_service_count: Some(1), kv_cache_hit_rate: None, tokens_per_joule: Some(0.0) }
[2m2026-07-23T19:07:34.303370Z[0m [32m INFO[0m [2mreporter[0m[2m:[0m reported: Signals { gpu_utilization: Some(0.0), gpu_memory_used_bytes: Some(21110128640), active_service_count: Some(1), kv_cache_hit_rate: None, tokens_per_joule: Some(0.0) }
[2m2026-07-23T19:07:49.321873Z[0m [32m INFO[0m [2mreporter[0m[2m:[0m reported: Signals { gpu_utilization: Some(0.0), gpu_memory_used_bytes: Some(21110128640), active_service_count: Some(1), kv_cache_hit_rate: None, tokens_per_joule: Some(0.0) }
[2m2026-07-23T19:08:04.340093Z[0m [32m INFO[0m [2mreporter[0m[2m:[0m reported: Signals { gpu_utilization: Some(0.0), gpu_memory_used_bytes: Some(21110128640), active_service_count: Some(1), kv_cache_hit_rate: None, tokens_per_joule: Some(0.0) }
[2m2026-07-23T19:08:19.358861Z[0m [32m INFO[0m [2mreporter[0m[2m:[0m reported: Signals { gpu_utilization: Some(0.0), gpu_memory_used_bytes: Some(21110128640), active_service_count: Some(1), kv_cache_hit_rate: None, tokens_per_joule: Some(0.0) }
[2m2026-07-23T19:08:34.366755Z[0m [33m WARN[0m [2mreporter[0m[2m:[0m scrape 'http://vllm-c-np.default.svc.cluster.local:8000/metrics': request failed: error sending request for url (http://vllm-c-np.default.svc.cluster.local:8000/metrics)
[2m2026-07-23T19:08:34.374483Z[0m [32m INFO[0m [2mreporter[0m[2m:[0m reported: Signals { gpu_utilization: Some(0.0), gpu_memory_used_bytes: Some(0), active_service_count: Some(0), kv_cache_hit_rate: None, tokens_per_joule: None }
[2m2026-07-23T19:08:49.381438Z[0m [33m WARN[0m [2mreporter[0m[2m:[0m scrape 'http://vllm-c-np.default.svc.cluster.local:8000/metrics': request failed: error sending request for url (http://vllm-c-np.default.svc.cluster.local:8000/metrics)
[2m2026-07-23T19:08:49.388896Z[0m [32m INFO[0m [2mreporter[0m[2m:[0m reported: Signals { gpu_utilization: Some(0.0), gpu_memory_used_bytes: Some(0), active_service_count: Some(0), kv_cache_hit_rate: None, tokens_per_joule: None }
[2m2026-07-23T19:09:04.396125Z[0m [33m WARN[0m [2mreporter[0m[2m:[0m scrape 'http://vllm-c-np.default.svc.cluster.local:8000/metrics': request failed: error sending request for url (http://vllm-c-np.default.svc.cluster.local:8000/metrics)
[2m2026-07-23T19:09:04.403994Z[0m [32m INFO[0m [2mreporter[0m[2m:[0m reported: Signals { gpu_utilization: Some(0.0), gpu_memory_used_bytes: Some(15680602112), active_service_count: Some(0), kv_cache_hit_rate: None, tokens_per_joule: None }
[2m2026-07-23T19:09:19.410740Z[0m [33m WARN[0m [2mreporter[0m[2m:[0m scrape 'http://vllm-c-np.default.svc.cluster.local:8000/metrics': request failed: error sending request for url (http://vllm-c-np.default.svc.cluster.local:8000/metrics)
[2m2026-07-23T19:09:19.420403Z[0m [32m INFO[0m [2mreporter[0m[2m:[0m reported: Signals { gpu_utilization: Some(98.0), gpu_memory_used_bytes: Some(16829841408), active_service_count: Some(0), kv_cache_hit_rate: None, tokens_per_joule: None }
[2m2026-07-23T19:09:34.427666Z[0m [33m WARN[0m [2mreporter[0m[2m:[0m scrape 'http://vllm-c-np.default.svc.cluster.local:8000/metrics': request failed: error sending request for url (http://vllm-c-np.default.svc.cluster.local:8000/metrics)
[2m2026-07-23T19:09:34.439022Z[0m [32m INFO[0m [2mreporter[0m[2m:[0m reported: Signals { gpu_utilization: Some(0.0), gpu_memory_used_bytes: Some(21110128640), active_service_count: Some(0), kv_cache_hit_rate: None, tokens_per_joule: None }
[2m2026-07-23T19:09:49.477199Z[0m [32m INFO[0m [2mreporter[0m[2m:[0m reported: Signals { gpu_utilization: Some(0.0), gpu_memory_used_bytes: Some(21110128640), active_service_count: Some(1), kv_cache_hit_rate: None, tokens_per_joule: Some(0.0) }
[2m2026-07-23T19:10:04.495503Z[0m [32m INFO[0m [2mreporter[0m[2m:[0m reported: Signals { gpu_utilization: Some(0.0), gpu_memory_used_bytes: Some(21110128640), active_service_count: Some(1), kv_cache_hit_rate: None, tokens_per_joule: Some(0.0) }
[2m2026-07-23T19:10:19.513938Z[0m [32m INFO[0m [2mreporter[0m[2m:[0m reported: Signals { gpu_utilization: Some(0.0), gpu_memory_used_bytes: Some(21110128640), active_service_count: Some(1), kv_cache_hit_rate: None, tokens_per_joule: Some(0.0) }
[2m2026-07-23T19:10:34.531896Z[0m [32m INFO[0m [2mreporter[0m[2m:[0m reported: Signals { gpu_utilization: Some(0.0), gpu_memory_used_bytes: Some(21110128640), active_service_count: Some(1), kv_cache_hit_rate: None, tokens_per_joule: Some(0.0) }
[2m2026-07-23T19:10:49.549763Z[0m [32m INFO[0m [2mreporter[0m[2m:[0m reported: Signals { gpu_utilization: Some(0.0), gpu_memory_used_bytes: Some(21110128640), active_service_count: Some(1), kv_cache_hit_rate: None, tokens_per_joule: Some(0.0) }
[2m2026-07-23T19:11:04.571621Z[0m [32m INFO[0m [2mreporter[0m[2m:[0m reported: Signals { gpu_utilization: Some(0.0), gpu_memory_used_bytes: Some(21110128640), active_service_count: Some(1), kv_cache_hit_rate: None, tokens_per_joule: Some(0.0) }
[2m2026-07-23T19:11:19.590633Z[0m [32m INFO[0m [2mreporter[0m[2m:[0m reported: Signals { gpu_utilization: Some(0.0), gpu_memory_used_bytes: Some(21110128640), active_service_count: Some(1), kv_cache_hit_rate: None, tokens_per_joule: Some(0.0) }
[2m2026-07-23T19:11:34.610250Z[0m [32m INFO[0m [2mreporter[0m[2m:[0m reported: Signals { gpu_utilization: Some(0.0), gpu_memory_used_bytes: Some(21110128640), active_service_count: Some(1), kv_cache_hit_rate: None, tokens_per_joule: Some(0.0) }
[2m2026-07-23T19:11:49.630210Z[0m [32m INFO[0m [2mreporter[0m[2m:[0m reported: Signals { gpu_utilization: Some(0.0), gpu_memory_used_bytes: Some(21110128640), active_service_count: Some(1), kv_cache_hit_rate: None, tokens_per_joule: Some(0.0) }
[2m2026-07-23T19:12:04.650643Z[0m [32m INFO[0m [2mreporter[0m[2m:[0m reported: Signals { gpu_utilization: Some(0.0), gpu_memory_used_bytes: Some(21110128640), active_service_count: Some(1), kv_cache_hit_rate: None, tokens_per_joule: Some(0.0) }
[2m2026-07-23T19:12:19.670621Z[0m [32m INFO[0m [2mreporter[0m[2m:[0m reported: Signals { gpu_utilization: Some(0.0), gpu_memory_used_bytes: Some(21110128640), active_service_count: Some(1), kv_cache_hit_rate: None, tokens_per_joule: Some(0.0) }
[2m2026-07-23T19:12:34.688186Z[0m [32m INFO[0m [2mreporter[0m[2m:[0m reported: Signals { gpu_utilization: Some(0.0), gpu_memory_used_bytes: Some(21110128640), active_service_count: Some(1), kv_cache_hit_rate: None, tokens_per_joule: Some(0.0) }
[2m2026-07-23T19:12:49.708673Z[0m [32m INFO[0m [2mreporter[0m[2m:[0m reported: Signals { gpu_utilization: Some(0.0), gpu_memory_used_bytes: Some(21110128640), active_service_count: Some(1), kv_cache_hit_rate: None, tokens_per_joule: Some(0.0) }
[2m2026-07-23T19:13:04.733813Z[0m [32m INFO[0m [2mreporter[0m[2m:[0m reported: Signals { gpu_utilization: Some(0.0), gpu_memory_used_bytes: Some(21110128640), active_service_count: Some(1), kv_cache_hit_rate: None, tokens_per_joule: Some(0.0) }
[2m2026-07-23T19:13:19.753098Z[0m [32m INFO[0m [2mreporter[0m[2m:[0m reported: Signals { gpu_utilization: Some(0.0), gpu_memory_used_bytes: Some(21110128640), active_service_count: Some(1), kv_cache_hit_rate: None, tokens_per_joule: Some(0.0) }
[2m2026-07-23T19:13:34.770903Z[0m [32m INFO[0m [2mreporter[0m[2m:[0m reported: Signals { gpu_utilization: Some(0.0), gpu_memory_used_bytes: Some(21110128640), active_service_count: Some(1), kv_cache_hit_rate: None, tokens_per_joule: Some(0.0) }
[2m2026-07-23T19:13:49.791275Z[0m [32m INFO[0m [2mreporter[0m[2m:[0m reported: Signals { gpu_utilization: Some(0.0), gpu_memory_used_bytes: Some(21110128640), active_service_count: Some(1), kv_cache_hit_rate: None, tokens_per_joule: Some(0.0) }
[2m2026-07-23T19:14:04.812304Z[0m [32m INFO[0m [2mreporter[0m[2m:[0m reported: Signals { gpu_utilization: Some(0.0), gpu_memory_used_bytes: Some(21110128640), active_service_count: Some(1), kv_cache_hit_rate: None, tokens_per_joule: Some(0.0) }
[2m2026-07-23T19:14:19.831511Z[0m [32m INFO[0m [2mreporter[0m[2m:[0m reported: Signals { gpu_utilization: Some(0.0), gpu_memory_used_bytes: Some(21110128640), active_service_count: Some(1), kv_cache_hit_rate: None, tokens_per_joule: Some(0.0) }
[2m2026-07-23T19:14:34.849687Z[0m [32m INFO[0m [2mreporter[0m[2m:[0m reported: Signals { gpu_utilization: Some(0.0), gpu_memory_used_bytes: Some(21110128640), active_service_count: Some(1), kv_cache_hit_rate: None, tokens_per_joule: Some(0.0) }
[2m2026-07-23T19:14:49.868714Z[0m [32m INFO[0m [2mreporter[0m[2m:[0m reported: Signals { gpu_utilization: Some(0.0), gpu_memory_used_bytes: Some(21110128640), active_service_count: Some(1), kv_cache_hit_rate: None, tokens_per_joule: Some(0.0) }
